revenue_month,customer_id,product_line,arr,mrr,bookings,expansion_revenue,contraction_revenue,churned_revenue,new_business_revenue,renewal_revenue
2023-01-01,1,Core Platform,82986,6915.5,12132,6868,3658,0,28447,9388
2023-01-01,2,AI Suite,97970,8164.17,36270,13363,1636,0,12260,25897
2023-01-01,3,Security,82285,6857.08,19739,13152,8019,0,14911,195
2023-01-01,4,Analytics,98124,8177.0,47092,16522,7859,0,4613,27328
2023-01-01,5,Core Platform,122645,10220.42,2598,2054,6876,0,23379,23606
2023-01-01,6,AI Suite,85662,7138.5,21854,16304,5757,0,18705,4774
2023-01-01,7,Security,92316,7693.0,34242,9926,5698,0,12594,19751
2023-01-01,8,Enterprise,24073,2006.08,42284,17158,2717,0,20611,35121
2023-01-01,9,Core Platform,121989,10165.75,23686,16913,7,0,8654,38362
2023-01-01,10,Security,144779,12064.92,20441,5903,6476,0,8159,30057
2023-01-01,11,Security,96918,8076.5,30850,1864,288,0,25557,24649
2023-01-01,12,Security,72245,6020.42,28367,6818,6043,0,27918,14141
2023-01-01,13,Core Platform,102856,8571.33,3115,15854,3242,0,2540,36237
2023-01-01,14,AI Suite,53889,4490.75,20043,6416,136,0,1418,12384
2023-01-01,15,Analytics,96741,8061.75,9254,18410,472,0,9337,11900
2023-01-01,16,Security,61210,5100.83,32767,17704,4939,0,8122,26541
2023-01-01,17,Core Platform,65309,5442.42,43762,14632,3920,0,1616,24629
2023-01-01,18,Core Platform,80445,6703.75,40000,1304,9004,0,20636,27741
2023-01-01,19,Analytics,40264,3355.33,17726,15944,620,0,25813,34176
2023-01-01,20,Enterprise,95953,7996.08,2157,13116,7914,0,28419,1756
2023-01-01,21,Security,107066,8922.17,10775,3076,4365,0,11508,27672
2023-01-01,22,Enterprise,36071,3005.92,36666,5,1145,0,270,31109
2023-01-01,23,Analytics,138823,11568.58,45866,7740,2617,0,1632,17875
2023-01-01,24,Enterprise,152431,12702.58,29267,7308,1991,0,13653,14642
2023-01-01,25,AI Suite,145299,12108.25,3077,13082,2283,0,14382,31614
2023-01-01,26,Enterprise,32913,2742.75,48991,16823,2257,0,24530,39290
2023-01-01,27,Analytics,62895,5241.25,24781,19547,4667,0,9175,5524
2023-01-01,28,Core Platform,57317,4776.42,14471,15763,4990,0,3618,1607
2023-01-01,29,Enterprise,79564,6630.33,27045,11830,5104,0,543,20806
2023-01-01,30,AI Suite,77749,6479.08,12305,326,4925,0,27706,35589
2023-01-01,31,AI Suite,76070,6339.17,22311,1451,2276,0,29969,26599
2023-01-01,32,AI Suite,33455,2787.92,26546,17897,6516,0,146,10589
2023-01-01,33,Core Platform,29609,2467.42,12975,5734,6900,0,26835,13705
2023-01-01,34,Security,24050,2004.17,23512,19793,8299,0,22543,32196
2023-01-01,35,Core Platform,92993,7749.42,12581,5484,70,0,20230,314
2023-01-01,36,AI Suite,128536,10711.33,8321,17095,3975,0,1564,23877
2023-01-01,37,Security,124696,10391.33,47354,6755,4406,0,8731,36046
2023-01-01,38,AI Suite,100234,8352.83,48359,15325,9377,0,14997,36372
2023-01-01,39,Security,123015,10251.25,45403,6034,8368,0,23205,10131
2023-01-01,40,Analytics,80813,6734.42,48133,16617,1423,0,15300,10143
2023-01-01,41,Analytics,88608,7384.0,41961,9970,8625,0,6738,39235
2023-01-01,42,Core Platform,115496,9624.67,26548,2802,7859,0,7790,2246
2023-01-01,43,Security,67592,5632.67,5811,18949,9798,0,14441,36324
2023-01-01,44,Core Platform,42882,3573.5,29703,296,7686,0,28149,26311
2023-01-01,45,Core Platform,146816,12234.67,42561,8986,5537,0,22866,26371
2023-01-01,46,AI Suite,28163,2346.92,7971,5279,744,0,25670,33389
2023-01-01,47,Analytics,95405,7950.42,47417,3068,1066,0,18360,33611
2023-01-01,48,Security,35246,2937.17,22985,11378,4918,0,20674,34236
2023-01-01,49,Analytics,77226,6435.5,48281,4474,8027,0,13937,26315
2023-01-01,50,AI Suite,147257,12271.42,10327,3088,3244,0,27960,31100
2023-01-01,51,Security,144805,12067.08,18324,12818,1688,0,6971,3781
2023-01-01,52,Enterprise,149269,12439.08,6993,15213,6006,0,20130,5468
2023-01-01,53,Security,132051,11004.25,16877,16482,4999,0,13921,26495
2023-01-01,54,Enterprise,150735,12561.25,10953,19901,1771,0,20575,35027
2023-01-01,55,Security,153362,12780.17,29436,14987,3309,0,7384,34933
2023-01-01,56,Core Platform,95680,7973.33,24643,11194,6750,0,22939,39048
2023-01-01,57,Enterprise,32441,2703.42,32074,12088,5974,0,27700,39472
2023-01-01,58,Security,28722,2393.5,29698,8885,7505,0,17929,18310
2023-01-01,59,Analytics,100274,8356.17,36014,2773,8636,0,3478,15221
2023-01-01,60,Analytics,22079,1839.92,47158,913,8704,0,17686,23617
2023-01-01,61,Analytics,91283,7606.92,40864,18618,3019,0,26573,37159
2023-01-01,62,Analytics,6498,541.5,24289,1703,6197,0,24329,18560
2023-01-01,63,Core Platform,141875,11822.92,13398,5867,608,0,12927,35126
2023-01-01,64,Analytics,11625,968.75,10585,1888,2005,0,2023,28654
2023-01-01,65,AI Suite,71164,5930.33,25408,9042,9047,0,768,25165
2023-01-01,66,AI Suite,75571,6297.58,48125,5224,861,0,2687,7087
2023-01-01,67,Analytics,31719,2643.25,5329,19251,1167,0,20996,5715
2023-01-01,68,Enterprise,81226,6768.83,34770,9760,9983,0,8799,13773
2023-01-01,69,Analytics,113651,9470.92,18863,5955,1862,0,9426,2136
2023-01-01,70,Security,26608,2217.33,12400,16755,973,0,14375,25846
2023-01-01,71,AI Suite,102124,8510.33,39165,11785,979,0,14211,26924
2023-01-01,72,Analytics,119436,9953.0,11804,15886,3360,0,7923,13451
2023-01-01,73,Core Platform,88752,7396.0,30727,19918,8303,0,19233,32045
2023-01-01,74,Core Platform,55134,4594.5,32742,17361,4263,0,17519,1068
2023-01-01,75,Analytics,91255,7604.58,32941,14904,622,0,20557,11981
2023-01-01,76,Analytics,140296,11691.33,8749,6585,7480,0,2716,4178
2023-01-01,77,Enterprise,97212,8101.0,30250,5892,247,0,1978,10744
2023-01-01,78,Security,117784,9815.33,32764,9061,6776,0,4052,28866
2023-01-01,79,AI Suite,61514,5126.17,29982,2647,6391,0,17367,27303
2023-01-01,80,Analytics,103825,8652.08,32750,6812,9935,0,27155,7183
2023-01-01,81,Security,110766,9230.5,11509,15184,336,0,5380,34364
2023-01-01,82,Analytics,39106,3258.83,30383,18043,995,0,7195,18060
2023-01-01,83,Enterprise,56349,4695.75,29395,6136,299,0,7082,3102
2023-01-01,84,Enterprise,66232,5519.33,25338,4952,1050,0,6334,25882
2023-01-01,85,Analytics,110402,9200.17,3666,2568,1905,0,1883,21389
2023-01-01,86,Analytics,92623,7718.58,45433,13710,108,0,13575,6229
2023-01-01,87,Analytics,93998,7833.17,45641,19145,689,0,22354,35091
2023-01-01,88,AI Suite,131133,10927.75,30985,9432,9027,0,27110,26373
2023-01-01,89,Analytics,26768,2230.67,30087,14196,6567,0,28101,5766
2023-01-01,90,Enterprise,88109,7342.42,39090,19612,7133,0,2622,37661
2023-01-01,91,Security,148238,12353.17,12978,8135,3248,0,18559,30359
2023-01-01,92,Analytics,118998,9916.5,5677,16219,4680,0,28479,22607
2023-01-01,93,Enterprise,16070,1339.17,2123,15528,5307,0,23281,25079
2023-01-01,94,Enterprise,96460,8038.33,18403,2963,9785,0,18651,7455
2023-01-01,95,Security,85110,7092.5,16986,1971,5255,0,27512,23546
2023-01-01,96,Security,97518,8126.5,14857,5271,6614,0,2345,16613
2023-01-01,97,AI Suite,155387,12948.92,43208,18787,2688,0,6908,20444
2023-01-01,98,Analytics,150156,12513.0,22792,13604,7414,0,21353,35349
2023-01-01,99,Core Platform,20050,1670.83,7727,12846,3815,0,5838,7697
2023-01-01,100,AI Suite,51550,4295.83,1797,15243,8336,0,11222,21304
2023-01-01,101,Enterprise,131874,10989.5,45553,13516,9642,0,3996,1889
2023-01-01,102,Enterprise,22938,1911.5,10101,6503,6281,0,13860,8100
2023-01-01,103,Security,32151,2679.25,1020,18713,7849,0,10073,38366
2023-01-01,104,Enterprise,119583,9965.25,9625,13934,6997,0,26194,9131
2023-01-01,105,AI Suite,125422,10451.83,17518,8657,1600,0,14262,26650
2023-01-01,106,Security,67055,5587.92,19924,11341,9064,0,14827,34013
2023-01-01,107,Core Platform,138155,11512.92,20552,9443,9055,0,19428,1780
2023-01-01,108,Enterprise,136657,11388.08,43605,19332,6220,0,14278,37169
2023-01-01,109,Analytics,145360,12113.33,21003,10451,2664,0,14811,39853
2023-01-01,110,Analytics,58853,4904.42,32059,2648,3921,0,27484,8407
2023-01-01,111,Analytics,119948,9995.67,41584,15963,4629,0,5759,32545
2023-01-01,112,Security,17130,1427.5,49907,18744,1614,48935,29332,16546
2023-01-01,113,Enterprise,28780,2398.33,12732,18708,3784,0,16854,34889
2023-01-01,114,Enterprise,136736,11394.67,11824,16374,3155,0,7657,26815
2023-01-01,115,Analytics,115781,9648.42,19669,3960,829,0,1541,3748
2023-01-01,116,AI Suite,95912,7992.67,49286,19718,6636,0,17949,5333
2023-01-01,117,Core Platform,38338,3194.83,3040,4997,8940,0,17123,14599
2023-01-01,118,Security,0,0.0,27357,43,4607,62900,27292,11750
2023-01-01,119,Enterprise,99617,8301.42,8771,9281,7737,0,24464,8788
2023-01-01,120,Core Platform,36726,3060.5,29484,17102,8429,0,18334,24731
2023-01-01,121,AI Suite,148525,12377.08,44496,10694,4974,0,23287,39766
2023-01-01,122,Enterprise,127285,10607.08,41081,5030,2467,0,15531,10317
2023-01-01,123,Core Platform,85891,7157.58,18839,11644,8331,0,19775,5011
2023-01-01,124,Security,46471,3872.58,35776,13023,7208,0,22273,23977
2023-01-01,125,Enterprise,0,0.0,20871,2303,9651,0,7723,9964
2023-01-01,126,Analytics,125478,10456.5,21154,17481,9176,0,8589,15320
2023-01-01,127,AI Suite,137762,11480.17,41866,6746,5958,0,3305,37960
2023-01-01,128,Security,120230,10019.17,20421,6571,5116,0,17655,36073
2023-01-01,129,Security,102560,8546.67,47807,9990,7782,0,10958,25781
2023-01-01,130,Enterprise,45503,3791.92,7965,5274,9123,0,2236,34267
2023-01-01,131,Enterprise,99304,8275.33,35581,11365,1722,0,8886,36128
2023-01-01,132,AI Suite,59441,4953.42,11571,2696,869,0,12596,37711
2023-01-01,133,AI Suite,34542,2878.5,47030,13088,2966,0,11618,6395
2023-01-01,134,AI Suite,49540,4128.33,13355,15783,190,0,9549,19579
2023-01-01,135,AI Suite,94145,7845.42,19918,4165,5753,0,8787,34212
2023-01-01,136,Enterprise,113466,9455.5,25075,6551,4947,0,22916,31104
2023-01-01,137,Analytics,142591,11882.58,8147,877,677,0,28960,19686
2023-01-01,138,Security,61638,5136.5,3176,7401,2666,0,1576,23342
2023-01-01,139,Analytics,24722,2060.17,16841,17006,5280,0,28635,10836
2023-01-01,140,AI Suite,147309,12275.75,24343,7494,2340,0,17643,22763
2023-01-01,141,AI Suite,101689,8474.08,13238,14671,8029,0,16399,7662
2023-01-01,142,Security,123608,10300.67,10377,8110,5348,0,23706,27046
2023-01-01,143,Security,136934,11411.17,47820,14920,248,0,11393,1526
2023-01-01,144,Analytics,47628,3969.0,37891,13221,851,0,23599,16548
2023-01-01,145,Analytics,116692,9724.33,18336,3987,4388,0,22405,38184
2023-01-01,146,Security,62052,5171.0,43569,15704,7321,0,18152,14633
2023-01-01,147,Core Platform,57577,4798.08,35463,19427,6162,0,11161,13953
2023-01-01,148,AI Suite,38366,3197.17,43206,15201,5363,0,12459,28109
2023-01-01,149,Analytics,0,0.0,8142,551,9291,34119,4770,11900
2023-01-01,150,Enterprise,57958,4829.83,40687,566,7685,0,3502,9046
2023-01-01,151,Security,746,62.17,45089,4540,9701,0,4360,26268
2023-01-01,152,Analytics,41965,3497.08,29994,18335,8868,0,12553,38592
2023-01-01,153,Security,20991,1749.25,44408,6027,133,0,24383,19353
2023-01-01,154,AI Suite,23140,1928.33,35737,10517,8633,0,29365,32063
2023-01-01,155,Core Platform,144591,12049.25,1128,19518,6285,0,13806,25823
2023-01-01,156,AI Suite,101797,8483.08,36056,6232,3387,0,10064,20891
2023-01-01,157,Core Platform,31656,2638.0,28033,14635,3756,0,12842,18651
2023-01-01,158,Enterprise,97403,8116.92,2747,17175,9821,0,7048,26399
2023-01-01,159,Core Platform,59422,4951.83,2871,18799,6030,0,22503,10243
2023-01-01,160,Enterprise,10097,841.42,28979,2613,7688,0,6454,39554
2023-01-01,161,AI Suite,64097,5341.42,12739,10778,9534,0,11774,19807
2023-01-01,162,Security,143403,11950.25,47984,10801,4264,0,10878,34490
2023-01-01,163,Security,88801,7400.08,41251,45,5819,0,1561,838
2023-01-01,164,Enterprise,37917,3159.75,28602,173,9742,0,25719,38854
2023-01-01,165,Analytics,57065,4755.42,45068,15178,8731,0,2747,38335
2023-01-01,166,Security,0,0.0,22423,2587,5846,29356,28284,26851
2023-01-01,167,Core Platform,82902,6908.5,1987,6113,7904,0,6772,38916
2023-01-01,168,Security,150746,12562.17,44169,10631,8006,0,17928,22599
2023-01-01,169,Core Platform,49361,4113.42,14138,3368,7776,0,26264,6684
2023-01-01,170,AI Suite,30379,2531.58,31872,10579,74,0,24973,15603
2023-01-01,171,Analytics,133412,11117.67,30336,11838,4546,0,29427,21569
2023-01-01,172,Security,146737,12228.08,42684,5035,4488,0,3051,37984
2023-01-01,173,Analytics,3943,328.58,21925,5130,1187,98728,978,13277
2023-01-01,174,Core Platform,150742,12561.83,16053,14277,8034,0,5175,17106
2023-01-01,175,Analytics,32007,2667.25,40501,7231,2906,0,6864,9010
2023-01-01,176,Analytics,135278,11273.17,22465,1921,4472,0,11419,2614
2023-01-01,177,Core Platform,163119,13593.25,48769,19597,1464,0,1055,7397
2023-01-01,178,Core Platform,48463,4038.58,32301,6948,6577,0,27581,2854
2023-01-01,179,Analytics,73633,6136.08,44391,6357,8313,0,605,34749
2023-01-01,180,AI Suite,138443,11536.92,19414,5048,2564,0,21257,16485
2023-01-01,181,Analytics,85190,7099.17,42639,2290,285,0,6880,20601
2023-01-01,182,AI Suite,135622,11301.83,17433,4355,5347,0,9455,1733
2023-01-01,183,Core Platform,17484,1457.0,19289,5230,9067,0,517,14149
2023-01-01,184,AI Suite,22741,1895.08,33030,18097,9703,0,22801,2681
2023-01-01,185,Security,27176,2264.67,13289,3312,5369,0,21504,8227
2023-01-01,186,Enterprise,45466,3788.83,32363,9622,4608,0,20702,26023
2023-01-01,187,Core Platform,55295,4607.92,31322,13214,5267,0,9444,35406
2023-01-01,188,AI Suite,97198,8099.83,3379,14315,3650,0,18866,38563
2023-01-01,189,Security,114783,9565.25,32402,2520,3137,0,7492,21544
2023-01-01,190,Analytics,98414,8201.17,13622,18791,4902,0,279,20561
2023-01-01,191,Enterprise,64457,5371.42,37805,9130,4867,0,11808,34269
2023-01-01,192,Analytics,104786,8732.17,16642,19525,4355,0,108,9768
2023-01-01,193,AI Suite,155679,12973.25,44619,12081,4648,0,491,2786
2023-01-01,194,Core Platform,5270,439.17,42816,11845,6575,87737,21404,6449
2023-01-01,195,Security,107821,8985.08,40571,8733,4178,0,10173,38127
2023-01-01,196,Analytics,108123,9010.25,2251,3494,558,0,3866,26146
2023-01-01,197,Security,67561,5630.08,30176,4665,9131,0,6474,21100
2023-01-01,198,Core Platform,109716,9143.0,20449,17536,9772,0,9730,34748
2023-01-01,199,AI Suite,45115,3759.58,5715,13055,1416,0,9614,32540
2023-01-01,200,Security,154820,12901.67,33626,14042,6042,0,19965,12514
2023-01-01,201,Analytics,102437,8536.42,19963,13503,9901,0,21759,4800
2023-01-01,202,Security,127749,10645.75,31122,13486,8327,0,12869,13977
2023-01-01,203,Analytics,75881,6323.42,2127,6937,2698,0,7278,6245
2023-01-01,204,Security,123988,10332.33,40513,11948,4864,0,4286,27093
2023-01-01,205,Analytics,51142,4261.83,3201,17976,5546,0,28306,5389
2023-01-01,206,Enterprise,88570,7380.83,36391,16907,5644,0,2647,33082
2023-01-01,207,Enterprise,123093,10257.75,45587,18626,8129,0,8003,36549
2023-01-01,208,AI Suite,126735,10561.25,40563,18179,4797,0,27980,13121
2023-01-01,209,Analytics,35519,2959.92,38827,4266,3502,0,20191,24251
2023-01-01,210,AI Suite,112802,9400.17,2864,15063,4077,0,3299,34309
2023-01-01,211,Security,145365,12113.75,32470,3249,1894,0,28860,38159
2023-01-01,212,Core Platform,117286,9773.83,15544,19655,7362,0,19450,17885
2023-01-01,213,Core Platform,44875,3739.58,10594,2980,5943,0,15410,16446
2023-01-01,214,Security,50551,4212.58,20768,4972,1365,0,28976,2136
2023-01-01,215,AI Suite,106006,8833.83,27555,1987,9211,0,5353,10440
2023-01-01,216,AI Suite,122838,10236.5,13276,9571,4640,0,6757,18100
2023-01-01,217,Enterprise,133404,11117.0,30664,11631,7947,0,20537,27596
2023-01-01,218,Analytics,88376,7364.67,19711,17679,1596,0,19923,9329
2023-01-01,219,Core Platform,118478,9873.17,38146,7596,1531,0,24699,16174
2023-01-01,220,Enterprise,110171,9180.92,22107,19937,7896,0,21867,3499
2023-01-01,221,AI Suite,40687,3390.58,23071,3217,5125,0,21500,8307
2023-01-01,222,Analytics,58302,4858.5,30803,11341,6748,0,871,37780
2023-01-01,223,AI Suite,67839,5653.25,49225,3999,2705,0,26263,17664
2023-01-01,224,Security,121259,10104.92,26721,10181,4123,0,14618,37048
2023-01-01,225,Security,5228,435.67,9926,13492,8264,115540,6548,14390
2023-01-01,226,Enterprise,134367,11197.25,28700,16408,3102,0,28087,38418
2023-01-01,227,Security,48982,4081.83,18401,6318,6757,0,28539,28923
2023-01-01,228,Analytics,54451,4537.58,26086,4175,1536,0,1542,23529
2023-01-01,229,Analytics,76395,6366.25,17255,8448,534,0,3720,15532
2023-01-01,230,AI Suite,60011,5000.92,24505,2665,260,0,14581,1434
2023-01-01,231,AI Suite,36011,3000.92,39543,2921,6633,0,9369,10420
2023-01-01,232,Security,48904,4075.33,27823,19731,343,0,5135,27062
2023-01-01,233,AI Suite,63170,5264.17,42241,9221,7958,0,21463,7298
2023-01-01,234,AI Suite,49417,4118.08,12133,5973,9880,0,19793,38205
2023-01-01,235,Enterprise,60772,5064.33,27074,1697,943,0,10868,24208
2023-01-01,236,Analytics,33163,2763.58,28796,3697,5215,0,4953,36063
2023-01-01,237,Security,65314,5442.83,21974,5900,7385,0,18949,35181
2023-01-01,238,AI Suite,118398,9866.5,21184,2055,6837,0,16268,21821
2023-01-01,239,Security,135517,11293.08,44842,1382,214,0,12751,19579
2023-01-01,240,Enterprise,123901,10325.08,48636,8896,310,0,7636,11066
2023-01-01,241,Enterprise,47380,3948.33,22263,2893,5558,0,8883,32956
2023-01-01,242,Security,109855,9154.58,7044,221,9791,0,27039,31917
2023-01-01,243,Core Platform,82488,6874.0,7687,9836,4964,0,8453,11613
2023-01-01,244,AI Suite,116823,9735.25,28247,19337,8295,0,25143,17925
2023-01-01,245,Core Platform,116433,9702.75,47449,11219,7898,0,1682,12981
2023-01-01,246,AI Suite,35130,2927.5,5513,12399,9976,0,5660,5444
2023-01-01,247,Enterprise,91881,7656.75,34031,15919,2795,0,7007,31204
2023-01-01,248,Analytics,84888,7074.0,42789,12944,924,0,4560,19013
2023-01-01,249,Core Platform,94750,7895.83,20352,18163,5002,0,18577,13582
2023-01-01,250,Security,88533,7377.75,10598,6463,9687,0,14184,24998
2023-01-01,251,Security,119185,9932.08,1781,13058,369,0,15578,20172
2023-01-01,252,Analytics,74047,6170.58,33113,5019,2908,0,23994,16827
2023-01-01,253,Core Platform,103051,8587.58,45708,15630,6593,0,680,11600
2023-01-01,254,Core Platform,107771,8980.92,41121,15049,5344,0,8878,35537
2023-01-01,255,Enterprise,31384,2615.33,18837,12428,8378,0,19639,23125
2023-01-01,256,Analytics,157794,13149.5,22584,15318,3833,0,24751,23006
2023-01-01,257,Enterprise,57235,4769.58,24534,6446,4793,0,3109,31920
2023-01-01,258,Security,46137,3844.75,4524,17868,5054,0,27624,3006
2023-01-01,259,Analytics,72917,6076.42,48211,5286,4614,0,19007,33884
2023-01-01,260,AI Suite,31612,2634.33,18654,18471,2650,0,21857,25912
2023-01-01,261,Enterprise,131069,10922.42,14033,1335,7062,0,309,31946
2023-01-01,262,Security,46859,3904.92,13601,8485,8482,0,3562,12413
2023-01-01,263,Security,55324,4610.33,40129,9907,3017,0,10220,22694
2023-01-01,264,AI Suite,142209,11850.75,39578,11187,8939,0,14294,19991
2023-01-01,265,Enterprise,114849,9570.75,48889,17012,5361,0,21384,27495
2023-01-01,266,Security,134925,11243.75,4400,17512,1353,0,6070,468
2023-01-01,267,Analytics,56738,4728.17,16150,1276,4806,0,15331,7873
2023-01-01,268,Analytics,23118,1926.5,42345,8969,5637,0,28779,56
2023-01-01,269,Security,101487,8457.25,39375,5471,1703,0,16866,36142
2023-01-01,270,Analytics,154152,12846.0,30034,17957,8338,0,10469,18840
2023-01-01,271,Core Platform,145338,12111.5,48862,8449,3548,0,11072,21505
2023-01-01,272,Core Platform,125928,10494.0,7825,6640,8073,0,15961,29021
2023-01-01,273,AI Suite,93040,7753.33,6175,12529,4136,0,21214,31907
2023-01-01,274,Enterprise,43161,3596.75,26877,13776,3358,0,17951,18770
2023-01-01,275,Enterprise,68145,5678.75,31734,10299,6197,0,22887,24753
2023-01-01,276,AI Suite,86526,7210.5,7881,19888,66,0,11541,17501
2023-01-01,277,Enterprise,18970,1580.83,16197,7422,8081,0,27665,27009
2023-01-01,278,AI Suite,143961,11996.75,36193,6281,4801,0,24632,19755
2023-01-01,279,Core Platform,89248,7437.33,8149,19071,3199,0,27153,16316
2023-01-01,280,Core Platform,112506,9375.5,32114,9661,8850,0,21939,83
2023-01-01,281,Core Platform,24539,2044.92,40099,1092,2117,0,26961,7052
2023-01-01,282,Core Platform,56596,4716.33,45381,2028,3584,0,23752,27443
2023-01-01,283,Analytics,109619,9134.92,35255,17257,5408,0,12288,15694
2023-01-01,284,Security,140751,11729.25,40574,9372,9039,0,19450,26208
2023-01-01,285,AI Suite,92206,7683.83,8832,5930,4018,0,4925,29555
2023-01-01,286,AI Suite,42135,3511.25,49904,4421,416,0,7638,14592
2023-01-01,287,AI Suite,52913,4409.42,33714,9554,5567,0,22198,20044
2023-01-01,288,Security,43031,3585.92,10897,16743,3914,0,7529,34126
2023-01-01,289,Enterprise,33814,2817.83,29926,11410,3596,0,20241,8965
2023-01-01,290,AI Suite,146664,12222.0,16613,3188,972,0,23537,4160
2023-01-01,291,Security,48701,4058.42,18047,9405,2578,0,18950,18160
2023-01-01,292,AI Suite,71969,5997.42,32076,8485,4341,0,21111,38637
2023-01-01,293,Analytics,148609,12384.08,12941,19147,2033,0,7397,27059
2023-01-01,294,AI Suite,97839,8153.25,7861,7114,5606,0,9236,28000
2023-01-01,295,Security,52468,4372.33,10243,13181,7998,0,12111,21375
2023-01-01,296,Security,18704,1558.67,29526,8472,1976,0,25887,30630
2023-01-01,297,Enterprise,87178,7264.83,17590,19377,420,0,20308,19663
2023-01-01,298,Core Platform,145084,12090.33,14373,16575,402,0,5395,29254
2023-01-01,299,Security,122729,10227.42,19222,11580,5311,0,29318,2942
2023-01-01,300,Analytics,71931,5994.25,24365,8173,4848,0,22807,7943
2023-01-01,301,Core Platform,104770,8730.83,2758,10701,4954,0,20956,16818
2023-01-01,302,Core Platform,146235,12186.25,23187,15784,1314,0,23516,16103
2023-01-01,303,Security,151011,12584.25,43769,11446,596,0,27631,17441
2023-01-01,304,Enterprise,79132,6594.33,26547,4097,3547,0,28789,35485
2023-01-01,305,Security,103742,8645.17,2488,3702,7850,0,2796,23016
2023-01-01,306,Analytics,94406,7867.17,32602,5041,7381,0,23098,25177
2023-01-01,307,Analytics,33023,2751.92,26727,17026,9946,0,24367,20727
2023-01-01,308,Enterprise,41594,3466.17,17597,2146,6528,0,4313,31752
2023-01-01,309,Core Platform,60746,5062.17,4172,10014,2515,0,13778,14366
2023-01-01,310,Security,31781,2648.42,40932,6058,8396,0,2702,11837
2023-01-01,311,Security,24201,2016.75,5062,11608,1001,0,7520,16121
2023-01-01,312,Enterprise,156887,13073.92,35971,11484,3856,0,14168,33847
2023-01-01,313,Enterprise,88003,7333.58,29180,3471,8866,0,11788,19332
2023-01-01,314,Enterprise,87136,7261.33,25078,3891,6003,0,4030,12253
2023-01-01,315,Security,109627,9135.58,2300,18360,1406,0,3960,28667
2023-01-01,316,Analytics,64194,5349.5,34744,6948,4100,0,8557,27451
2023-01-01,317,Core Platform,107697,8974.75,16774,19737,9197,0,28228,32580
2023-01-01,318,Analytics,22652,1887.67,41408,18280,6683,0,4784,25152
2023-01-01,319,Security,80413,6701.08,13504,12458,2540,0,18536,2337
2023-01-01,320,Analytics,91927,7660.58,9476,15557,9876,0,8712,11636
2023-01-01,321,Core Platform,131120,10926.67,21882,8719,2348,0,21787,20299
2023-01-01,322,Core Platform,87731,7310.92,27478,2244,4404,0,19854,16776
2023-01-01,323,Security,125065,10422.08,28943,6098,389,0,3716,907
2023-01-01,324,Security,148501,12375.08,26318,15037,1620,0,5394,21018
2023-01-01,325,AI Suite,38112,3176.0,11868,2760,3766,0,25166,1504
2023-01-01,326,Analytics,20240,1686.67,29067,17775,7701,0,14497,7974
2023-01-01,327,Core Platform,61668,5139.0,6222,2656,829,0,9396,38199
2023-01-01,328,Core Platform,107716,8976.33,3968,17137,8325,0,7105,16828
2023-01-01,329,Security,71661,5971.75,48978,4266,8449,0,5255,2408
2023-01-01,330,AI Suite,7675,639.58,33769,5416,9535,0,23889,27249
2023-01-01,331,Enterprise,32144,2678.67,18388,7660,8962,0,3517,32955
2023-01-01,332,AI Suite,40943,3411.92,22980,2063,3270,0,1219,3904
2023-01-01,333,Analytics,83027,6918.92,17523,8467,6111,0,6031,6260
2023-01-01,334,AI Suite,101415,8451.25,5696,14943,9382,0,29164,2470
2023-01-01,335,Security,57361,4780.08,34134,5221,5168,0,15024,15809
2023-01-01,336,Security,104214,8684.5,17007,12414,8550,0,11768,17293
2023-01-01,337,AI Suite,93862,7821.83,35721,7845,4390,0,25191,35738
2023-01-01,338,Analytics,42222,3518.5,31673,737,9552,0,10244,25800
2023-01-01,339,Core Platform,73288,6107.33,30108,11554,9861,0,12522,32086
2023-01-01,340,Enterprise,123691,10307.58,5834,3426,5933,0,15349,8444
2023-01-01,341,Core Platform,157675,13139.58,12145,12759,2122,0,15313,18704
2023-01-01,342,AI Suite,114139,9511.58,49975,16016,2958,0,13984,31321
2023-01-01,343,Analytics,34920,2910.0,30096,1457,1812,0,625,13081
2023-01-01,344,AI Suite,92367,7697.25,37501,8285,6646,0,21038,190
2023-01-01,345,Enterprise,142984,11915.33,24144,7873,414,0,18250,34374
2023-01-01,346,Analytics,8068,672.33,3387,9915,1847,6000,17237,18981
2023-01-01,347,Enterprise,156092,13007.67,44879,13941,7175,0,17534,9405
2023-01-01,348,Core Platform,113253,9437.75,33358,16859,5041,0,10214,21411
2023-01-01,349,Analytics,107131,8927.58,38610,18812,6624,0,25936,4091
2023-01-01,350,Enterprise,146096,12174.67,16709,9541,3591,0,25003,5907
2023-01-01,351,Security,134668,11222.33,25913,11890,3222,0,10806,12421
2023-01-01,352,Analytics,21032,1752.67,41282,10020,4457,0,23828,18251
2023-01-01,353,Security,104034,8669.5,32045,10773,6683,0,19771,35451
2023-01-01,354,Enterprise,42437,3536.42,7774,10781,9115,0,3239,12910
2023-01-01,355,Core Platform,32498,2708.17,37365,17437,2193,0,17760,21992
2023-01-01,356,Core Platform,55487,4623.92,26478,9892,8209,0,5131,18774
2023-01-01,357,Core Platform,112662,9388.5,33373,7634,1677,0,3388,29263
2023-01-01,358,Analytics,132474,11039.5,43410,12580,6055,0,19746,28660
2023-01-01,359,Security,74663,6221.92,38900,3170,2758,0,4585,13103
2023-01-01,360,AI Suite,119257,9938.08,22990,1361,9879,0,1631,16139
2023-01-01,361,AI Suite,54263,4521.92,42389,15111,7188,0,28882,26986
2023-01-01,362,Security,45117,3759.75,31085,19844,8748,0,3572,13417
2023-01-01,363,Core Platform,140070,11672.5,4061,4963,7286,0,14474,38602
2023-01-01,364,Security,90447,7537.25,21667,18921,1358,0,9803,4350
2023-01-01,365,Security,105397,8783.08,34997,5959,3801,0,27156,24454
2023-01-01,366,Security,70084,5840.33,43162,11031,2985,0,29106,16333
2023-01-01,367,Analytics,81157,6763.08,21716,17781,6057,0,2370,9336
2023-01-01,368,Analytics,19777,1648.08,35711,9773,7174,0,7816,10115
2023-01-01,369,Enterprise,133575,11131.25,4923,13322,3060,0,19923,20029
2023-01-01,370,Enterprise,82772,6897.67,35214,18418,1066,0,4848,10557
2023-01-01,371,Enterprise,141811,11817.58,26312,15232,567,0,1158,30969
2023-01-01,372,Core Platform,51271,4272.58,23436,3717,9063,0,927,33039
2023-01-01,373,Core Platform,82207,6850.58,12149,13011,1532,0,23311,8011
2023-01-01,374,Analytics,132266,11022.17,29787,12104,7259,0,27287,1619
2023-01-01,375,Security,66257,5521.42,1369,3720,546,0,24266,30992
2023-01-01,376,AI Suite,104953,8746.08,26104,10982,4667,0,9721,19736
2023-01-01,377,AI Suite,89848,7487.33,24048,2060,2978,0,14557,1021
2023-01-01,378,Enterprise,121429,10119.08,23370,10184,4194,0,1033,13636
2023-01-01,379,AI Suite,129176,10764.67,33269,8908,8651,0,15893,8132
2023-01-01,380,AI Suite,28552,2379.33,12484,11556,2984,0,8038,30374
2023-01-01,381,Core Platform,82779,6898.25,42871,12340,7768,0,25868,5264
2023-01-01,382,Analytics,4701,391.75,37565,5751,1050,58310,12954,6099
2023-01-01,383,Enterprise,108465,9038.75,12764,12225,9644,0,19932,37920
2023-01-01,384,Enterprise,96891,8074.25,27799,3352,1746,0,10304,19618
2023-01-01,385,Core Platform,75827,6318.92,41521,3395,5770,0,26804,30656
2023-01-01,386,Enterprise,79620,6635.0,40896,94,1296,0,12410,34735
2023-01-01,387,Security,61636,5136.33,28878,7447,1071,0,24069,7697
2023-01-01,388,Enterprise,78738,6561.5,5654,17795,9047,0,23460,25353
2023-01-01,389,Core Platform,125624,10468.67,37987,14302,8549,0,14757,15258
2023-01-01,390,Analytics,127026,10585.5,6045,16790,5307,0,24226,35050
2023-01-01,391,Security,87561,7296.75,31594,1587,9504,0,27169,8274
2023-01-01,392,Enterprise,85643,7136.92,44615,6656,5303,0,17965,22318
2023-01-01,393,Security,47616,3968.0,23843,6107,1012,0,24090,20857
2023-01-01,394,Analytics,140145,11678.75,43465,19000,9151,0,13276,2044
2023-01-01,395,AI Suite,8219,684.92,13988,16168,7949,50502,22002,18426
2023-01-01,396,Analytics,137416,11451.33,47542,15553,3791,0,27650,18866
2023-01-01,397,Enterprise,67095,5591.25,21254,18806,7534,0,29508,93
2023-01-01,398,Analytics,43834,3652.83,8125,2695,1709,0,18305,22738
2023-01-01,399,Core Platform,132200,11016.67,13870,19355,6520,0,24899,16654
2023-01-01,400,Enterprise,139533,11627.75,19089,16152,6337,0,20370,6356
2023-01-01,401,AI Suite,149468,12455.67,4040,11528,1713,0,8436,3612
2023-01-01,402,Enterprise,70765,5897.08,46393,7052,1470,0,2356,12389
2023-01-01,403,Core Platform,104759,8729.92,38836,13011,459,0,16556,16281
2023-01-01,404,Analytics,74345,6195.42,49643,10243,150,0,8779,14215
2023-01-01,405,Enterprise,7776,648.0,9336,10450,8605,0,2155,32125
2023-01-01,406,Enterprise,112026,9335.5,20082,13274,2700,0,10101,13844
2023-01-01,407,Core Platform,71675,5972.92,1453,8388,322,0,4341,35465
2023-01-01,408,Core Platform,21832,1819.33,24329,431,5945,0,8720,30671
2023-01-01,409,AI Suite,120769,10064.08,29539,2123,5234,0,21367,12077
2023-01-01,410,Core Platform,44218,3684.83,31936,11673,7490,0,19777,28431
2023-01-01,411,Core Platform,140380,11698.33,16156,16700,8605,0,26768,16346
2023-01-01,412,Enterprise,1955,162.92,37273,5086,9776,0,4406,29589
2023-01-01,413,Security,90700,7558.33,36837,9210,5445,0,13285,9375
2023-01-01,414,Enterprise,20337,1694.75,9542,15143,9102,0,20776,26582
2023-01-01,415,Analytics,65222,5435.17,16929,2177,6155,0,12284,24813
2023-01-01,416,Analytics,27246,2270.5,38865,4378,2767,0,29149,31523
2023-01-01,417,Security,106920,8910.0,24951,12427,542,0,10518,28051
2023-01-01,418,AI Suite,23717,1976.42,8494,14444,7479,0,5406,27389
2023-01-01,419,Enterprise,89196,7433.0,13695,2704,4437,0,7492,34847
2023-01-01,420,AI Suite,86968,7247.33,42917,4646,4760,0,25523,1823
2023-01-01,421,Core Platform,85067,7088.92,15204,3976,4409,0,8173,23332
2023-01-01,422,Enterprise,64847,5403.92,33286,17970,4080,0,25288,38830
2023-01-01,423,Security,132893,11074.42,12033,12623,3728,0,773,34895
2023-01-01,424,Enterprise,19035,1586.25,2614,5665,9130,0,12333,13106
2023-01-01,425,Core Platform,145035,12086.25,42294,13398,1092,0,25974,13727
2023-01-01,426,Security,72692,6057.67,45683,18677,3618,0,2830,38835
2023-01-01,427,AI Suite,109638,9136.5,45323,18323,4835,0,14153,10975
2023-01-01,428,Analytics,132123,11010.25,7630,387,421,0,9098,3815
2023-01-01,429,Security,55830,4652.5,7450,673,4461,0,6627,35442
2023-01-01,430,Core Platform,121818,10151.5,5529,17623,8316,0,23025,34097
2023-01-01,431,Enterprise,27068,2255.67,22013,18063,388,0,10304,38239
2023-01-01,432,Core Platform,15409,1284.08,9759,5909,1273,0,14824,19959
2023-01-01,433,Enterprise,54966,4580.5,48103,1487,8729,0,29967,29383
2023-01-01,434,Enterprise,66671,5555.92,3182,4656,4778,0,7319,23601
2023-01-01,435,Analytics,130211,10850.92,21320,155,908,0,5994,36904
2023-01-01,436,Core Platform,45392,3782.67,33056,15573,2941,0,20492,272
2023-01-01,437,Analytics,93086,7757.17,14957,2239,653,0,1499,18274
2023-01-01,438,Security,70757,5896.42,38251,3330,9936,0,26780,34213
2023-01-01,439,Enterprise,105649,8804.08,40946,18972,7187,0,16614,30936
2023-01-01,440,Core Platform,125342,10445.17,23605,16317,6366,0,6422,25784
2023-01-01,441,Enterprise,155711,12975.92,7586,14532,2328,0,14982,31800
2023-01-01,442,Core Platform,49224,4102.0,43343,4547,4326,0,8969,32056
2023-01-01,443,Security,83541,6961.75,43098,10511,1929,0,862,22343
2023-01-01,444,AI Suite,28398,2366.5,46330,2591,9650,0,8853,25309
2023-01-01,445,Core Platform,134803,11233.58,36492,13838,1528,0,8250,29499
2023-01-01,446,Security,42257,3521.42,31590,9722,9998,0,11883,19279
2023-01-01,447,AI Suite,46480,3873.33,25309,14727,8122,0,8963,1585
2023-01-01,448,Enterprise,57937,4828.08,38717,12093,7652,0,20197,26552
2023-01-01,449,Analytics,81767,6813.92,27920,855,6575,0,12365,30304
2023-01-01,450,Enterprise,16219,1351.58,2633,2031,4013,0,18935,492
2023-01-01,451,Core Platform,146104,12175.33,23776,16298,6642,0,856,29769
2023-01-01,452,Security,130719,10893.25,31951,21,6134,0,12919,23297
2023-01-01,453,Enterprise,59236,4936.33,26812,9805,1169,0,28328,11192
2023-01-01,454,Analytics,161104,13425.33,47308,19900,521,0,1268,4388
2023-01-01,455,Analytics,25209,2100.75,22919,8095,3441,0,18541,31783
2023-01-01,456,Core Platform,79880,6656.67,17548,10577,6598,0,24796,13822
2023-01-01,457,Core Platform,118917,9909.75,15992,6680,8055,0,28686,22569
2023-01-01,458,AI Suite,25269,2105.75,10811,18367,4680,0,15743,11581
2023-01-01,459,Analytics,44597,3716.42,34555,8682,3395,0,4130,24464
2023-01-01,460,Core Platform,34238,2853.17,9052,17757,7628,0,9818,39351
2023-01-01,461,Enterprise,31007,2583.92,10980,12422,6423,0,3527,6840
2023-01-01,462,Security,81924,6827.0,42894,15448,1933,0,18242,11426
2023-01-01,463,Analytics,29491,2457.58,40129,8078,168,0,21241,31428
2023-01-01,464,Enterprise,62595,5216.25,22207,4849,7051,0,29328,23624
2023-01-01,465,Analytics,90866,7572.17,25066,13188,4566,0,10792,37681
2023-01-01,466,AI Suite,102094,8507.83,26344,8912,2061,0,11676,9562
2023-01-01,467,Core Platform,37740,3145.0,47443,16593,7176,0,5334,39207
2023-01-01,468,Core Platform,135717,11309.75,13230,19718,6552,0,10112,10329
2023-01-01,469,Security,128448,10704.0,2229,19770,7971,0,7380,24365
2023-01-01,470,Analytics,107328,8944.0,46273,7284,6922,0,924,4554
2023-01-01,471,AI Suite,152034,12669.5,24848,9871,4832,0,11951,12678
2023-01-01,472,Core Platform,104115,8676.25,42261,13791,2339,0,11164,3543
2023-01-01,473,Core Platform,71849,5987.42,25009,17523,4397,0,20889,7227
2023-01-01,474,Security,65928,5494.0,8682,4352,8396,0,25339,8852
2023-01-01,475,Analytics,149814,12484.5,19334,14079,371,0,22185,3712
2023-01-01,476,Security,41115,3426.25,19707,19818,9961,0,14228,1599
2023-01-01,477,Security,48139,4011.58,7106,9763,9221,0,26949,15162
2023-01-01,478,Core Platform,129803,10816.92,44702,6612,8841,0,5491,38749
2023-01-01,479,Core Platform,154372,12864.33,49731,12851,6514,0,22834,3474
2023-01-01,480,Security,105181,8765.08,24939,14363,4793,0,29759,6984
2023-01-01,481,Analytics,11890,990.83,19711,14946,9725,0,10293,24852
2023-01-01,482,Analytics,100950,8412.5,8301,10049,1150,0,29840,10074
2023-01-01,483,Security,134747,11228.92,20776,3406,4052,0,2252,9419
2023-01-01,484,Analytics,76108,6342.33,32908,18168,9900,0,9462,22494
2023-01-01,485,AI Suite,95783,7981.92,28403,15851,8522,0,13183,27649
2023-01-01,486,Analytics,3844,320.33,1527,948,7006,0,28090,11325
2023-01-01,487,Enterprise,133495,11124.58,28292,13784,4868,0,5221,16333
2023-01-01,488,AI Suite,57547,4795.58,14344,17258,3528,0,4133,26616
2023-01-01,489,Analytics,72700,6058.33,17368,9333,9971,0,13894,19666
2023-01-01,490,Analytics,88077,7339.75,22754,4277,3123,0,7872,17139
2023-01-01,491,Security,118211,9850.92,7571,3196,7678,0,22563,24445
2023-01-01,492,AI Suite,87933,7327.75,26851,19914,4506,0,19686,25744
2023-01-01,493,Core Platform,1036,86.33,8901,493,6932,0,3413,32440
2023-01-01,494,Enterprise,147608,12300.67,3260,16378,1295,0,20853,16405
2023-01-01,495,Security,143786,11982.17,40793,17913,3529,0,20946,5860
2023-01-01,496,AI Suite,62912,5242.67,32280,2740,1244,0,21951,22369
2023-01-01,497,Security,45438,3786.5,29769,3033,3644,0,3538,17783
2023-01-01,498,Enterprise,127799,10649.92,16261,14776,2038,0,11764,28901
2023-01-01,499,Core Platform,60693,5057.75,25640,13652,9458,0,10233,19905
2023-01-01,500,AI Suite,26374,2197.83,42336,12637,8029,0,11598,347
2023-02-01,1,Core Platform,17142,1428.5,9685,12312,8087,0,19941,29121
2023-02-01,2,Analytics,2744,228.67,37526,8662,5918,40381,26633,29813
2023-02-01,3,Analytics,119166,9930.5,24802,11574,8870,0,13,2926
2023-02-01,4,Analytics,40708,3392.33,13297,9161,7295,0,16265,9489
2023-02-01,5,AI Suite,44752,3729.33,19826,8701,2831,0,19094,7838
2023-02-01,6,Analytics,72903,6075.25,2712,11313,7295,0,8478,2167
2023-02-01,7,AI Suite,36003,3000.25,13745,14714,6017,0,24639,11696
2023-02-01,8,Analytics,101004,8417.0,10379,1747,92,0,8574,27350
2023-02-01,9,Security,53940,4495.0,25042,8071,8142,0,27243,38613
2023-02-01,10,AI Suite,31030,2585.83,48034,18843,9018,0,23690,14401
2023-02-01,11,Core Platform,57123,4760.25,4043,13984,2559,0,4996,12500
2023-02-01,12,Core Platform,94741,7895.08,30718,12394,4627,0,28825,10793
2023-02-01,13,Analytics,105847,8820.58,11879,9152,1246,0,10937,38701
2023-02-01,14,Security,138662,11555.17,4133,12385,5360,0,5568,26869
2023-02-01,15,Core Platform,89732,7477.67,31989,11552,8374,0,1131,12195
2023-02-01,16,Security,102249,8520.75,9875,3963,6395,0,11622,11304
2023-02-01,17,Enterprise,53951,4495.92,19921,17373,4191,0,4471,18635
2023-02-01,18,Analytics,51254,4271.17,41143,10696,5002,0,22596,18004
2023-02-01,19,AI Suite,18946,1578.83,39497,14624,7715,0,16163,27591
2023-02-01,20,Enterprise,130127,10843.92,1035,2814,6001,0,1014,18525
2023-02-01,21,Security,134865,11238.75,29870,3172,956,0,2167,18376
2023-02-01,22,Core Platform,3364,280.33,7795,6925,3561,5070,15054,15551
2023-02-01,23,AI Suite,65321,5443.42,29490,3661,8854,0,29296,33263
2023-02-01,24,Core Platform,142861,11905.08,25325,9533,2524,0,29734,8874
2023-02-01,25,AI Suite,130158,10846.5,25357,1114,6168,0,2532,20857
2023-02-01,26,Security,28959,2413.25,31761,12263,3661,0,799,28585
2023-02-01,27,AI Suite,72309,6025.75,38543,8875,6009,0,13709,34653
2023-02-01,28,Core Platform,91276,7606.33,42798,14775,7876,0,4589,24177
2023-02-01,29,Core Platform,32157,2679.75,28596,5768,6441,0,24728,7118
2023-02-01,30,Core Platform,21109,1759.08,6699,13951,8538,0,13449,4483
2023-02-01,31,Enterprise,52375,4364.58,12620,11587,810,0,9473,23423
2023-02-01,32,Core Platform,16319,1359.92,5585,5746,9940,0,20512,32660
2023-02-01,33,Analytics,146540,12211.67,17330,8427,2903,0,27784,6801
2023-02-01,34,Analytics,124836,10403.0,13713,1947,2523,0,2231,14884
2023-02-01,35,Security,142129,11844.08,3060,1841,8983,0,2393,3939
2023-02-01,36,Enterprise,80970,6747.5,13302,4726,6102,0,10006,33098
2023-02-01,37,Security,14166,1180.5,25954,18156,3990,38876,28140,39202
2023-02-01,38,Analytics,28595,2382.92,44246,17476,4811,0,17784,1888
2023-02-01,39,Core Platform,46870,3905.83,8174,14508,4181,0,10840,36469
2023-02-01,40,Security,145493,12124.42,5131,4906,8922,0,19152,15358
2023-02-01,41,Analytics,32090,2674.17,1378,2940,6719,0,27140,15923
2023-02-01,42,AI Suite,72173,6014.42,33410,6922,2463,0,10825,32219
2023-02-01,43,Analytics,83227,6935.58,18139,6314,7072,0,28377,35074
2023-02-01,44,AI Suite,117793,9816.08,19825,7981,7921,0,22512,21869
2023-02-01,45,Analytics,98864,8238.67,49348,11822,674,0,28815,22600
2023-02-01,46,Core Platform,127915,10659.58,22776,4622,2351,0,29916,12883
2023-02-01,47,Core Platform,20343,1695.25,19472,3026,3388,0,8085,38569
2023-02-01,48,Analytics,80454,6704.5,34961,865,1399,0,14296,26832
2023-02-01,49,Security,145213,12101.08,47000,1448,2987,0,4748,16269
2023-02-01,50,Security,71469,5955.75,16668,3510,3554,0,21665,34974
2023-02-01,51,Security,131108,10925.67,20763,6051,4933,0,23277,31089
2023-02-01,52,Enterprise,44929,3744.08,1860,11386,191,0,6412,35721
2023-02-01,53,Security,119949,9995.75,30044,205,3415,0,1443,35747
2023-02-01,54,Enterprise,73641,6136.75,7063,3643,3179,0,5525,4680
2023-02-01,55,Security,65052,5421.0,32814,14724,3403,0,7563,36290
2023-02-01,56,Security,100174,8347.83,41731,15659,4940,0,8107,23053
2023-02-01,57,AI Suite,34558,2879.83,30727,3298,5629,0,3531,31936
2023-02-01,58,Security,32543,2711.92,28603,5812,6113,0,7700,14528
2023-02-01,59,Security,127217,10601.42,21159,14075,2639,0,25450,25853
2023-02-01,60,Analytics,0,0.0,1320,3261,5877,143490,18944,6857
2023-02-01,61,Enterprise,56432,4702.67,13432,18663,5954,0,27747,16469
2023-02-01,62,AI Suite,109436,9119.67,21817,16160,629,0,16775,25984
2023-02-01,63,Core Platform,11558,963.17,6245,16326,4768,110728,2455,15054
2023-02-01,64,Analytics,53652,4471.0,45083,9916,7694,0,12832,38845
2023-02-01,65,Core Platform,127938,10661.5,44727,106,177,0,24184,13177
2023-02-01,66,Core Platform,45645,3803.75,27097,5618,98,0,16779,7192
2023-02-01,67,Enterprise,101156,8429.67,8924,418,5494,0,16856,39980
2023-02-01,68,AI Suite,40566,3380.5,15619,18199,1022,0,1420,27341
2023-02-01,69,Security,71375,5947.92,8604,6661,837,0,24237,14732
2023-02-01,70,Security,150029,12502.42,42319,12073,8656,0,26569,36075
2023-02-01,71,AI Suite,125933,10494.42,31907,15292,197,0,22100,1375
2023-02-01,72,Core Platform,86949,7245.75,13483,15393,4304,0,27513,4248
2023-02-01,73,Analytics,138411,11534.25,42009,16301,7345,0,18205,29810
2023-02-01,74,Analytics,72351,6029.25,17934,17404,2972,0,29525,17995
2023-02-01,75,Analytics,115534,9627.83,9594,12604,9640,0,7465,33167
2023-02-01,76,Security,62496,5208.0,12991,4583,3369,0,27379,31606
2023-02-01,77,AI Suite,50783,4231.92,40607,6904,525,0,13400,17472
2023-02-01,78,AI Suite,134224,11185.33,47155,19186,4397,0,28788,19683
2023-02-01,79,Enterprise,52238,4353.17,13753,19932,8350,0,16180,15065
2023-02-01,80,Enterprise,127444,10620.33,47291,3465,6041,0,6774,39461
2023-02-01,81,AI Suite,79099,6591.58,27867,14983,5048,0,20554,4880
2023-02-01,82,AI Suite,22476,1873.0,45214,16317,157,0,27287,34445
2023-02-01,83,Security,126011,10500.92,18189,14556,4645,0,19137,29639
2023-02-01,84,Core Platform,111212,9267.67,6932,18640,6792,0,18702,29454
2023-02-01,85,Analytics,114996,9583.0,18391,19304,3513,0,29389,25847
2023-02-01,86,Enterprise,117371,9780.92,29141,9277,3877,0,1786,22865
2023-02-01,87,Core Platform,132718,11059.83,44751,9148,2539,0,16092,17610
2023-02-01,88,Analytics,54980,4581.67,31167,1111,2801,0,16615,14099
2023-02-01,89,Security,17962,1496.83,5345,11181,9647,0,28660,33562
2023-02-01,90,AI Suite,428,35.67,35074,3602,8690,0,3746,38651
2023-02-01,91,Enterprise,53723,4476.92,15606,1463,6881,0,18091,115
2023-02-01,92,AI Suite,0,0.0,44927,1723,8951,0,17839,37090
2023-02-01,93,Analytics,25550,2129.17,18621,6479,9448,0,25137,1253
2023-02-01,94,Security,40546,3378.83,47774,3508,3367,0,8875,17334
2023-02-01,95,Core Platform,82244,6853.67,42681,19964,8364,0,27394,19374
2023-02-01,96,Core Platform,48942,4078.5,49104,9870,1717,0,28021,12450
2023-02-01,97,Security,97293,8107.75,19056,9695,7727,0,254,4498
2023-02-01,98,AI Suite,33541,2795.08,37526,4754,7240,0,16272,13301
2023-02-01,99,Enterprise,137132,11427.67,34852,14652,9641,0,17801,12959
2023-02-01,100,Core Platform,9325,777.08,48576,5335,8989,0,18628,15102
2023-02-01,101,Enterprise,81006,6750.5,1521,2190,8403,0,10609,36240
2023-02-01,102,Analytics,123170,10264.17,38633,2550,9961,0,17891,11523
2023-02-01,103,Enterprise,145047,12087.25,44540,6668,8560,0,6419,19639
2023-02-01,104,Enterprise,93218,7768.17,41026,6690,5081,0,23708,26388
2023-02-01,105,Analytics,119745,9978.75,19770,7333,6816,0,16149,10776
2023-02-01,106,Analytics,142378,11864.83,5232,275,1754,0,20692,36444
2023-02-01,107,Core Platform,93684,7807.0,18781,18856,5238,0,18898,6187
2023-02-01,108,Enterprise,7652,637.67,42895,4168,3920,0,6018,38592
2023-02-01,109,Analytics,0,0.0,17034,860,9701,111730,9681,22892
2023-02-01,110,Core Platform,45357,3779.75,36561,10107,2076,0,19864,11856
2023-02-01,111,Enterprise,15321,1276.75,17820,19502,4181,129623,20811,19307
2023-02-01,112,Enterprise,159983,13331.92,38104,14247,928,0,6793,36597
2023-02-01,113,Core Platform,69136,5761.33,34518,15748,3576,0,14885,29254
2023-02-01,114,Security,66988,5582.33,29477,4143,1603,0,535,39473
2023-02-01,115,Enterprise,48873,4072.75,44959,8058,7900,0,11469,38607
2023-02-01,116,AI Suite,85369,7114.08,24055,13617,3878,0,6147,17941
2023-02-01,117,Enterprise,38163,3180.25,11243,13809,1564,0,2598,11341
2023-02-01,118,AI Suite,60740,5061.67,21751,6214,1109,0,16947,5000
2023-02-01,119,AI Suite,96762,8063.5,44437,16702,3452,0,27510,17607
2023-02-01,120,Enterprise,144372,12031.0,36238,8778,2610,0,26671,27511
2023-02-01,121,Enterprise,75575,6297.92,35112,13071,7682,0,22766,29595
2023-02-01,122,AI Suite,92596,7716.33,29800,13196,6866,0,3278,34007
2023-02-01,123,Core Platform,122975,10247.92,21470,12046,8207,0,6612,13357
2023-02-01,124,Analytics,118198,9849.83,26796,1676,1741,0,24496,25056
2023-02-01,125,AI Suite,121970,10164.17,38145,4106,4249,0,6676,39569
2023-02-01,126,Core Platform,100480,8373.33,31811,7646,8725,0,13129,35833
2023-02-01,127,AI Suite,2887,240.58,1735,4773,7876,0,1806,23504
2023-02-01,128,Enterprise,53066,4422.17,45848,4072,6613,0,19715,6630
2023-02-01,129,Security,38833,3236.08,3941,18391,1292,0,15061,5820
2023-02-01,130,Enterprise,33955,2829.58,1350,17847,1087,0,15825,11373
2023-02-01,131,Core Platform,22977,1914.75,18524,6374,9070,0,6715,17359
2023-02-01,132,Core Platform,106739,8894.92,6781,1214,8365,0,4364,12482
2023-02-01,133,Analytics,75848,6320.67,49787,851,9827,0,16500,21182
2023-02-01,134,Enterprise,26351,2195.92,16847,12176,944,0,706,30274
2023-02-01,135,Core Platform,156493,13041.08,5879,9517,1808,0,23374,1433
2023-02-01,136,Core Platform,123799,10316.58,23720,8732,4877,0,982,17423
2023-02-01,137,Core Platform,66277,5523.08,18780,5715,6125,0,15810,3866
2023-02-01,138,Core Platform,0,0.0,27280,3309,9270,0,13284,27107
2023-02-01,139,AI Suite,112603,9383.58,1776,13125,7412,0,18127,2544
2023-02-01,140,AI Suite,59270,4939.17,9868,18333,6677,0,18982,30363
2023-02-01,141,Enterprise,89784,7482.0,42039,7384,840,0,1767,32147
2023-02-01,142,Core Platform,14180,1181.67,32019,14430,250,135788,10782,6761
2023-02-01,143,Security,61174,5097.83,29000,4249,2020,0,18556,2642
2023-02-01,144,Analytics,4749,395.75,41261,5456,8809,0,15192,37780
2023-02-01,145,Enterprise,30498,2541.5,8869,2516,9882,0,4250,8576
2023-02-01,146,Enterprise,107613,8967.75,21184,2722,2567,0,16204,8404
2023-02-01,147,Core Platform,78849,6570.75,12573,8136,3825,0,20302,36401
2023-02-01,148,Enterprise,26045,2170.42,29842,10277,3811,0,20218,29995
2023-02-01,149,Enterprise,79700,6641.67,2315,13708,1147,0,25906,5434
2023-02-01,150,Security,8780,731.67,32432,13288,4508,149652,23058,4602
2023-02-01,151,Security,24341,2028.42,2165,7899,7138,0,25767,13128
2023-02-01,152,Analytics,160241,13353.42,3256,18048,6969,0,724,19659
2023-02-01,153,AI Suite,53624,4468.67,46346,13840,6159,0,17677,15464
2023-02-01,154,Core Platform,93001,7750.08,37151,8428,9662,0,21766,33994
2023-02-01,155,Enterprise,84018,7001.5,17258,6534,6157,0,17834,29521
2023-02-01,156,Enterprise,36193,3016.08,14965,4889,4207,0,14526,19748
2023-02-01,157,Enterprise,130999,10916.58,18862,12696,1958,0,26286,1323
2023-02-01,158,AI Suite,35973,2997.75,16059,3809,9699,0,28915,34766
2023-02-01,159,Analytics,122479,10206.58,49108,12768,8851,0,20458,31808
2023-02-01,160,Security,163611,13634.25,36278,16659,1091,0,16152,34748
2023-02-01,161,AI Suite,89768,7480.67,4508,8233,9213,0,10315,1902
2023-02-01,162,Security,95102,7925.17,13840,10487,6676,0,16865,19460
2023-02-01,163,Core Platform,94984,7915.33,23775,9260,3304,0,2166,20635
2023-02-01,164,Security,94777,7898.08,10174,12434,335,0,19810,24864
2023-02-01,165,Enterprise,40421,3368.42,23972,8298,4542,0,21200,2974
2023-02-01,166,Enterprise,72955,6079.58,36106,19229,6263,0,17725,25789
2023-02-01,167,Analytics,7834,652.83,10529,9203,9672,0,7762,14440
2023-02-01,168,Security,74875,6239.58,13146,12245,6590,0,5110,33767
2023-02-01,169,Enterprise,51372,4281.0,45702,3648,2877,0,18732,19509
2023-02-01,170,Core Platform,41927,3493.92,17812,16257,4622,0,16395,36778
2023-02-01,171,Core Platform,136897,11408.08,26269,15285,7076,0,3535,7232
2023-02-01,172,Enterprise,11366,947.17,35236,2402,1785,0,5441,29907
2023-02-01,173,Security,44326,3693.83,49057,234,5979,0,18274,23463
2023-02-01,174,AI Suite,59464,4955.33,13858,13977,1647,0,6280,38518
2023-02-01,175,Enterprise,137422,11451.83,19314,13202,882,0,9781,19342
2023-02-01,176,Core Platform,89751,7479.25,39446,736,4898,0,23710,36776
2023-02-01,177,Analytics,131735,10977.92,19306,16320,6102,0,26871,36412
2023-02-01,178,Analytics,33191,2765.92,44443,7258,6922,0,6178,33167
2023-02-01,179,Analytics,23070,1922.5,3050,16442,8935,0,12160,4926
2023-02-01,180,Enterprise,123369,10280.75,46813,8942,5062,0,22744,16971
2023-02-01,181,Security,88630,7385.83,38385,9446,7817,0,28880,11795
2023-02-01,182,Core Platform,74349,6195.75,32563,166,1990,0,7594,12217
2023-02-01,183,Security,107517,8959.75,1684,18682,6554,0,26891,1088
2023-02-01,184,Security,75812,6317.67,4800,2220,3136,0,11922,20310
2023-02-01,185,AI Suite,28711,2392.58,30121,4686,6385,0,18847,19047
2023-02-01,186,Core Platform,146156,12179.67,17335,10652,2899,0,19243,29369
2023-02-01,187,Analytics,144291,12024.25,43216,16583,3974,0,24640,15468
2023-02-01,188,Enterprise,85294,7107.83,26937,10642,5555,0,27903,16179
2023-02-01,189,AI Suite,131933,10994.42,18653,12741,5695,0,17537,33780
2023-02-01,190,Analytics,115831,9652.58,47227,889,9841,0,18672,3910
2023-02-01,191,AI Suite,118414,9867.83,10968,11971,1544,0,17753,6483
2023-02-01,192,Core Platform,115852,9654.33,9283,16705,2098,0,2262,35523
2023-02-01,193,AI Suite,89272,7439.33,29787,2292,6544,0,13812,14773
2023-02-01,194,Enterprise,119214,9934.5,39349,9492,3383,0,21916,20170
2023-02-01,195,Enterprise,125419,10451.58,34142,1700,5714,0,13120,4780
2023-02-01,196,AI Suite,128560,10713.33,15753,6329,284,0,13057,25250
2023-02-01,197,Enterprise,15572,1297.67,37276,357,1695,0,17021,10287
2023-02-01,198,Enterprise,21511,1792.58,44714,4058,9542,0,12171,23356
2023-02-01,199,Core Platform,17031,1419.25,41570,15164,9623,0,16860,3033
2023-02-01,200,AI Suite,53491,4457.58,2219,17359,310,0,21534,17616
2023-02-01,201,Analytics,25677,2139.75,39804,3199,2849,0,6520,33554
2023-02-01,202,AI Suite,50887,4240.58,19371,19561,3296,0,26547,21672
2023-02-01,203,Core Platform,40358,3363.17,13198,2866,3553,0,26256,15858
2023-02-01,204,Analytics,84259,7021.58,18017,8665,9351,0,11912,15576
2023-02-01,205,Core Platform,23378,1948.17,18886,7394,5109,0,29629,37382
2023-02-01,206,Core Platform,124914,10409.5,29551,15693,1018,0,7942,37764
2023-02-01,207,Security,39273,3272.75,2053,1111,891,0,29799,12320
2023-02-01,208,Security,141838,11819.83,26675,2706,1187,0,22446,1334
2023-02-01,209,Core Platform,29952,2496.0,3714,11774,9352,0,29084,25233
2023-02-01,210,Security,41626,3468.83,18928,15928,825,0,6893,25417
2023-02-01,211,Security,107010,8917.5,28382,2400,1223,0,2212,37793
2023-02-01,212,Security,115797,9649.75,6055,5203,8478,0,20924,22409
2023-02-01,213,Analytics,88898,7408.17,14583,3029,6385,0,26261,18594
2023-02-01,214,Core Platform,50067,4172.25,45155,8164,9210,0,11861,34548
2023-02-01,215,Enterprise,46596,3883.0,18622,3332,1719,0,13940,8388
2023-02-01,216,Core Platform,108390,9032.5,33917,18203,6945,0,10211,19455
2023-02-01,217,AI Suite,112249,9354.08,16809,18302,8695,0,1002,18152
2023-02-01,218,AI Suite,44814,3734.5,15462,5586,518,0,3682,35496
2023-02-01,219,Analytics,142261,11855.08,1587,3830,1193,0,23396,29982
2023-02-01,220,AI Suite,71374,5947.83,39174,9998,6926,0,29585,1833
2023-02-01,221,Enterprise,109126,9093.83,1442,18503,4041,0,14412,21791
2023-02-01,222,Enterprise,64287,5357.25,49708,6302,1626,0,28291,39950
2023-02-01,223,Security,32644,2720.33,30467,1592,8094,0,13180,10586
2023-02-01,224,Enterprise,136149,11345.75,12654,6503,7989,0,19448,14862
2023-02-01,225,Enterprise,129611,10800.92,37532,8559,3475,0,24578,38986
2023-02-01,226,Core Platform,117868,9822.33,33392,8889,7252,0,24602,1520
2023-02-01,227,Core Platform,77006,6417.17,35609,2759,6170,0,16879,15308
2023-02-01,228,Security,153668,12805.67,33896,9038,3377,0,20042,29254
2023-02-01,229,AI Suite,25158,2096.5,17006,17377,5731,0,73,11977
2023-02-01,230,Enterprise,100493,8374.42,35745,11954,8225,0,17721,37076
2023-02-01,231,AI Suite,4894,407.83,1512,8987,4093,129673,26000,11481
2023-02-01,232,Enterprise,138258,11521.5,37174,12279,2331,0,14249,16324
2023-02-01,233,AI Suite,24628,2052.33,3882,18116,6233,0,20593,1941
2023-02-01,234,Core Platform,96254,8021.17,48491,10626,757,0,846,29671
2023-02-01,235,Analytics,111823,9318.58,39501,8914,6726,0,23063,28796
2023-02-01,236,AI Suite,129525,10793.75,15110,10904,7445,0,579,27546
2023-02-01,237,Enterprise,136675,11389.58,13557,17630,5097,0,18207,32765
2023-02-01,238,Enterprise,117012,9751.0,25143,15368,9865,0,22228,3883
2023-02-01,239,Core Platform,32104,2675.33,11405,18353,9825,0,11999,5342
2023-02-01,240,AI Suite,128390,10699.17,3182,15485,9272,0,4747,27435
2023-02-01,241,Security,104090,8674.17,47570,4726,3513,0,19069,12774
2023-02-01,242,Analytics,145141,12095.08,4949,8959,2168,0,6500,16430
2023-02-01,243,AI Suite,66476,5539.67,24854,19067,4733,0,9394,22236
2023-02-01,244,Enterprise,19378,1614.83,48725,14252,8615,0,29167,11259
2023-02-01,245,AI Suite,140235,11686.25,48296,12490,5652,0,8006,12736
2023-02-01,246,AI Suite,42486,3540.5,38532,15286,8082,0,8692,7010
2023-02-01,247,Core Platform,116424,9702.0,36773,9782,3431,0,7579,19342
2023-02-01,248,Security,111777,9314.75,8646,2495,85,0,20425,4791
2023-02-01,249,Analytics,132064,11005.33,37718,3035,1959,0,8546,39205
2023-02-01,250,Security,147695,12307.92,42778,16797,352,0,14418,13738
2023-02-01,251,Security,139703,11641.92,2145,3480,5356,0,10365,24699
2023-02-01,252,Analytics,134131,11177.58,28874,10350,7722,0,25569,39354
2023-02-01,253,Enterprise,90195,7516.25,35780,11430,9926,0,2794,37328
2023-02-01,254,Enterprise,111808,9317.33,16375,837,7318,0,19377,21258
2023-02-01,255,AI Suite,43554,3629.5,38811,3450,8931,0,10822,24883
2023-02-01,256,AI Suite,93561,7796.75,5066,15512,7028,0,27351,36585
2023-02-01,257,Enterprise,62840,5236.67,41180,13102,3943,0,27130,17679
2023-02-01,258,Analytics,12023,1001.92,43754,18193,6170,121536,29958,5044
2023-02-01,259,Security,38071,3172.58,32794,16776,7384,0,21819,29512
2023-02-01,260,Core Platform,149164,12430.33,30220,14167,861,0,8484,25559
2023-02-01,261,Enterprise,52136,4344.67,18404,9188,4779,0,12283,4312
2023-02-01,262,Security,110044,9170.33,9140,13589,1556,0,17489,15165
2023-02-01,263,Analytics,137550,11462.5,33227,11111,2544,0,16221,7208
2023-02-01,264,Core Platform,35198,2933.17,6499,6539,660,0,14986,37872
2023-02-01,265,Enterprise,27993,2332.75,19268,16167,3302,0,19599,32909
2023-02-01,266,Analytics,93840,7820.0,5758,13699,4276,0,18097,517
2023-02-01,267,Core Platform,28139,2344.92,48444,7631,7869,0,4242,8624
2023-02-01,268,Analytics,39334,3277.83,32669,15002,5613,0,23601,37245
2023-02-01,269,Analytics,146966,12247.17,7305,3950,2786,0,24319,16662
2023-02-01,270,AI Suite,96470,8039.17,46742,10813,4073,0,19398,11391
2023-02-01,271,Analytics,34135,2844.58,10162,9910,5285,0,16428,3265
2023-02-01,272,Analytics,46274,3856.17,29911,10741,1460,0,7355,37696
2023-02-01,273,Core Platform,65278,5439.83,42335,4044,508,0,2789,11893
2023-02-01,274,Core Platform,96251,8020.92,24601,14099,8689,0,10355,24883
2023-02-01,275,Enterprise,25191,2099.25,49505,11986,2339,0,1058,10688
2023-02-01,276,AI Suite,139587,11632.25,6040,756,295,0,26778,15931
2023-02-01,277,AI Suite,91524,7627.0,29454,16005,4330,0,17089,29874
2023-02-01,278,Enterprise,92423,7701.92,24150,4074,6962,0,4844,35630
2023-02-01,279,AI Suite,89140,7428.33,4858,3023,40,0,24802,16805
2023-02-01,280,Security,75030,6252.5,44276,1476,8840,0,22505,15201
2023-02-01,281,Security,45957,3829.75,41437,12800,7829,0,20711,16962
2023-02-01,282,AI Suite,110768,9230.67,23283,8782,9725,0,8532,15959
2023-02-01,283,Core Platform,18137,1511.42,43727,9402,2910,0,13779,14550
2023-02-01,284,Security,53383,4448.58,21261,3975,4306,0,23006,18722
2023-02-01,285,AI Suite,65808,5484.0,6047,767,476,0,4804,39617
2023-02-01,286,Analytics,89742,7478.5,18820,17704,5909,0,2559,35206
2023-02-01,287,Core Platform,109402,9116.83,12786,3547,6206,0,13406,2856
2023-02-01,288,AI Suite,113704,9475.33,39243,18766,4074,0,26971,8193
2023-02-01,289,Enterprise,104463,8705.25,22976,18103,8768,0,15750,27238
2023-02-01,290,Enterprise,70694,5891.17,39767,17094,3001,0,25764,15579
2023-02-01,291,Security,88843,7403.58,14025,16743,2994,0,6165,32086
2023-02-01,292,Enterprise,106901,8908.42,11352,3784,1593,0,22822,15383
2023-02-01,293,Analytics,128016,10668.0,3610,12484,3999,0,29883,37271
2023-02-01,294,Enterprise,8344,695.33,3189,6400,7830,0,25865,9990
2023-02-01,295,AI Suite,41421,3451.75,5162,13326,7896,0,25599,21242
2023-02-01,296,Core Platform,101769,8480.75,5361,250,1460,0,1486,12700
2023-02-01,297,Analytics,122002,10166.83,10111,19662,2193,0,22141,9161
2023-02-01,298,Security,34424,2868.67,33034,11171,6422,0,11982,400
2023-02-01,299,Enterprise,133419,11118.25,26814,3924,3533,0,24077,27154
2023-02-01,300,Enterprise,39578,3298.17,38328,15728,8231,0,14871,5540
2023-02-01,301,Security,26404,2200.33,17628,11536,7226,0,18881,32034
2023-02-01,302,Security,107759,8979.92,30203,3923,2123,0,3430,16848
2023-02-01,303,AI Suite,89209,7434.08,11667,11160,8801,0,25598,30383
2023-02-01,304,Core Platform,123520,10293.33,28815,3056,7801,0,25388,13646
2023-02-01,305,Enterprise,102295,8524.58,39271,7267,7773,0,12612,23876
2023-02-01,306,AI Suite,136088,11340.67,22360,14150,5756,0,29580,39613
2023-02-01,307,Security,137048,11420.67,39281,5249,2067,0,14361,23465
2023-02-01,308,AI Suite,80553,6712.75,1946,15982,6027,0,2795,25578
2023-02-01,309,Enterprise,124881,10406.75,41145,18921,9126,0,6642,10680
2023-02-01,310,Core Platform,30716,2559.67,39672,19420,6611,0,29268,17331
2023-02-01,311,Core Platform,26969,2247.42,44219,5406,8124,0,26285,36539
2023-02-01,312,Analytics,65333,5444.42,3009,14388,1404,0,10472,7452
2023-02-01,313,Analytics,47954,3996.17,31650,7984,4435,0,20221,20523
2023-02-01,314,Analytics,116767,9730.58,16116,3211,9182,0,4700,11046
2023-02-01,315,Analytics,69291,5774.25,49079,11406,7933,0,4416,2994
2023-02-01,316,Security,67872,5656.0,10563,14268,5014,0,2082,5536
2023-02-01,317,Core Platform,78597,6549.75,45354,18777,7116,0,15492,6152
2023-02-01,318,AI Suite,43086,3590.5,9523,19046,4923,0,15720,27003
2023-02-01,319,Analytics,45032,3752.67,41443,7049,923,0,6428,3392
2023-02-01,320,AI Suite,144772,12064.33,28724,16093,548,0,27736,33664
2023-02-01,321,Analytics,137827,11485.58,21934,9766,1940,0,24489,30774
2023-02-01,322,Analytics,31095,2591.25,22981,9471,4172,0,8915,5550
2023-02-01,323,Security,94765,7897.08,2979,18783,5301,0,17047,25813
2023-02-01,324,Enterprise,137603,11466.92,32236,9428,9596,0,13412,5687
2023-02-01,325,AI Suite,96410,8034.17,45301,18344,4441,0,196,24442
2023-02-01,326,Analytics,104983,8748.58,40226,1955,9492,0,929,15066
2023-02-01,327,Analytics,49168,4097.33,33873,18789,7552,0,15738,8629
2023-02-01,328,Security,66331,5527.58,47516,15814,6980,0,28515,28077
2023-02-01,329,AI Suite,118850,9904.17,3086,15757,6965,0,21484,34059
2023-02-01,330,Core Platform,46306,3858.83,42815,13247,2656,0,25308,28319
2023-02-01,331,AI Suite,122502,10208.5,13955,13680,8487,0,7484,20497
2023-02-01,332,Core Platform,74781,6231.75,3353,16506,3169,0,18344,29019
2023-02-01,333,Analytics,134929,11244.08,30019,9678,1755,0,15019,6798
2023-02-01,334,Analytics,125806,10483.83,31706,11257,4306,0,13459,36774
2023-02-01,335,AI Suite,17773,1481.08,19834,3365,9743,0,5129,21811
2023-02-01,336,Security,145380,12115.0,33185,11043,6751,0,27191,31096
2023-02-01,337,Security,143844,11987.0,32470,18242,7517,0,23590,15796
2023-02-01,338,Enterprise,62220,5185.0,18166,1865,3858,0,28209,19197
2023-02-01,339,Enterprise,104211,8684.25,26569,1834,5832,0,3859,37065
2023-02-01,340,Core Platform,126140,10511.67,20401,1291,4549,0,5054,36817
2023-02-01,341,Enterprise,134120,11176.67,28830,12028,803,0,24376,11952
2023-02-01,342,Analytics,12474,1039.5,6746,5999,9090,0,17628,902
2023-02-01,343,AI Suite,109953,9162.75,17587,89,4157,0,27242,21266
2023-02-01,344,Analytics,99843,8320.25,18683,358,2756,0,20926,18819
2023-02-01,345,Analytics,136693,11391.08,38057,13967,7265,0,26269,21693
2023-02-01,346,Security,95524,7960.33,31585,19903,143,0,22593,21733
2023-02-01,347,Security,127428,10619.0,45346,16698,2804,0,16774,6380
2023-02-01,348,Analytics,42717,3559.75,10392,10777,3881,0,11705,34453
2023-02-01,349,Enterprise,41024,3418.67,10994,11633,4667,0,2527,14407
2023-02-01,350,Core Platform,89995,7499.58,48821,4039,3664,0,28770,38662
2023-02-01,351,Security,16244,1353.67,27835,11724,8779,0,8305,9070
2023-02-01,352,Security,128511,10709.25,28155,4973,2124,0,25479,19115
2023-02-01,353,Core Platform,75769,6314.08,30404,965,7691,0,5170,31204
2023-02-01,354,Analytics,24425,2035.42,36067,4477,6816,0,5452,18073
2023-02-01,355,Analytics,75156,6263.0,3601,7651,3089,0,10239,20298
2023-02-01,356,AI Suite,88855,7404.58,3573,2711,6229,0,25866,23549
2023-02-01,357,AI Suite,50700,4225.0,14093,19292,3967,0,9995,11018
2023-02-01,358,Security,36608,3050.67,35753,14104,3758,0,18897,30226
2023-02-01,359,Enterprise,60767,5063.92,22021,13680,1020,0,3457,6011
2023-02-01,360,Core Platform,83016,6918.0,5543,17534,4537,0,28401,27738
2023-02-01,361,Core Platform,0,0.0,33642,3712,6669,23017,23772,12907
2023-02-01,362,Enterprise,87303,7275.25,19478,14348,2644,0,19109,30135
2023-02-01,363,Core Platform,66910,5575.83,45222,18038,2862,0,25969,7937
2023-02-01,364,Core Platform,143850,11987.5,44509,6441,3558,0,22422,2888
2023-02-01,365,Analytics,124597,10383.08,37175,15903,1117,0,27115,16125
2023-02-01,366,AI Suite,65711,5475.92,15257,16002,1803,0,5682,29595
2023-02-01,367,Analytics,135636,11303.0,25398,9223,2481,0,612,20967
2023-02-01,368,Analytics,81861,6821.75,29270,18022,5718,0,22067,21310
2023-02-01,369,Security,46009,3834.08,34365,10532,1991,0,5423,32621
2023-02-01,370,Core Platform,23436,1953.0,7984,10972,6215,0,5508,18165
2023-02-01,371,Security,28947,2412.25,31313,3206,778,0,2113,35147
2023-02-01,372,Analytics,64541,5378.42,45283,8236,8811,0,1111,25918
2023-02-01,373,AI Suite,48411,4034.25,19918,19229,9083,0,29861,30204
2023-02-01,374,Analytics,69668,5805.67,44945,17375,489,0,4132,36250
2023-02-01,375,Security,12389,1032.42,41378,4743,3310,0,13072,34149
2023-02-01,376,Analytics,13262,1105.17,35635,1318,4987,0,11686,33524
2023-02-01,377,AI Suite,18434,1536.17,24684,3210,5453,0,29527,37377
2023-02-01,378,Core Platform,52178,4348.17,21863,4384,8564,0,24407,1601
2023-02-01,379,AI Suite,12156,1013.0,21863,866,9136,0,8570,5119
2023-02-01,380,Core Platform,73301,6108.42,13678,3,3270,0,25289,36264
2023-02-01,381,AI Suite,66453,5537.75,25816,3027,8255,0,202,27931
2023-02-01,382,AI Suite,7572,631.0,2672,4658,2643,0,1271,37877
2023-02-01,383,Security,122705,10225.42,26604,14511,186,0,1766,29704
2023-02-01,384,Enterprise,124039,10336.58,23232,16170,7169,0,29171,27583
2023-02-01,385,Security,9841,820.08,25504,13410,3569,89780,16782,15031
2023-02-01,386,Analytics,59384,4948.67,11905,3223,8970,0,2672,3333
2023-02-01,387,Enterprise,16358,1363.17,45742,8992,2120,0,12959,32415
2023-02-01,388,Security,136538,11378.17,47492,18993,4433,0,3623,38774
2023-02-01,389,Analytics,137876,11489.67,25970,19994,7669,0,727,25263
2023-02-01,390,Security,38405,3200.42,19457,4353,6676,0,7542,13371
2023-02-01,391,AI Suite,47377,3948.08,7660,7716,8794,0,24895,30746
2023-02-01,392,Security,140641,11720.08,4663,13660,5757,0,12742,39570
2023-02-01,393,Analytics,103656,8638.0,4506,9376,6161,0,13825,32768
2023-02-01,394,Analytics,31354,2612.83,11213,18685,2852,0,29725,17258
2023-02-01,395,Analytics,46799,3899.92,30125,18327,548,0,29888,37775
2023-02-01,396,AI Suite,65820,5485.0,44566,8972,2380,0,1560,23369
2023-02-01,397,Core Platform,125313,10442.75,19834,15696,6744,0,1640,34907
2023-02-01,398,Enterprise,103415,8617.92,42077,6649,1729,0,17466,7573
2023-02-01,399,AI Suite,44745,3728.75,24042,11779,6572,0,23181,39074
2023-02-01,400,Security,24574,2047.83,48777,13393,7347,0,3485,34266
2023-02-01,401,Analytics,139125,11593.75,40136,13306,8569,0,23792,9231
2023-02-01,402,Analytics,126722,10560.17,13746,4752,1156,0,3303,8662
2023-02-01,403,Security,33459,2788.25,32943,11082,2118,0,27100,31670
2023-02-01,404,Security,139000,11583.33,22147,7235,1613,0,28683,30554
2023-02-01,405,Analytics,146469,12205.75,35721,9390,1914,0,3487,12780
2023-02-01,406,Core Platform,21420,1785.0,1476,16499,8522,0,23765,26821
2023-02-01,407,Enterprise,139949,11662.42,35690,4276,5424,0,5366,4409
2023-02-01,408,Security,89290,7440.83,42486,15326,7743,0,15382,714
2023-02-01,409,Enterprise,104453,8704.42,37587,12101,9546,0,22695,19651
2023-02-01,410,AI Suite,109873,9156.08,49637,5,2597,0,6381,13370
2023-02-01,411,Enterprise,27610,2300.83,25904,6579,6810,0,26896,10996
2023-02-01,412,Enterprise,152161,12680.08,36579,13986,9461,0,13609,31041
2023-02-01,413,Enterprise,125154,10429.5,45038,19013,3765,0,9283,6708
2023-02-01,414,AI Suite,33807,2817.25,41581,2471,6023,0,1478,11896
2023-02-01,415,Core Platform,143999,11999.92,38370,19269,6551,0,12996,24819
2023-02-01,416,Analytics,88154,7346.17,25573,3147,3784,0,29580,8112
2023-02-01,417,Analytics,67337,5611.42,45109,14802,9288,0,20348,28319
2023-02-01,418,Core Platform,32258,2688.17,37809,3501,3527,0,4014,25395
2023-02-01,419,Analytics,92944,7745.33,37410,15807,1677,0,19443,28881
2023-02-01,420,Enterprise,81880,6823.33,1151,18621,4206,0,8774,17160
2023-02-01,421,Enterprise,59424,4952.0,35044,12240,7689,0,10647,19948
2023-02-01,422,Enterprise,51586,4298.83,41616,12464,2472,0,3431,33197
2023-02-01,423,Analytics,86880,7240.0,12571,15593,5815,0,7875,26110
2023-02-01,424,Enterprise,32625,2718.75,25211,7700,7323,0,7210,4156
2023-02-01,425,Security,16300,1358.33,1760,12459,5837,0,10428,36954
2023-02-01,426,Security,6536,544.67,42889,1230,7531,0,29808,33457
2023-02-01,427,AI Suite,88235,7352.92,14816,14914,5663,0,6117,17954
2023-02-01,428,Analytics,141821,11818.42,6995,19770,1915,0,7396,12351
2023-02-01,429,Analytics,129470,10789.17,22558,17667,2042,0,9679,31312
2023-02-01,430,Enterprise,26144,2178.67,16573,13344,2007,0,22284,663
2023-02-01,431,Security,17531,1460.92,10938,3817,1814,0,24828,8417
2023-02-01,432,AI Suite,151900,12658.33,26918,16568,7293,0,16443,35135
2023-02-01,433,Enterprise,55735,4644.58,10614,15569,2444,0,20585,18480
2023-02-01,434,AI Suite,33531,2794.25,15878,15556,2948,0,8741,29333
2023-02-01,435,Enterprise,9303,775.25,37429,16999,7696,94758,7254,1329
2023-02-01,436,Enterprise,93622,7801.83,9145,15086,1641,0,1844,35621
2023-02-01,437,AI Suite,114818,9568.17,14978,9263,5762,0,22475,24183
2023-02-01,438,Enterprise,129382,10781.83,11507,14127,3300,0,15378,14599
2023-02-01,439,AI Suite,113049,9420.75,31749,6460,2454,0,16601,33833
2023-02-01,440,AI Suite,7047,587.25,34141,14136,7089,117214,2150,7295
2023-02-01,441,Analytics,104495,8707.92,15262,6711,6246,0,16548,21153
2023-02-01,442,Analytics,4388,365.67,16224,1186,6472,0,10768,37843
2023-02-01,443,AI Suite,84340,7028.33,26190,15094,2111,0,21357,23581
2023-02-01,444,AI Suite,90664,7555.33,34591,5277,3175,0,4951,13856
2023-02-01,445,Enterprise,8343,695.25,21183,3179,5586,0,8316,7049
2023-02-01,446,Security,108795,9066.25,21521,1019,4110,0,19542,3851
2023-02-01,447,Core Platform,82542,6878.5,43779,1357,3337,0,20978,10177
2023-02-01,448,Security,81916,6826.33,16693,2930,9767,0,9605,20700
2023-02-01,449,Security,136622,11385.17,28649,1599,7347,0,15079,29146
2023-02-01,450,Enterprise,120282,10023.5,5067,12346,834,0,28784,19843
2023-02-01,451,AI Suite,29791,2482.58,28379,16317,2952,0,9372,17121
2023-02-01,452,Security,19794,1649.5,14985,17982,8756,0,15086,39178
2023-02-01,453,Analytics,161339,13444.92,21601,18775,2408,0,1991,5077
2023-02-01,454,Analytics,133011,11084.25,22457,2008,9869,0,8050,16261
2023-02-01,455,Security,13945,1162.08,4950,6783,415,0,24130,33824
2023-02-01,456,Security,69440,5786.67,1037,6831,1258,0,22614,24905
2023-02-01,457,Analytics,40003,3333.58,8879,2808,5248,0,2871,31651
2023-02-01,458,AI Suite,45074,3756.17,42074,837,8831,0,4197,21008
2023-02-01,459,Enterprise,53071,4422.58,48363,978,7499,0,22942,3128
2023-02-01,460,Core Platform,57920,4826.67,40905,9574,5129,0,26595,15433
2023-02-01,461,Enterprise,104255,8687.92,20149,523,6379,0,9437,5842
2023-02-01,462,Security,35627,2968.92,8661,17121,82,0,16802,13253
2023-02-01,463,Enterprise,21714,1809.5,42480,15075,7516,0,20767,4089
2023-02-01,464,AI Suite,13156,1096.33,2335,11765,8087,0,2633,2351
2023-02-01,465,Core Platform,53238,4436.5,22239,1626,6949,0,28791,20966
2023-02-01,466,Enterprise,34382,2865.17,12013,7626,461,0,7163,38507
2023-02-01,467,Analytics,95668,7972.33,9070,17510,1607,0,8222,13815
2023-02-01,468,Security,70555,5879.58,13959,13112,9426,0,19900,21936
2023-02-01,469,Security,53476,4456.33,6827,15353,4547,0,18647,11249
2023-02-01,470,Enterprise,129661,10805.08,40054,17965,1893,0,16857,34702
2023-02-01,471,Analytics,118058,9838.17,40940,18996,8834,0,23363,25282
2023-02-01,472,Enterprise,55853,4654.42,14694,1393,9212,0,10525,23373
2023-02-01,473,Enterprise,69904,5825.33,18205,292,388,0,5353,25884
2023-02-01,474,Security,102487,8540.58,9551,14685,5042,0,23478,1822
2023-02-01,475,Security,84866,7072.17,4732,19642,5385,0,21110,31326
2023-02-01,476,AI Suite,70587,5882.25,31975,17271,9871,0,14059,28431
2023-02-01,477,AI Suite,108901,9075.08,15653,7128,4975,0,28775,9149
2023-02-01,478,Core Platform,110549,9212.42,17739,14542,4745,0,5364,21076
2023-02-01,479,Core Platform,46730,3894.17,22533,8008,5119,0,17881,37869
2023-02-01,480,Security,119306,9942.17,36921,19952,8966,0,17814,33815
2023-02-01,481,Security,145492,12124.33,13116,4462,6861,0,27901,31451
2023-02-01,482,Core Platform,72776,6064.67,41502,11804,8749,0,19944,29602
2023-02-01,483,AI Suite,32171,2680.92,38333,5434,9632,0,6641,6752
2023-02-01,484,Security,49561,4130.08,42836,3664,2565,0,8635,10845
2023-02-01,485,Security,43557,3629.75,42466,911,1212,0,6647,6172
2023-02-01,486,Analytics,61871,5155.92,37913,17933,5658,0,13267,31091
2023-02-01,487,Enterprise,121163,10096.92,1922,8361,7192,0,13553,6527
2023-02-01,488,AI Suite,74526,6210.5,44271,3103,9609,0,9976,26810
2023-02-01,489,AI Suite,64059,5338.25,31590,8997,8870,0,2728,26960
2023-02-01,490,Analytics,86103,7175.25,13172,10428,190,0,15367,27082
2023-02-01,491,Security,97562,8130.17,9978,7825,4278,0,14503,37340
2023-02-01,492,Analytics,26883,2240.25,9988,6974,1786,0,20984,32190
2023-02-01,493,Core Platform,19684,1640.33,9839,14191,7164,0,24716,22683
2023-02-01,494,Enterprise,45862,3821.83,11518,2044,5459,0,21159,32352
2023-02-01,495,Security,147431,12285.92,37332,17221,3429,0,4113,20650
2023-02-01,496,Security,52567,4380.58,30905,11079,1719,0,17835,36146
2023-02-01,497,AI Suite,49226,4102.17,44874,8644,3809,0,3416,25415
2023-02-01,498,Analytics,13985,1165.42,28593,2225,7287,0,13558,31523
2023-02-01,499,Core Platform,62020,5168.33,12972,15017,3138,0,19400,24939
2023-02-01,500,Enterprise,109748,9145.67,19160,14273,4575,0,26677,38919
2023-03-01,1,AI Suite,89860,7488.33,30137,2283,248,0,16632,37947
2023-03-01,2,Analytics,137178,11431.5,4193,12422,8265,0,6100,28281
2023-03-01,3,Analytics,162532,13544.33,18581,17808,1057,0,2885,13072
2023-03-01,4,Analytics,59231,4935.92,37343,13571,9212,0,1398,14570
2023-03-01,5,Core Platform,70146,5845.5,4086,18539,2494,0,18789,28602
2023-03-01,6,AI Suite,124046,10337.17,21112,589,1179,0,22185,11564
2023-03-01,7,Enterprise,119871,9989.25,6714,5874,8209,0,7286,39074
2023-03-01,8,AI Suite,94415,7867.92,8441,14233,2443,0,6201,31043
2023-03-01,9,Enterprise,83570,6964.17,37856,14817,583,0,3300,26993
2023-03-01,10,AI Suite,140638,11719.83,49018,18907,5595,0,1812,21278
2023-03-01,11,Enterprise,15571,1297.58,30161,17869,2298,118476,22409,33084
2023-03-01,12,Analytics,76138,6344.83,33026,4828,9389,0,13599,5259
2023-03-01,13,AI Suite,139164,11597.0,44367,2968,2784,0,13965,30457
2023-03-01,14,Enterprise,57732,4811.0,16790,11600,4593,0,19489,38831
2023-03-01,15,AI Suite,58214,4851.17,37138,10478,1380,0,11631,3347
2023-03-01,16,Analytics,15785,1315.42,23392,4957,4196,0,21048,5842
2023-03-01,17,Core Platform,9606,800.5,19425,5311,2375,0,20960,35692
2023-03-01,18,Analytics,147946,12328.83,17408,11815,9076,0,27988,13491
2023-03-01,19,Security,30183,2515.25,35026,14707,8485,0,859,390
2023-03-01,20,Core Platform,48790,4065.83,20640,17526,4168,0,176,14812
2023-03-01,21,Enterprise,71214,5934.5,17708,14892,5311,0,14340,15728
2023-03-01,22,Core Platform,152853,12737.75,9941,12307,3354,0,26473,39901
2023-03-01,23,Enterprise,131734,10977.83,4689,17376,7887,0,10916,10034
2023-03-01,24,Security,40328,3360.67,1574,3935,1339,0,6819,34249
2023-03-01,25,Core Platform,73006,6083.83,30446,17441,2722,0,1386,14657
2023-03-01,26,Core Platform,57174,4764.5,19948,4070,9313,0,27256,30890
2023-03-01,27,Enterprise,31068,2589.0,11761,6386,9737,0,3002,33429
2023-03-01,28,Analytics,126722,10560.17,43631,597,425,0,6551,33714
2023-03-01,29,Core Platform,126662,10555.17,39971,6183,578,0,8887,36192
2023-03-01,30,Security,125155,10429.58,16599,5569,7196,0,6188,14138
2023-03-01,31,AI Suite,97164,8097.0,47585,3491,2060,0,8174,16325
2023-03-01,32,Core Platform,131953,10996.08,32376,9666,4383,0,16362,19590
2023-03-01,33,AI Suite,91688,7640.67,23072,7713,9355,0,10458,702
2023-03-01,34,Core Platform,97495,8124.58,36499,9324,3172,0,29442,11227
2023-03-01,35,Analytics,76319,6359.92,18713,4036,1213,0,25777,1176
2023-03-01,36,Security,87409,7284.08,26615,18705,9598,0,18833,36220
2023-03-01,37,Analytics,10515,876.25,38151,11570,8792,0,4409,7482
2023-03-01,38,Core Platform,121882,10156.83,3368,7174,9190,0,23877,39402
2023-03-01,39,Security,8497,708.08,3707,17257,8760,66769,5104,15451
2023-03-01,40,Enterprise,106869,8905.75,19643,14879,3264,0,16232,10676
2023-03-01,41,Core Platform,46154,3846.17,15066,14380,9802,0,22941,13191
2023-03-01,42,Enterprise,138773,11564.42,10645,5299,5956,0,13579,30779
2023-03-01,43,Enterprise,116937,9744.75,27107,17294,8068,0,21539,11667
2023-03-01,44,AI Suite,152496,12708.0,13284,9868,558,0,29098,601
2023-03-01,45,Enterprise,101458,8454.83,22021,8510,9984,0,2689,3430
2023-03-01,46,AI Suite,129265,10772.08,24307,9374,8628,0,26163,17238
2023-03-01,47,AI Suite,155666,12972.17,40990,18199,1754,0,22126,16432
2023-03-01,48,Enterprise,63675,5306.25,12725,7994,3811,0,29279,21567
2023-03-01,49,Enterprise,117458,9788.17,19604,711,8645,0,19712,24096
2023-03-01,50,Core Platform,31309,2609.08,39333,7581,2164,0,18125,15923
2023-03-01,51,AI Suite,46420,3868.33,32025,15681,1086,0,18489,16905
2023-03-01,52,Enterprise,29938,2494.83,10357,14779,2144,0,13203,602
2023-03-01,53,Core Platform,51427,4285.58,18949,18999,2929,0,19011,34547
2023-03-01,54,AI Suite,119429,9952.42,38424,5737,231,0,4725,28037
2023-03-01,55,AI Suite,52313,4359.42,28093,14393,1715,0,9167,33115
2023-03-01,56,Enterprise,83101,6925.08,15735,3759,1631,0,18489,19902
2023-03-01,57,Analytics,139968,11664.0,22264,7450,6595,0,27248,22816
2023-03-01,58,Analytics,31255,2604.58,49956,1800,2462,0,7932,8116
2023-03-01,59,Security,122144,10178.67,46842,13195,2613,0,12157,26167
2023-03-01,60,Core Platform,152523,12710.25,8591,14631,2518,0,11809,7406
2023-03-01,61,Security,109466,9122.17,2008,3662,4692,0,24756,10711
2023-03-01,62,Core Platform,55657,4638.08,33104,18288,3359,0,8760,24563
2023-03-01,63,Security,7318,609.83,28784,3490,2926,0,17115,28761
2023-03-01,64,Security,70525,5877.08,36076,18093,9190,0,26878,29527
2023-03-01,65,Core Platform,46509,3875.75,40608,4081,7191,0,24870,6989
2023-03-01,66,Core Platform,126384,10532.0,26292,10273,5847,0,700,18940
2023-03-01,67,Core Platform,68184,5682.0,3553,17811,3666,0,18755,19662
2023-03-01,68,Core Platform,34518,2876.5,45119,17816,5363,0,23243,23265
2023-03-01,69,Core Platform,29137,2428.08,23774,1030,9675,0,22794,29392
2023-03-01,70,Enterprise,128536,10711.33,1887,15442,8578,0,7578,7241
2023-03-01,71,Security,46631,3885.92,31527,5176,1583,0,5787,11922
2023-03-01,72,AI Suite,146858,12238.17,3564,19793,1086,0,16427,19377
2023-03-01,73,Core Platform,130011,10834.25,38841,15964,3780,0,16082,34873
2023-03-01,74,Core Platform,12388,1032.33,20291,1402,9585,0,5498,34447
2023-03-01,75,AI Suite,100886,8407.17,32677,5012,6369,0,18873,1135
2023-03-01,76,Analytics,80208,6684.0,35167,19277,4330,0,10016,21179
2023-03-01,77,Core Platform,45162,3763.5,36748,5441,3843,0,26826,10461
2023-03-01,78,Analytics,96711,8059.25,1298,2468,6340,0,534,34158
2023-03-01,79,Core Platform,134794,11232.83,8738,15145,5206,0,20420,27250
2023-03-01,80,Enterprise,109717,9143.08,32476,8457,1034,0,15492,30952
2023-03-01,81,Analytics,8354,696.17,47332,145,3714,0,15265,38279
2023-03-01,82,Core Platform,73732,6144.33,13724,4481,3440,0,5131,25386
2023-03-01,83,Analytics,65350,5445.83,40892,5910,5302,0,19071,15268
2023-03-01,84,Security,74852,6237.67,18684,8262,5411,0,12693,22415
2023-03-01,85,Core Platform,102781,8565.08,8295,9186,1232,0,20415,29720
2023-03-01,86,AI Suite,136433,11369.42,16907,10097,7368,0,24172,36262
2023-03-01,87,Analytics,61263,5105.25,37292,8630,7475,0,26235,7928
2023-03-01,88,AI Suite,89855,7487.92,4447,2714,1191,0,18015,30027
2023-03-01,89,Enterprise,115083,9590.25,7337,13161,4629,0,15593,7321
2023-03-01,90,Enterprise,24436,2036.33,26018,10532,2506,0,18684,28754
2023-03-01,91,Core Platform,20601,1716.75,18974,17564,9680,0,23928,1932
2023-03-01,92,Security,34021,2835.08,26927,19255,2492,0,20122,30055
2023-03-01,93,Core Platform,93691,7807.58,12922,8530,1777,0,18664,12349
2023-03-01,94,Core Platform,130293,10857.75,2160,15050,3600,0,1837,9978
2023-03-01,95,Analytics,88967,7413.92,37399,17261,2675,0,27378,12946
2023-03-01,96,Core Platform,95220,7935.0,19745,6014,7763,0,7876,21371
2023-03-01,97,AI Suite,63465,5288.75,24178,83,672,0,27748,21787
2023-03-01,98,Security,21017,1751.42,18035,9034,9841,0,91,19923
2023-03-01,99,Enterprise,73992,6166.0,29569,16885,9928,0,22974,36055
2023-03-01,100,Security,16131,1344.25,40652,17497,7536,0,19438,24656
2023-03-01,101,Core Platform,106547,8878.92,13871,7947,7331,0,24552,37443
2023-03-01,102,Security,27921,2326.75,35090,822,940,0,23713,2118
2023-03-01,103,Enterprise,48315,4026.25,14946,18780,4614,0,12616,37749
2023-03-01,104,Enterprise,80315,6692.92,4079,15712,4873,0,2366,24154
2023-03-01,105,AI Suite,113839,9486.58,29273,1153,6770,0,25784,526
2023-03-01,106,Analytics,108745,9062.08,49212,18608,82,0,14374,27048
2023-03-01,107,Analytics,111121,9260.08,15863,6425,8143,0,14235,30349
2023-03-01,108,Security,112697,9391.42,32920,18165,5512,0,4034,9576
2023-03-01,109,Enterprise,37137,3094.75,31788,9145,4099,0,2810,32964
2023-03-01,110,Analytics,33158,2763.17,34820,18320,4043,0,7989,31002
2023-03-01,111,AI Suite,2879,239.92,10757,1002,4176,0,13275,27647
2023-03-01,112,Security,145961,12163.42,27624,16069,1434,0,8383,3786
2023-03-01,113,Enterprise,80857,6738.08,8425,18796,9466,0,22847,28549
2023-03-01,114,Core Platform,0,0.0,20084,4734,6104,47377,27705,16274
2023-03-01,115,Analytics,59447,4953.92,28168,1928,2125,0,15997,810
2023-03-01,116,AI Suite,24826,2068.83,36662,14486,559,0,28218,21279
2023-03-01,117,Analytics,66361,5530.08,8600,8876,1386,0,20234,33630
2023-03-01,118,Core Platform,83265,6938.75,47293,9662,7210,0,24614,12048
2023-03-01,119,Analytics,158255,13187.92,24135,16175,6489,0,14106,47
2023-03-01,120,Analytics,71701,5975.08,8648,8772,2576,0,7321,29412
2023-03-01,121,Security,16982,1415.17,29564,12703,9963,0,1807,5619
2023-03-01,122,AI Suite,104266,8688.83,37136,14211,9950,0,20000,33897
2023-03-01,123,Analytics,55674,4639.5,26030,13580,7837,0,29137,34739
2023-03-01,124,AI Suite,50725,4227.08,35392,9981,1333,0,4119,2683
2023-03-01,125,AI Suite,146644,12220.33,14223,4447,7722,0,13581,34164
2023-03-01,126,Analytics,112844,9403.67,48458,6848,7267,0,7580,16629
2023-03-01,127,Enterprise,145462,12121.83,42117,8448,8401,0,19354,34284
2023-03-01,128,Enterprise,114800,9566.67,46140,5052,156,0,5590,19821
2023-03-01,129,Enterprise,99546,8295.5,33172,6527,8038,0,15387,10435
2023-03-01,130,AI Suite,115196,9599.67,2951,14110,721,0,24256,37327
2023-03-01,131,Enterprise,137922,11493.5,28058,15735,5789,0,21434,10955
2023-03-01,132,Core Platform,8852,737.67,27625,440,6654,0,13925,2805
2023-03-01,133,Core Platform,52474,4372.83,20659,12109,2528,0,28895,39706
2023-03-01,134,Enterprise,0,0.0,12867,5705,7704,39011,1474,1283
2023-03-01,135,Analytics,33756,2813.0,41250,6738,586,0,5315,38103
2023-03-01,136,Core Platform,12467,1038.92,33759,2073,9761,0,22340,35250
2023-03-01,137,AI Suite,59954,4996.17,13934,16233,2245,0,10120,5237
2023-03-01,138,Core Platform,22963,1913.58,27448,14340,8455,0,21250,32666
2023-03-01,139,Core Platform,22765,1897.08,33576,18424,7311,0,5893,29854
2023-03-01,140,Analytics,93002,7750.17,30798,3941,1114,0,16039,5429
2023-03-01,141,AI Suite,110480,9206.67,23485,7245,8044,0,3914,1007
2023-03-01,142,Security,81161,6763.42,11403,15936,4736,0,3424,15338
2023-03-01,143,Security,102415,8534.58,17386,7474,1604,0,20757,25447
2023-03-01,144,Enterprise,49121,4093.42,5485,13139,828,0,4829,17617
2023-03-01,145,Security,58227,4852.25,8765,9716,1579,0,12288,38133
2023-03-01,146,Analytics,148708,12392.33,24299,10269,919,0,2742,1961
2023-03-01,147,Security,47876,3989.67,8823,14358,413,0,1979,20248
2023-03-01,148,Security,143047,11920.58,7423,4155,242,0,27418,13494
2023-03-01,149,Security,116742,9728.5,35781,6307,4185,0,28029,219
2023-03-01,150,AI Suite,76897,6408.08,43957,2686,7293,0,19138,2816
2023-03-01,151,AI Suite,27704,2308.67,5388,7043,5983,0,11043,7781
2023-03-01,152,Analytics,47094,3924.5,8487,18697,6421,0,112,23362
2023-03-01,153,Enterprise,135506,11292.17,41783,16274,8177,0,14037,29356
2023-03-01,154,Security,143687,11973.92,40749,4995,6274,0,990,22492
2023-03-01,155,Security,149231,12435.92,16679,9467,4883,0,58,7404
2023-03-01,156,Security,52960,4413.33,33318,3560,5717,0,5970,14419
2023-03-01,157,Enterprise,129695,10807.92,11607,8702,758,0,29143,30490
2023-03-01,158,Enterprise,88623,7385.25,6260,18583,954,0,5145,4022
2023-03-01,159,Core Platform,57686,4807.17,29702,1915,9485,0,17529,29062
2023-03-01,160,AI Suite,94358,7863.17,48282,6165,6077,0,18991,4412
2023-03-01,161,Core Platform,47956,3996.33,30047,15801,3221,0,15237,23410
2023-03-01,162,Security,131717,10976.42,12339,1185,9852,0,226,39475
2023-03-01,163,Security,144152,12012.67,26317,7990,8987,0,8534,5044
2023-03-01,164,Enterprise,126851,10570.92,47358,1204,7524,0,22423,16889
2023-03-01,165,Security,89971,7497.58,8109,16499,8937,0,18623,12173
2023-03-01,166,Security,29776,2481.33,23417,8510,4088,0,7133,29291
2023-03-01,167,Security,130548,10879.0,44439,11605,3861,0,7875,28333
2023-03-01,168,Enterprise,117559,9796.58,31040,6148,5427,0,4363,1653
2023-03-01,169,Analytics,68722,5726.83,16414,11548,2725,0,26555,32730
2023-03-01,170,Core Platform,102106,8508.83,40512,15161,921,0,17295,37543
2023-03-01,171,Analytics,132387,11032.25,45190,15555,2772,0,5831,4627
2023-03-01,172,Analytics,67760,5646.67,26748,11972,8485,0,26958,31083
2023-03-01,173,Core Platform,56300,4691.67,3607,8568,9559,0,1189,1779
2023-03-01,174,AI Suite,122614,10217.83,6920,7609,9118,0,15275,26130
2023-03-01,175,AI Suite,108738,9061.5,49231,153,4455,0,28095,18318
2023-03-01,176,Enterprise,111355,9279.58,34253,11995,7725,0,16193,30613
2023-03-01,177,Enterprise,137075,11422.92,30493,11312,5854,0,1965,16855
2023-03-01,178,Analytics,55119,4593.25,3375,11325,1430,0,7241,9589
2023-03-01,179,Core Platform,149272,12439.33,13580,14582,8550,0,1822,10874
2023-03-01,180,Analytics,106270,8855.83,4963,7437,6155,0,23872,35445
2023-03-01,181,AI Suite,73773,6147.75,25962,6348,4362,0,924,10347
2023-03-01,182,Enterprise,86856,7238.0,20112,2656,1252,0,9181,11356
2023-03-01,183,Enterprise,143690,11974.17,35468,19981,5348,0,108,13827
2023-03-01,184,Enterprise,62899,5241.58,27902,17326,6327,0,397,6559
2023-03-01,185,Core Platform,102318,8526.5,31433,4093,3443,0,5287,33592
2023-03-01,186,Core Platform,151857,12654.75,31888,13670,9678,0,10029,2584
2023-03-01,187,Enterprise,140435,11702.92,32555,533,6795,0,17262,6981
2023-03-01,188,Security,102069,8505.75,41587,2390,7140,0,9832,21227
2023-03-01,189,Analytics,131071,10922.58,11593,1869,7526,0,8860,38206
2023-03-01,190,Analytics,97616,8134.67,3776,1245,5589,0,1777,31335
2023-03-01,191,Enterprise,109931,9160.92,13159,8703,5206,0,9927,30880
2023-03-01,192,AI Suite,26242,2186.83,21281,9764,4953,0,10356,4138
2023-03-01,193,AI Suite,137200,11433.33,45243,2637,7980,0,8530,19517
2023-03-01,194,Core Platform,22576,1881.33,10366,16364,6086,0,369,15497
2023-03-01,195,Enterprise,69806,5817.17,20747,8635,3857,0,21838,20315
2023-03-01,196,AI Suite,77620,6468.33,36950,5999,2022,0,12720,1953
2023-03-01,197,Security,53384,4448.67,45481,8476,6398,0,2608,18892
2023-03-01,198,Security,103011,8584.25,37074,11940,4297,0,9614,9320
2023-03-01,199,AI Suite,0,0.0,15224,7173,8248,22165,8361,5106
2023-03-01,200,Core Platform,98768,8230.67,38487,4126,180,0,8198,24764
2023-03-01,201,Enterprise,82158,6846.5,16134,13147,3094,0,28133,28352
2023-03-01,202,Enterprise,116055,9671.25,27084,2800,9916,0,29018,1027
2023-03-01,203,Enterprise,0,0.0,26845,6552,8309,85611,23439,22721
2023-03-01,204,Analytics,24037,2003.08,7245,7007,5727,0,3455,2315
2023-03-01,205,Analytics,130919,10909.92,14756,16680,6204,0,7239,23358
2023-03-01,206,Analytics,83385,6948.75,10781,5609,9794,0,18238,22040
2023-03-01,207,Enterprise,147434,12286.17,3604,3534,1901,0,24010,25869
2023-03-01,208,Security,151655,12637.92,43269,12210,9738,0,29840,15482
2023-03-01,209,Security,96412,8034.33,39595,2629,357,0,29010,19581
2023-03-01,210,Security,60409,5034.08,30625,3585,4526,0,29929,33627
2023-03-01,211,AI Suite,49076,4089.67,5051,2768,5662,0,26242,26418
2023-03-01,212,Enterprise,74073,6172.75,15602,13457,1304,0,8595,4447
2023-03-01,213,Analytics,137689,11474.08,44983,8582,6090,0,8514,3891
2023-03-01,214,Analytics,162511,13542.58,36490,16540,3439,0,2016,37890
2023-03-01,215,Core Platform,62908,5242.33,17765,17750,1035,0,2921,16895
2023-03-01,216,Security,64028,5335.67,46066,12454,3801,0,9198,37699
2023-03-01,217,Security,34936,2911.33,6442,9698,7641,0,29955,39494
2023-03-01,218,Security,25402,2116.83,48293,11914,4850,0,24137,11197
2023-03-01,219,Enterprise,48478,4039.83,31517,13423,3323,0,11442,3238
2023-03-01,220,Enterprise,141313,11776.08,28122,2225,9971,0,671,31629
2023-03-01,221,Enterprise,122247,10187.25,12937,4849,7387,0,25863,24856
2023-03-01,222,Analytics,134680,11223.33,1358,14308,2693,0,13591,19454
2023-03-01,223,AI Suite,121234,10102.83,1520,16505,5221,0,16610,25093
2023-03-01,224,AI Suite,34062,2838.5,7994,12705,1566,0,26000,608
2023-03-01,225,Core Platform,19790,1649.17,17001,18758,6051,0,26401,36976
2023-03-01,226,Analytics,18382,1531.83,18878,6434,6231,0,25117,16149
2023-03-01,227,Analytics,121720,10143.33,44421,5947,8363,0,29212,24857
2023-03-01,228,Security,40924,3410.33,25656,12698,7802,0,16819,10197
2023-03-01,229,AI Suite,72422,6035.17,45749,12122,3552,0,14022,33617
2023-03-01,230,Enterprise,68441,5703.42,18500,2236,8929,0,3178,28792
2023-03-01,231,Security,14738,1228.17,28873,17642,2904,84949,7100,20580
2023-03-01,232,Enterprise,36705,3058.75,45276,1615,2429,0,6470,19551
2023-03-01,233,Security,23093,1924.42,35215,10463,2949,0,2270,33190
2023-03-01,234,AI Suite,89606,7467.17,4105,15142,1031,0,12705,9289
2023-03-01,235,AI Suite,107918,8993.17,9840,13949,9499,0,28717,21827
2023-03-01,236,Enterprise,48770,4064.17,26548,19798,1899,0,6162,18818
2023-03-01,237,Analytics,0,0.0,4472,6818,8621,9701,25087,34420
2023-03-01,238,Security,44433,3702.75,13368,10440,3893,0,22649,3356
2023-03-01,239,Enterprise,76004,6333.67,21517,1296,7747,0,7381,36285
2023-03-01,240,Analytics,7677,639.75,22852,13013,5336,121201,239,22200
2023-03-01,241,Analytics,129333,10777.75,20201,12596,7969,0,21251,28994
2023-03-01,242,Enterprise,54979,4581.58,26953,18930,5764,0,18482,6476
2023-03-01,243,Enterprise,153373,12781.08,23408,19024,5406,0,9419,5130
2023-03-01,244,Core Platform,64576,5381.33,45096,9235,9272,0,19955,23297
2023-03-01,245,Security,108042,9003.5,24528,1936,3928,0,18772,31724
2023-03-01,246,Security,130472,10872.67,13990,10450,2452,0,14601,9712
2023-03-01,247,Security,73854,6154.5,43538,12646,277,0,22272,20266
2023-03-01,248,Enterprise,151625,12635.42,49198,11776,3318,0,21439,34249
2023-03-01,249,Core Platform,38338,3194.83,32081,2471,8090,0,10317,2398
2023-03-01,250,Enterprise,139860,11655.0,13463,5119,3612,0,24568,13518
2023-03-01,251,Enterprise,83577,6964.75,15026,14045,8095,0,22763,32318
2023-03-01,252,Core Platform,19599,1633.25,11311,18351,9443,0,3448,7380
2023-03-01,253,Analytics,148762,12396.83,1045,4744,5832,0,3757,37207
2023-03-01,254,Security,19588,1632.33,1684,14639,763,0,25003,13623
2023-03-01,255,Analytics,132504,11042.0,14720,16021,4122,0,4523,26341
2023-03-01,256,Analytics,0,0.0,22518,485,7824,145773,1379,4325
2023-03-01,257,Enterprise,52326,4360.5,20875,13787,5481,0,5388,25458
2023-03-01,258,AI Suite,60552,5046.0,47576,7,1920,0,27801,19479
2023-03-01,259,AI Suite,154655,12887.92,25622,7386,933,0,29418,22783
2023-03-01,260,Enterprise,32687,2723.92,4930,13214,1536,0,14711,11379
2023-03-01,261,Core Platform,63625,5302.08,18028,8470,1931,0,15248,38986
2023-03-01,262,Analytics,94921,7910.08,35183,15030,4608,0,29905,38684
2023-03-01,263,Core Platform,126084,10507.0,24400,2972,4218,0,13285,11316
2023-03-01,264,Analytics,140237,11686.42,3034,12697,4571,0,15198,2252
2023-03-01,265,Core Platform,6244,520.33,27073,13937,7693,32624,23220,19217
2023-03-01,266,Core Platform,99454,8287.83,40615,18612,1194,0,20791,11063
2023-03-01,267,Security,62479,5206.58,11222,16141,9187,0,29014,27712
2023-03-01,268,Core Platform,0,0.0,26630,4985,8881,131502,5199,34077
2023-03-01,269,Security,83081,6923.42,45158,6087,5077,0,6487,21958
2023-03-01,270,Security,41536,3461.33,16064,19489,6165,0,27258,17340
2023-03-01,271,Analytics,110752,9229.33,16357,14293,1488,0,905,33830
2023-03-01,272,Enterprise,74250,6187.5,25015,4873,8195,0,22280,11232
2023-03-01,273,Core Platform,158115,13176.25,13858,19467,5105,0,23253,5440
2023-03-01,274,Enterprise,12316,1026.33,3196,3402,6119,0,25698,16047
2023-03-01,275,Security,55090,4590.83,44966,12283,4012,0,8845,10196
2023-03-01,276,AI Suite,104695,8724.58,4479,962,3280,0,26231,5015
2023-03-01,277,Enterprise,110571,9214.25,46063,17815,9322,0,20467,38386
2023-03-01,278,AI Suite,0,0.0,20977,662,1297,9423,25159,11877
2023-03-01,279,Security,151158,12596.5,41180,6624,4177,0,7471,24106
2023-03-01,280,Security,39753,3312.75,39809,16269,7834,0,16801,7582
2023-03-01,281,Enterprise,76151,6345.92,18806,934,6445,0,14642,12912
2023-03-01,282,Analytics,64498,5374.83,8160,15187,8719,0,13816,4660
2023-03-01,283,Enterprise,80609,6717.42,2441,6058,1112,0,21546,34997
2023-03-01,284,AI Suite,104541,8711.75,1742,10163,804,0,29627,6729
2023-03-01,285,Security,80998,6749.83,40813,15298,2771,0,13132,11550
2023-03-01,286,Core Platform,156237,13019.75,29539,17301,5968,0,4592,11788
2023-03-01,287,Enterprise,89648,7470.67,31030,15739,5220,0,4961,35228
2023-03-01,288,Analytics,87775,7314.58,44997,8138,8605,0,17299,24179
2023-03-01,289,Analytics,27622,2301.83,28798,5068,4110,0,10222,21904
2023-03-01,290,Analytics,146708,12225.67,27802,11604,4505,0,20107,36709
2023-03-01,291,Security,72899,6074.92,1902,3095,6005,0,15969,3270
2023-03-01,292,Core Platform,118208,9850.67,40998,12748,8238,0,8919,6299
2023-03-01,293,Core Platform,6874,572.83,37222,11213,4339,31183,20510,36903
2023-03-01,294,Core Platform,114997,9583.08,43748,1908,3698,0,5878,11221
2023-03-01,295,Analytics,83046,6920.5,13683,10359,5705,0,1898,22312
2023-03-01,296,Enterprise,82002,6833.5,27335,4435,6058,0,13690,4279
2023-03-01,297,Enterprise,2768,230.67,39244,8975,6207,63642,10053,14640
2023-03-01,298,Security,20915,1742.92,28173,7399,9438,0,843,12207
2023-03-01,299,Analytics,156452,13037.67,12515,15612,3477,0,28511,10471
2023-03-01,300,Enterprise,77550,6462.5,2266,15264,4877,0,24564,11348
2023-03-01,301,Security,59687,4973.92,7672,1824,9405,0,24556,12749
2023-03-01,302,Enterprise,157708,13142.33,46316,15553,3434,0,16164,38594
2023-03-01,303,Core Platform,63764,5313.67,26296,4573,5951,0,21984,30578
2023-03-01,304,Core Platform,22629,1885.75,7827,8856,577,0,23341,23669
2023-03-01,305,Analytics,133040,11086.67,20339,18332,5705,0,9795,35585
2023-03-01,306,Core Platform,135705,11308.75,10120,1558,8455,0,27741,32496
2023-03-01,307,Enterprise,66898,5574.83,37151,7832,4994,0,13695,38411
2023-03-01,308,Security,119606,9967.17,48340,8720,1711,0,3184,9321
2023-03-01,309,Security,95957,7996.42,38911,9746,2724,0,67,8216
2023-03-01,310,Security,37403,3116.92,21042,12919,8756,0,22872,13904
2023-03-01,311,Security,43806,3650.5,36386,7760,5383,0,20249,27110
2023-03-01,312,Analytics,75386,6282.17,34363,3346,415,0,17082,527
2023-03-01,313,Analytics,16224,1352.0,49352,8926,9399,0,18015,17843
2023-03-01,314,Analytics,66084,5507.0,24412,14949,9502,0,17552,10864
2023-03-01,315,AI Suite,19339,1611.58,26486,10176,8790,0,6996,12414
2023-03-01,316,Core Platform,123530,10294.17,14926,12146,3198,0,9072,26920
2023-03-01,317,Enterprise,57368,4780.67,10662,7843,7545,0,173,15651
2023-03-01,318,Security,63011,5250.92,17467,11801,9163,0,2938,39043
2023-03-01,319,Analytics,83325,6943.75,37337,14531,1335,0,10788,16165
2023-03-01,320,Core Platform,135575,11297.92,34705,12457,8853,0,26799,22782
2023-03-01,321,Analytics,121705,10142.08,11383,7944,6008,0,29313,6926
2023-03-01,322,Core Platform,80564,6713.67,38235,10702,771,0,3765,3607
2023-03-01,323,Security,40819,3401.58,40901,8903,2281,0,14929,18172
2023-03-01,324,Analytics,13299,1108.25,5844,5023,6714,0,23312,3365
2023-03-01,325,Security,0,0.0,38018,4377,8496,149094,26758,18445
2023-03-01,326,Security,48516,4043.0,6774,11632,4401,0,28328,21230
2023-03-01,327,AI Suite,63105,5258.75,43915,12040,3267,0,29440,22862
2023-03-01,328,Enterprise,37224,3102.0,17235,14904,9022,0,20675,22795
2023-03-01,329,Analytics,145670,12139.17,33067,2544,4998,0,14837,39403
2023-03-01,330,Security,61523,5126.92,39191,6991,4114,0,23594,37043
2023-03-01,331,Security,141755,11812.92,33740,13621,1906,0,19331,19331
2023-03-01,332,Enterprise,1848,154.0,13687,10619,8771,85067,3277,12913
2023-03-01,333,Core Platform,51525,4293.75,45090,7837,6844,0,24369,17836
2023-03-01,334,Core Platform,2442,203.5,14481,800,9361,0,11593,8627
2023-03-01,335,Analytics,19514,1626.17,22922,11100,3590,0,24231,8655
2023-03-01,336,Security,68360,5696.67,4259,19043,7732,0,22193,20386
2023-03-01,337,Core Platform,119110,9925.83,42276,7259,9148,0,11640,17815
2023-03-01,338,Enterprise,109644,9137.0,2672,6314,5403,0,5250,13437
2023-03-01,339,AI Suite,112080,9340.0,17385,7154,2649,0,1748,38525
2023-03-01,340,Analytics,40750,3395.83,45063,12923,63,0,16125,36856
2023-03-01,341,Core Platform,97373,8114.42,8772,18719,3259,0,14550,31450
2023-03-01,342,Core Platform,142677,11889.75,16750,19743,3245,0,27000,27984
2023-03-01,343,Analytics,146726,12227.17,39763,7978,7938,0,12697,26896
2023-03-01,344,Security,121170,10097.5,13066,8755,2036,0,29048,6039
2023-03-01,345,Core Platform,71290,5940.83,47374,351,6203,0,13729,17490
2023-03-01,346,AI Suite,66637,5553.08,4728,3613,2883,0,24211,11320
2023-03-01,347,Core Platform,47699,3974.92,29205,6520,274,0,1561,6359
2023-03-01,348,Security,80500,6708.33,14125,15444,7082,0,23616,38229
2023-03-01,349,AI Suite,58596,4883.0,33489,3784,2737,0,26156,26792
2023-03-01,350,Analytics,54723,4560.25,28880,19454,5455,0,4179,15915
2023-03-01,351,Security,119337,9944.75,6564,15874,7446,0,29323,3437
2023-03-01,352,Analytics,122642,10220.17,19091,10304,9294,0,4801,2100
2023-03-01,353,AI Suite,9280,773.33,28189,14028,4748,128978,5838,1580
2023-03-01,354,Core Platform,30538,2544.83,12038,5737,7584,0,24134,27285
2023-03-01,355,Security,104619,8718.25,10396,6694,2926,0,26045,37001
2023-03-01,356,Core Platform,84466,7038.83,43091,13037,6221,0,25839,1234
2023-03-01,357,Enterprise,36179,3014.92,26505,19611,692,0,16356,17643
2023-03-01,358,Analytics,58341,4861.75,17282,15225,6458,0,4729,23732
2023-03-01,359,AI Suite,35076,2923.0,9791,17720,4778,0,3017,33899
2023-03-01,360,Enterprise,96719,8059.92,35470,5382,3457,0,3749,30129
2023-03-01,361,AI Suite,81990,6832.5,15765,8313,5936,0,23566,1957
2023-03-01,362,Security,103061,8588.42,6122,9998,6045,0,4580,10165
2023-03-01,363,Enterprise,33262,2771.83,33836,13324,160,0,11641,25402
2023-03-01,364,Enterprise,21137,1761.42,14847,8547,2793,0,15711,33287
2023-03-01,365,Analytics,82703,6891.92,36511,3438,7374,0,4464,10251
2023-03-01,366,Enterprise,94780,7898.33,17591,14037,9112,0,15663,9558
2023-03-01,367,Core Platform,62871,5239.25,12407,4256,6325,0,26191,23291
2023-03-01,368,Analytics,48251,4020.92,14655,1237,4926,0,1109,19841
2023-03-01,369,Core Platform,45554,3796.17,33372,19877,4087,0,21420,7626
2023-03-01,370,Security,131284,10940.33,16551,13872,9121,0,7732,36990
2023-03-01,371,Analytics,38868,3239.0,31233,9508,1933,0,11107,2564
2023-03-01,372,Enterprise,94903,7908.58,41153,16688,425,0,1164,20887
2023-03-01,373,Analytics,67441,5620.08,44996,4641,6475,0,21406,1187
2023-03-01,374,Security,139555,11629.58,35658,7428,9790,0,17707,29080
2023-03-01,375,Security,63863,5321.92,29127,17030,2546,0,16317,36394
2023-03-01,376,Security,78598,6549.83,18030,6661,4579,0,24521,18367
2023-03-01,377,Analytics,139989,11665.75,48928,19631,1387,0,24861,18794
2023-03-01,378,Security,30118,2509.83,41939,17598,5963,0,28346,30191
2023-03-01,379,Enterprise,146661,12221.75,5128,6649,5895,0,24094,10596
2023-03-01,380,Enterprise,148343,12361.92,29237,17979,6941,0,6830,16065
2023-03-01,381,Security,77066,6422.17,12442,15483,8402,0,27001,2147
2023-03-01,382,Analytics,39709,3309.08,29204,13771,910,0,9712,28005
2023-03-01,383,Analytics,11089,924.08,18295,7839,6308,0,21333,32105
2023-03-01,384,Analytics,78630,6552.5,5806,2264,8536,0,20929,2636
2023-03-01,385,Security,21057,1754.75,29224,1619,1027,0,23604,1222
2023-03-01,386,Analytics,141850,11820.83,18788,2585,1936,0,29476,17445
2023-03-01,387,Core Platform,61056,5088.0,7332,4946,7659,0,20647,24286
2023-03-01,388,AI Suite,155593,12966.08,41681,10348,4587,0,13011,20583
2023-03-01,389,Analytics,81922,6826.83,31205,11318,6758,0,8831,34717
2023-03-01,390,Analytics,120956,10079.67,9019,19263,906,0,4404,26314
2023-03-01,391,Core Platform,22947,1912.25,5663,18905,7893,0,3993,9378
2023-03-01,392,AI Suite,98549,8212.42,25534,70,9987,0,6252,4571
2023-03-01,393,Enterprise,44407,3700.58,24910,18443,6194,0,4066,39607
2023-03-01,394,AI Suite,18276,1523.0,2542,8026,8277,0,6300,22361
2023-03-01,395,Enterprise,47252,3937.67,34398,3494,6194,0,15878,16223
2023-03-01,396,Enterprise,96964,8080.33,25210,19571,5461,0,5690,12950
2023-03-01,397,Security,98254,8187.83,35120,2335,5200,0,8467,23710
2023-03-01,398,AI Suite,75426,6285.5,25862,4424,1414,0,23193,26734
2023-03-01,399,Security,7496,624.67,24899,5799,8606,0,5866,13484
2023-03-01,400,Analytics,137581,11465.08,1415,7146,2391,0,14383,2051
2023-03-01,401,Analytics,158378,13198.17,38424,9905,728,0,1646,3286
2023-03-01,402,AI Suite,63107,5258.92,49927,7564,1478,0,463,21694
2023-03-01,403,Analytics,155615,12967.92,46102,17687,5678,0,12340,9416
2023-03-01,404,Core Platform,80544,6712.0,40295,7321,8090,0,16683,26412
2023-03-01,405,Enterprise,53309,4442.42,22423,10485,2266,0,6433,8793
2023-03-01,406,Analytics,158514,13209.5,34799,9344,214,0,2334,10436
2023-03-01,407,Enterprise,118689,9890.75,34716,11350,8186,0,16356,243
2023-03-01,408,Security,88634,7386.17,33986,4936,6000,0,25824,37991
2023-03-01,409,Enterprise,41456,3454.67,32984,16267,2222,0,15862,38845
2023-03-01,410,Core Platform,153966,12830.5,48489,12088,1646,0,3031,24730
2023-03-01,411,AI Suite,132741,11061.75,36740,8191,8100,0,18460,36918
2023-03-01,412,Core Platform,35879,2989.92,32457,3167,6435,0,18160,18448
2023-03-01,413,Analytics,65928,5494.0,47853,19997,3128,0,9586,3328
2023-03-01,414,Core Platform,65120,5426.67,1261,12060,9313,0,26813,23810
2023-03-01,415,Core Platform,82442,6870.17,18398,4930,2117,0,23621,22900
2023-03-01,416,Analytics,57598,4799.83,25238,18072,4018,0,20999,38462
2023-03-01,417,Core Platform,130082,10840.17,10150,11756,7451,0,17974,9332
2023-03-01,418,Analytics,81415,6784.58,16619,8656,3639,0,9134,5878
2023-03-01,419,Security,57055,4754.58,19602,11429,6393,0,18238,23456
2023-03-01,420,Security,151438,12619.83,16322,12714,6294,0,24585,18899
2023-03-01,421,Security,100032,8336.0,45623,1059,9925,0,13981,37898
2023-03-01,422,Security,116630,9719.17,9125,6495,9960,0,28404,38491
2023-03-01,423,Analytics,41752,3479.33,10339,4801,5536,0,220,32808
2023-03-01,424,Enterprise,16945,1412.08,6302,10513,7701,0,1566,6132
2023-03-01,425,AI Suite,116603,9716.92,10260,8546,317,0,12648,24854
2023-03-01,426,Enterprise,43949,3662.42,14392,7026,4778,0,26360,30522
2023-03-01,427,Analytics,97378,8114.83,14582,3287,7925,0,20608,18397
2023-03-01,428,Security,124458,10371.5,5370,1710,7142,0,10441,8248
2023-03-01,429,Security,15832,1319.33,47377,10291,3853,0,27669,3677
2023-03-01,430,Analytics,79297,6608.08,18258,18967,1106,0,26721,9153
2023-03-01,431,AI Suite,38713,3226.08,27193,8444,1154,0,11790,18134
2023-03-01,432,Core Platform,36915,3076.25,32291,1802,175,0,1421,24340
2023-03-01,433,AI Suite,142755,11896.25,27083,16077,7341,0,6327,25161
2023-03-01,434,Security,94907,7908.92,35531,8113,7078,0,12194,18225
2023-03-01,435,AI Suite,23846,1987.17,19943,6128,2114,0,16192,25618
2023-03-01,436,Analytics,104282,8690.17,17064,19155,4897,0,20063,30439
2023-03-01,437,AI Suite,103933,8661.08,28968,11502,3723,0,27870,28645
2023-03-01,438,Analytics,42964,3580.33,5713,1534,6958,0,5554,38782
2023-03-01,439,Core Platform,73075,6089.58,48708,1654,8964,0,20974,17141
2023-03-01,440,Analytics,71734,5977.83,38081,1127,5113,0,19275,37377
2023-03-01,441,Core Platform,30945,2578.75,42877,5153,5155,0,19383,17350
2023-03-01,442,Enterprise,36354,3029.5,24134,10581,2617,0,26680,33174
2023-03-01,443,Core Platform,79755,6646.25,13444,552,1290,0,13018,13005
2023-03-01,444,AI Suite,73384,6115.33,39678,14344,1960,0,14252,13127
2023-03-01,445,AI Suite,124882,10406.83,16976,10724,4925,0,25425,12635
2023-03-01,446,AI Suite,80033,6669.42,17829,11742,3373,0,27488,10121
2023-03-01,447,Security,64596,5383.0,18226,9045,4960,0,3698,26262
2023-03-01,448,Enterprise,39521,3293.42,44704,18763,1180,0,29742,33614
2023-03-01,449,Enterprise,56786,4732.17,47703,1784,3723,0,13279,35224
2023-03-01,450,Enterprise,146081,12173.42,35597,9881,7818,0,18431,28676
2023-03-01,451,Core Platform,105740,8811.67,33519,2676,1374,0,2213,15192
2023-03-01,452,Security,28271,2355.92,34479,15545,9746,0,7166,20314
2023-03-01,453,Core Platform,18776,1564.67,11220,1570,1864,0,20263,6048
2023-03-01,454,Core Platform,77883,6490.25,15842,18975,5609,0,2075,31545
2023-03-01,455,Core Platform,82735,6894.58,11030,7794,5457,0,8702,15814
2023-03-01,456,Enterprise,99911,8325.92,28432,4778,8223,0,24806,22166
2023-03-01,457,Analytics,4622,385.17,47150,4222,8495,0,16577,22314
2023-03-01,458,Enterprise,45836,3819.67,47781,13029,5691,0,13097,319
2023-03-01,459,AI Suite,58140,4845.0,33088,5545,6774,0,1278,27515
2023-03-01,460,Enterprise,72731,6060.92,30910,3112,3160,0,21550,21684
2023-03-01,461,Security,96288,8024.0,8126,18114,8002,0,11024,19581
2023-03-01,462,AI Suite,116124,9677.0,33962,5973,3546,0,22639,34717
2023-03-01,463,Security,81315,6776.25,21189,2122,2119,0,11446,36827
2023-03-01,464,AI Suite,23081,1923.42,17528,2083,7933,0,7059,8966
2023-03-01,465,Analytics,27925,2327.08,23989,13889,5838,0,29439,9980
2023-03-01,466,AI Suite,69743,5811.92,44705,2903,7312,0,2256,38700
2023-03-01,467,Security,118917,9909.75,43082,7761,8938,0,21826,24624
2023-03-01,468,AI Suite,51732,4311.0,30050,17928,7096,0,15825,8158
2023-03-01,469,Enterprise,31896,2658.0,14293,6831,4963,0,8832,29258
2023-03-01,470,Core Platform,57612,4801.0,2385,10177,9789,0,9460,37920
2023-03-01,471,Enterprise,44297,3691.42,45684,7053,7050,0,16478,13919
2023-03-01,472,Enterprise,86361,7196.75,44693,9321,2182,0,2768,37190
2023-03-01,473,AI Suite,9174,764.5,40661,10399,1225,112441,9695,25704
2023-03-01,474,Security,47872,3989.33,16404,8389,8552,0,13390,32685
2023-03-01,475,Security,95734,7977.83,3054,15789,3973,0,20374,4817
2023-03-01,476,Analytics,75303,6275.25,35566,2,6916,0,19102,35258
2023-03-01,477,Security,127666,10638.83,39934,8576,1892,0,11154,30820
2023-03-01,478,AI Suite,93246,7770.5,22816,13026,2145,0,8692,34500
2023-03-01,479,Analytics,20219,1684.92,32093,5452,1785,0,29058,8692
2023-03-01,480,Analytics,44595,3716.25,38008,701,475,0,15482,19639
2023-03-01,481,Enterprise,41764,3480.33,15305,15824,8681,0,5625,38036
2023-03-01,482,Analytics,54169,4514.08,44451,15327,9370,0,17370,5743
2023-03-01,483,Core Platform,149255,12437.92,30220,10295,7634,0,17392,21463
2023-03-01,484,Security,61836,5153.0,20430,6841,5935,0,25011,30936
2023-03-01,485,Enterprise,109551,9129.25,30837,689,7838,0,13373,23592
2023-03-01,486,Core Platform,60427,5035.58,43742,17871,9288,0,5711,28672
2023-03-01,487,Enterprise,129258,10771.5,43092,19680,7483,0,16356,7970
2023-03-01,488,Core Platform,103372,8614.33,23600,8915,6693,0,827,35833
2023-03-01,489,AI Suite,125039,10419.92,33038,13764,9913,0,5509,32077
2023-03-01,490,Core Platform,149445,12453.75,32098,15697,4987,0,8261,14783
2023-03-01,491,Security,63728,5310.67,34988,12279,7417,0,27482,23858
2023-03-01,492,AI Suite,57470,4789.17,25038,12961,4874,0,25275,37865
2023-03-01,493,AI Suite,80795,6732.92,43379,13350,597,0,11629,2482
2023-03-01,494,Security,87015,7251.25,2344,12372,9577,0,17159,15386
2023-03-01,495,Enterprise,132116,11009.67,48801,13272,172,0,4016,32705
2023-03-01,496,Security,58980,4915.0,1678,6060,7716,0,16243,11731
2023-03-01,497,Enterprise,52044,4337.0,1982,17238,4563,0,26373,4569
2023-03-01,498,AI Suite,24752,2062.67,17322,15666,8959,0,18748,19789
2023-03-01,499,Core Platform,30469,2539.08,14681,10668,5005,0,8981,3009
2023-03-01,500,Analytics,9004,750.33,11142,4741,9821,0,24483,12853
2023-04-01,1,Enterprise,18295,1524.58,37765,935,1805,0,7528,15282
2023-04-01,2,Core Platform,28240,2353.33,16557,17980,2495,0,24210,10506
2023-04-01,3,Security,42846,3570.5,43767,14101,5938,0,17229,17341
2023-04-01,4,Security,35041,2920.08,40498,11208,5179,0,2803,11113
2023-04-01,5,Analytics,5611,467.58,37179,11159,5548,68931,10070,18455
2023-04-01,6,Core Platform,66952,5579.33,14303,2639,9069,0,7722,4328
2023-04-01,7,AI Suite,70935,5911.25,1587,8853,6680,0,23377,6319
2023-04-01,8,Security,101587,8465.58,23822,19197,5966,0,20755,17592
2023-04-01,9,Analytics,129117,10759.75,25852,8556,8443,0,18680,6360
2023-04-01,10,Core Platform,111613,9301.08,7839,15953,9070,0,11314,32821
2023-04-01,11,AI Suite,77127,6427.25,49905,13300,8745,0,5131,2711
2023-04-01,12,AI Suite,101371,8447.58,25674,8918,8811,0,13401,10172
2023-04-01,13,Core Platform,25181,2098.42,40478,3317,9404,0,20346,32314
2023-04-01,14,Enterprise,42887,3573.92,36289,3052,1511,0,12695,37814
2023-04-01,15,Security,98098,8174.83,39296,19398,3074,0,21639,12618
2023-04-01,16,Core Platform,94171,7847.58,33044,579,6363,0,13232,22460
2023-04-01,17,Security,126429,10535.75,24708,1522,7461,0,16582,7487
2023-04-01,18,Security,100386,8365.5,18592,19900,5312,0,11481,11336
2023-04-01,19,Enterprise,126282,10523.5,39185,2666,9889,0,19609,23144
2023-04-01,20,AI Suite,115033,9586.08,5301,1041,79,0,9431,15804
2023-04-01,21,AI Suite,99458,8288.17,15443,7119,7318,0,22869,22318
2023-04-01,22,Analytics,93313,7776.08,34242,6565,7127,0,9476,15301
2023-04-01,23,Core Platform,39128,3260.67,35385,1550,9320,0,23607,39308
2023-04-01,24,Core Platform,58049,4837.42,30226,3425,3745,0,15979,776
2023-04-01,25,Analytics,49045,4087.08,11437,6886,6246,0,23072,4801
2023-04-01,26,Enterprise,84621,7051.75,29455,15515,3851,0,5833,35936
2023-04-01,27,Enterprise,65609,5467.42,36232,3601,1320,0,6982,15442
2023-04-01,28,Analytics,119123,9926.92,35327,3046,2348,0,24761,4731
2023-04-01,29,AI Suite,0,0.0,4055,6377,7582,129210,761,27850
2023-04-01,30,Core Platform,97595,8132.92,29767,10633,1661,0,14488,20249
2023-04-01,31,Enterprise,103610,8634.17,4553,8734,2926,0,17580,12465
2023-04-01,32,Core Platform,109135,9094.58,20617,18701,7132,0,24709,30449
2023-04-01,33,Analytics,136003,11333.58,16890,12913,2619,0,3860,16415
2023-04-01,34,Core Platform,35571,2964.25,46366,3604,8945,0,7859,38418
2023-04-01,35,AI Suite,151760,12646.67,43874,8533,1176,0,393,8112
2023-04-01,36,Security,49996,4166.33,36766,16374,82,0,6484,34132
2023-04-01,37,Core Platform,144439,12036.58,14127,9641,2172,0,28574,25724
2023-04-01,38,Analytics,56914,4742.83,47006,17891,7876,0,2621,26690
2023-04-01,39,Core Platform,66273,5522.75,23191,3924,5058,0,24616,1230
2023-04-01,40,Core Platform,49704,4142.0,7690,15461,6083,0,27832,33673
2023-04-01,41,Security,45164,3763.67,17147,5003,9737,0,5835,2887
2023-04-01,42,Core Platform,40973,3414.42,28862,3935,6084,0,1048,36711
2023-04-01,43,AI Suite,123770,10314.17,39219,19102,3650,0,15788,11360
2023-04-01,44,Security,50704,4225.33,45232,9850,6493,0,4612,32810
2023-04-01,45,AI Suite,111052,9254.33,31784,892,6238,0,18298,927
2023-04-01,46,Security,53556,4463.0,36694,7383,1464,0,13241,36024
2023-04-01,47,AI Suite,133213,11101.08,38688,15651,8276,0,10783,27907
2023-04-01,48,Core Platform,145730,12144.17,38361,16278,1369,0,18795,3683
2023-04-01,49,Security,143528,11960.67,48983,8065,179,0,0,39703
2023-04-01,50,Analytics,128299,10691.58,14921,8324,1738,0,16761,4144
2023-04-01,51,AI Suite,20085,1673.75,2222,10917,5320,0,16163,38403
2023-04-01,52,Enterprise,36929,3077.42,34381,13826,8635,0,8667,6380
2023-04-01,53,Security,103651,8637.58,1966,11221,6644,0,4121,29149
2023-04-01,54,AI Suite,105481,8790.08,44972,17708,6624,0,23565,29479
2023-04-01,55,Core Platform,65647,5470.58,49391,7723,5247,0,22851,15249
2023-04-01,56,Security,66409,5534.08,7645,14524,6134,0,17700,26406
2023-04-01,57,AI Suite,53862,4488.5,48504,17047,1880,0,18060,27205
2023-04-01,58,Security,35761,2980.08,37955,15119,2872,0,13732,16733
2023-04-01,59,AI Suite,149840,12486.67,31293,5078,4963,0,8192,6484
2023-04-01,60,AI Suite,68625,5718.75,6508,9707,2870,0,29437,25602
2023-04-01,61,Core Platform,136354,11362.83,28455,14402,4038,0,8114,2513
2023-04-01,62,Security,23704,1975.33,35625,19722,5310,0,27948,14949
2023-04-01,63,Security,84451,7037.58,7804,4000,6853,0,14259,30944
2023-04-01,64,Analytics,107570,8964.17,18507,1379,6550,0,15625,25600
2023-04-01,65,AI Suite,39060,3255.0,21384,11477,5802,0,26873,4255
2023-04-01,66,AI Suite,23109,1925.75,34907,6307,4181,0,20855,961
2023-04-01,67,Core Platform,45563,3796.92,10804,11485,3712,0,28779,4404
2023-04-01,68,Security,96425,8035.42,11638,12007,8727,0,1900,12337
2023-04-01,69,Enterprise,11311,942.58,3765,12354,8233,0,17828,9773
2023-04-01,70,Security,133478,11123.17,29747,2368,3533,0,7884,29387
2023-04-01,71,Analytics,64114,5342.83,39075,3908,6361,0,11430,27471
2023-04-01,72,AI Suite,159880,13323.33,36890,17398,3021,0,2517,15083
2023-04-01,73,Security,50585,4215.42,43373,4056,4714,0,109,1890
2023-04-01,74,Analytics,152489,12707.42,42498,12875,1995,0,21641,32157
2023-04-01,75,Security,47682,3973.5,6612,10726,9976,0,26802,16685
2023-04-01,76,Core Platform,107828,8985.67,21133,14252,2226,0,6670,29033
2023-04-01,77,Analytics,121675,10139.58,2182,4587,2150,0,17334,35929
2023-04-01,78,Enterprise,86463,7205.25,37534,4562,7966,0,13514,19904
2023-04-01,79,Analytics,89449,7454.08,29089,14305,6088,0,16095,28562
2023-04-01,80,AI Suite,135633,11302.75,43443,18222,3898,0,17884,26634
2023-04-01,81,Enterprise,137854,11487.83,3969,10029,1563,0,17915,22934
2023-04-01,82,AI Suite,13959,1163.25,25851,11176,6062,0,2952,35078
2023-04-01,83,AI Suite,140973,11747.75,28526,12089,1675,0,14739,28253
2023-04-01,84,Analytics,58943,4911.92,41515,15066,4255,0,7529,1079
2023-04-01,85,Security,47654,3971.17,47434,13155,187,0,10076,6940
2023-04-01,86,AI Suite,53419,4451.58,43619,18,4760,0,25973,32369
2023-04-01,87,Security,63658,5304.83,15987,2226,9425,0,15305,28943
2023-04-01,88,AI Suite,0,0.0,49540,338,1053,76536,28754,25874
2023-04-01,89,Security,0,0.0,25129,581,1094,25149,6147,34752
2023-04-01,90,Analytics,27089,2257.42,28824,2759,647,0,12118,8456
2023-04-01,91,Core Platform,121966,10163.83,29757,7576,2922,0,1121,1474
2023-04-01,92,Enterprise,156031,13002.58,9405,12389,2128,0,18141,7801
2023-04-01,93,Enterprise,137186,11432.17,4647,600,7476,0,2268,3313
2023-04-01,94,Analytics,90372,7531.0,23898,4789,9301,0,13103,24231
2023-04-01,95,Core Platform,19208,1600.67,25404,8993,4690,0,7112,12800
2023-04-01,96,Security,9326,777.17,19858,2868,2781,0,4103,26086
2023-04-01,97,Security,157475,13122.92,49582,17060,8767,0,25103,17768
2023-04-01,98,Enterprise,73612,6134.33,10558,17315,9256,0,18056,30263
2023-04-01,99,Enterprise,135223,11268.58,40316,5692,6172,0,3092,26023
2023-04-01,100,AI Suite,64865,5405.42,18625,13583,7953,0,15157,20258
2023-04-01,101,Enterprise,131448,10954.0,3219,2494,9972,0,9568,3954
2023-04-01,102,Enterprise,25102,2091.83,47228,16001,7005,0,13789,9772
2023-04-01,103,AI Suite,55848,4654.0,45963,2736,651,0,7459,20678
2023-04-01,104,Enterprise,51639,4303.25,7790,17034,1024,0,26426,34186
2023-04-01,105,Analytics,14949,1245.75,37096,9236,7812,0,2921,38205
2023-04-01,106,AI Suite,110145,9178.75,29030,19828,4779,0,18580,14837
2023-04-01,107,Analytics,67041,5586.75,1786,14635,4981,0,13811,20890
2023-04-01,108,Security,70279,5856.58,4789,6012,826,0,4994,18919
2023-04-01,109,Security,58689,4890.75,19066,6976,9382,0,25673,25222
2023-04-01,110,Security,63090,5257.5,38691,6825,1002,0,16436,37332
2023-04-01,111,Core Platform,36432,3036.0,28662,233,2399,0,18179,12860
2023-04-01,112,Analytics,82240,6853.33,16708,14570,3419,0,4173,18852
2023-04-01,113,Security,77485,6457.08,12845,110,3331,0,26840,17097
2023-04-01,114,Analytics,51731,4310.92,6259,3087,5187,0,8694,29824
2023-04-01,115,Analytics,61378,5114.83,22134,6292,7140,0,5040,34710
2023-04-01,116,Security,30914,2576.17,4066,7418,2246,0,22767,1866
2023-04-01,117,Security,35183,2931.92,37756,18797,3706,0,1219,24968
2023-04-01,118,Analytics,68377,5698.08,44767,8846,9695,0,3532,32598
2023-04-01,119,Core Platform,57519,4793.25,33258,16494,6017,0,3008,25336
2023-04-01,120,Security,98113,8176.08,34357,6479,2049,0,3638,22502
2023-04-01,121,Core Platform,142046,11837.17,21631,1280,8244,0,10341,23345
2023-04-01,122,Security,28314,2359.5,1930,6896,7322,0,11589,6222
2023-04-01,123,Enterprise,130209,10850.75,26382,18193,9890,0,870,34073
2023-04-01,124,Core Platform,138780,11565.0,34197,12904,2446,0,12606,13694
2023-04-01,125,Core Platform,157423,13118.58,8720,18478,3414,0,11653,6209
2023-04-01,126,Security,52457,4371.42,45463,1748,4843,0,28700,35817
2023-04-01,127,Core Platform,30551,2545.92,34948,5919,920,0,16503,17622
2023-04-01,128,Security,115701,9641.75,12437,16233,1864,0,6531,15117
2023-04-01,129,Enterprise,138078,11506.5,35766,5995,1344,0,14039,8287
2023-04-01,130,Analytics,47426,3952.17,7706,4293,4968,0,23510,24189
2023-04-01,131,AI Suite,30946,2578.83,13252,11122,5926,0,12385,28262
2023-04-01,132,Analytics,69751,5812.58,36009,11514,7966,0,3005,20828
2023-04-01,133,AI Suite,132168,11014.0,24395,8276,2561,0,25514,24426
2023-04-01,134,Core Platform,100500,8375.0,44527,15283,7554,0,8007,28077
2023-04-01,135,Core Platform,51076,4256.33,17581,11189,3511,0,10979,7285
2023-04-01,136,Enterprise,80108,6675.67,37263,359,7338,0,19958,8813
2023-04-01,137,Core Platform,130568,10880.67,34953,8763,3270,0,8050,5443
2023-04-01,138,Security,114660,9555.0,5382,156,7734,0,20484,10851
2023-04-01,139,Security,87795,7316.25,46143,6962,9156,0,11821,24597
2023-04-01,140,Core Platform,56313,4692.75,25490,16657,3343,0,25201,14753
2023-04-01,141,AI Suite,33058,2754.83,8584,14024,1496,0,24868,17995
2023-04-01,142,Analytics,113282,9440.17,7489,4599,4919,0,13044,16704
2023-04-01,143,Core Platform,26356,2196.33,34511,15539,7156,0,20401,28551
2023-04-01,144,Core Platform,103780,8648.33,6750,6124,4873,0,17726,27220
2023-04-01,145,Analytics,109041,9086.75,10575,7249,6426,0,16495,29034
2023-04-01,146,AI Suite,123949,10329.08,14513,10884,699,0,954,12168
2023-04-01,147,Analytics,74459,6204.92,47210,2519,727,0,16564,35974
2023-04-01,148,Core Platform,94483,7873.58,30762,4279,1349,0,14882,212
2023-04-01,149,Security,35858,2988.17,22471,16762,7470,0,25140,19985
2023-04-01,150,Analytics,141375,11781.25,45652,6861,3346,0,26595,20683
2023-04-01,151,Analytics,69636,5803.0,49286,18392,7715,0,6074,5985
2023-04-01,152,Analytics,43212,3601.0,19462,14009,3135,0,3415,32906
2023-04-01,153,Core Platform,137690,11474.17,23377,10046,5261,0,10974,34827
2023-04-01,154,Enterprise,55127,4593.92,6902,1244,1986,0,23997,21845
2023-04-01,155,Security,149675,12472.92,48609,16198,8964,0,16206,10027
2023-04-01,156,Core Platform,90794,7566.17,32795,15693,9713,0,25298,23177
2023-04-01,157,Core Platform,62596,5216.33,37249,9074,1236,0,11355,36360
2023-04-01,158,Core Platform,9806,817.17,34195,18445,8639,107223,11884,1989
2023-04-01,159,Security,88731,7394.25,3408,11026,1131,0,439,36363
2023-04-01,160,Analytics,47357,3946.42,43505,12846,9163,0,19040,19880
2023-04-01,161,AI Suite,114521,9543.42,4434,19065,1350,0,25348,34410
2023-04-01,162,Core Platform,44722,3726.83,22713,6054,3366,0,18869,21867
2023-04-01,163,Core Platform,30453,2537.75,47973,2482,859,0,12520,27375
2023-04-01,164,AI Suite,94150,7845.83,23183,5547,8232,0,2825,1377
2023-04-01,165,AI Suite,146328,12194.0,5321,1116,3662,0,26712,35317
2023-04-01,166,Core Platform,128916,10743.0,41691,938,5426,0,11659,23543
2023-04-01,167,Enterprise,35086,2923.83,18256,880,5130,0,24210,9161
2023-04-01,168,Core Platform,118409,9867.42,38810,35,6144,0,11721,8296
2023-04-01,169,Core Platform,120017,10001.42,9036,5948,8391,0,9078,8603
2023-04-01,170,Security,26791,2232.58,46313,17514,4573,0,6298,24905
2023-04-01,171,Security,55934,4661.17,35060,5911,5853,0,6613,7359
2023-04-01,172,Core Platform,92200,7683.33,30867,16023,725,0,5292,7994
2023-04-01,173,AI Suite,108525,9043.75,21472,19078,6934,0,1575,8037
2023-04-01,174,Enterprise,130344,10862.0,10477,11638,438,0,1366,32103
2023-04-01,175,Analytics,61884,5157.0,16543,9724,4073,0,10173,10121
2023-04-01,176,Analytics,124711,10392.58,41979,14697,2913,0,17809,9223
2023-04-01,177,AI Suite,126189,10515.75,3476,3062,168,0,2483,38990
2023-04-01,178,Analytics,81966,6830.5,16934,8955,8564,0,216,1650
2023-04-01,179,Core Platform,15599,1299.92,4545,15871,272,16807,12968,27357
2023-04-01,180,Core Platform,8876,739.67,28996,71,2398,0,13979,29712
2023-04-01,181,AI Suite,145857,12154.75,16950,9865,7880,0,20487,28467
2023-04-01,182,Security,54109,4509.08,46107,17123,8694,0,17301,29835
2023-04-01,183,Core Platform,108772,9064.33,34623,2698,7526,0,17692,19547
2023-04-01,184,Security,88683,7390.25,30470,7269,9752,0,22689,28593
2023-04-01,185,Analytics,103894,8657.83,49315,16395,788,0,27345,8553
2023-04-01,186,Analytics,100888,8407.33,14994,4933,3,0,21136,36540
2023-04-01,187,Analytics,44885,3740.42,16289,12455,7274,0,14110,6013
2023-04-01,188,Analytics,62819,5234.92,41593,9866,7150,0,9109,38148
2023-04-01,189,Enterprise,107304,8942.0,5099,10200,3980,0,3049,15464
2023-04-01,190,AI Suite,67922,5660.17,34983,18672,7141,0,1499,34034
2023-04-01,191,Core Platform,132782,11065.17,28975,3522,4145,0,7227,30171
2023-04-01,192,Analytics,14704,1225.33,40738,7833,4732,0,3299,39586
2023-04-01,193,Analytics,16825,1402.08,22104,126,8116,0,27933,11740
2023-04-01,194,AI Suite,51891,4324.25,5478,2076,2221,0,29105,25227
2023-04-01,195,Analytics,74067,6172.25,21661,3779,2618,0,9262,23348
2023-04-01,196,AI Suite,124593,10382.75,9046,10357,9125,0,876,4126
2023-04-01,197,Core Platform,57077,4756.42,4312,9798,9270,0,395,19836
2023-04-01,198,Core Platform,23028,1919.0,46141,8177,1029,0,23915,37810
2023-04-01,199,Security,144299,12024.92,5976,15082,5909,0,19905,3784
2023-04-01,200,Security,65672,5472.67,1637,2411,1115,0,22403,3809
2023-04-01,201,AI Suite,75261,6271.75,37164,15898,8972,0,11182,39511
2023-04-01,202,AI Suite,142015,11834.58,19400,7079,2621,0,24660,3217
2023-04-01,203,Core Platform,95870,7989.17,10340,11035,9738,0,12412,19540
2023-04-01,204,Analytics,118225,9852.08,11136,15459,6120,0,17184,10490
2023-04-01,205,Core Platform,56817,4734.75,24437,2826,4915,0,15417,33914
2023-04-01,206,Security,22146,1845.5,40297,16141,6786,0,3614,38105
2023-04-01,207,Core Platform,24989,2082.42,8993,2384,5034,0,4334,38109
2023-04-01,208,AI Suite,141890,11824.17,45910,10845,1107,0,21133,27436
2023-04-01,209,Enterprise,142175,11847.92,29185,8413,9867,0,5503,20043
2023-04-01,210,Enterprise,74047,6170.58,1049,18147,1589,0,28922,39386
2023-04-01,211,Analytics,85864,7155.33,33665,5940,3261,0,22844,7695
2023-04-01,212,Analytics,137665,11472.08,26180,19771,4138,0,4142,1758
2023-04-01,213,AI Suite,43692,3641.0,10274,15538,4114,0,6792,8508
2023-04-01,214,Enterprise,97974,8164.5,26234,19943,2521,0,26219,29024
2023-04-01,215,Core Platform,50327,4193.92,8459,6585,7301,0,15743,24565
2023-04-01,216,Core Platform,99136,8261.33,39556,1362,3597,0,10552,32970
2023-04-01,217,Security,107309,8942.42,15455,6678,5454,0,26014,4333
2023-04-01,218,AI Suite,35079,2923.25,39717,9907,2850,0,26621,24578
2023-04-01,219,Security,77095,6424.58,22311,5536,8123,0,12348,13915
2023-04-01,220,Security,8593,716.08,12565,14336,5743,119173,15706,26037
2023-04-01,221,AI Suite,138732,11561.0,48049,10969,964,0,326,35029
2023-04-01,222,Security,57174,4764.5,11950,13816,3994,0,3112,4716
2023-04-01,223,AI Suite,130755,10896.25,35369,6555,5148,0,9394,39846
2023-04-01,224,Core Platform,85115,7092.92,24818,13323,6771,0,13317,18960
2023-04-01,225,AI Suite,19556,1629.67,37663,5912,4380,0,21813,7165
2023-04-01,226,Enterprise,75723,6310.25,40538,1152,570,0,18838,29109
2023-04-01,227,Analytics,110419,9201.58,24593,14862,3931,0,4778,38607
2023-04-01,228,Analytics,88567,7380.58,32208,11221,2371,0,27950,10170
2023-04-01,229,Enterprise,120107,10008.92,17078,16917,8436,0,16596,11324
2023-04-01,230,Core Platform,100392,8366.0,42169,12877,1829,0,6678,10687
2023-04-01,231,AI Suite,107415,8951.25,16435,6265,5423,0,27587,7575
2023-04-01,232,Security,144460,12038.33,39869,17620,5025,0,2020,27433
2023-04-01,233,Security,94450,7870.83,40959,5655,9714,0,4437,25052
2023-04-01,234,Core Platform,76381,6365.08,20547,2525,9879,0,8686,4989
2023-04-01,235,Analytics,81605,6800.42,42386,11357,7844,0,26027,12595
2023-04-01,236,Enterprise,72606,6050.5,13738,1470,7873,0,15531,7594
2023-04-01,237,Core Platform,14892,1241.0,32467,7554,9794,0,20754,28247
2023-04-01,238,AI Suite,75871,6322.58,21781,1386,3185,0,11731,39409
2023-04-01,239,Security,144868,12072.33,39444,6260,9422,0,1996,28054
2023-04-01,240,AI Suite,42055,3504.58,37182,16053,5399,0,29626,29435
2023-04-01,241,Security,53558,4463.17,24499,17399,6381,0,7956,6901
2023-04-01,242,Security,65816,5484.67,6681,3502,2918,0,8433,17441
2023-04-01,243,Core Platform,97697,8141.42,2058,19274,7214,0,863,24475
2023-04-01,244,Analytics,52709,4392.42,25787,6627,5371,0,12738,616
2023-04-01,245,Security,66026,5502.17,37356,14729,3185,0,22893,10674
2023-04-01,246,Analytics,121769,10147.42,19479,9223,1043,0,14405,20469
2023-04-01,247,Core Platform,65522,5460.17,17692,5830,9098,0,24002,14043
2023-04-01,248,Analytics,138360,11530.0,27361,4445,2881,0,9500,5357
2023-04-01,249,Enterprise,122037,10169.75,4700,11369,7892,0,22140,5331
2023-04-01,250,Analytics,49367,4113.92,23426,11814,7194,0,11057,39719
2023-04-01,251,Analytics,94022,7835.17,21569,473,2685,0,7645,36490
2023-04-01,252,Analytics,42695,3557.92,17545,18077,6158,0,3543,16347
2023-04-01,253,Enterprise,26567,2213.92,40890,7069,492,0,17900,27007
2023-04-01,254,AI Suite,0,0.0,1703,6963,7162,34502,10653,37035
2023-04-01,255,Analytics,158714,13226.17,6105,15886,2350,0,19352,2361
2023-04-01,256,Core Platform,96929,8077.42,38806,19589,5139,0,18642,10161
2023-04-01,257,Core Platform,19601,1633.42,41772,10844,7077,0,26718,34882
2023-04-01,258,Security,109206,9100.5,25936,18890,1316,0,1227,39984
2023-04-01,259,AI Suite,152732,12727.67,15217,13629,2457,0,14881,15029
2023-04-01,260,Security,143698,11974.83,19347,19870,1458,0,22480,35867
2023-04-01,261,Enterprise,68016,5668.0,25214,9568,4017,0,2846,8560
2023-04-01,262,AI Suite,30024,2502.0,11180,17293,2709,0,29957,7073
2023-04-01,263,Core Platform,97691,8140.92,25735,6387,5480,0,12849,39807
2023-04-01,264,Core Platform,28709,2392.42,39571,10506,6826,0,25497,7417
2023-04-01,265,Security,135936,11328.0,12070,1017,173,0,22325,28371
2023-04-01,266,Analytics,141598,11799.83,26117,5014,4556,0,16164,28182
2023-04-01,267,AI Suite,31528,2627.33,3543,12467,9146,0,6263,1555
2023-04-01,268,Core Platform,130416,10868.0,42441,905,2999,0,5741,2451
2023-04-01,269,Security,126300,10525.0,48940,1958,2910,0,3331,11785
2023-04-01,270,Core Platform,23400,1950.0,28550,2181,8072,0,24805,29019
2023-04-01,271,Security,31041,2586.75,45281,3756,2468,0,11352,13515
2023-04-01,272,Security,65643,5470.25,32456,13269,3627,0,17592,21600
2023-04-01,273,Enterprise,87340,7278.33,27059,10380,561,0,3812,11879
2023-04-01,274,Security,49978,4164.83,21421,9821,8865,0,27065,1002
2023-04-01,275,AI Suite,6756,563.0,5731,12330,5574,38895,7200,19033
2023-04-01,276,Enterprise,54022,4501.83,38551,19883,3096,0,29068,38653
2023-04-01,277,AI Suite,121334,10111.17,11844,19690,3129,0,356,17345
2023-04-01,278,Enterprise,68632,5719.33,32483,12473,5539,0,24658,29341
2023-04-01,279,Analytics,15771,1314.25,27677,2820,7741,0,11191,37357
2023-04-01,280,AI Suite,148041,12336.75,33500,9914,5442,0,29139,21098
2023-04-01,281,Analytics,68347,5695.58,35978,4150,1935,0,19041,12171
2023-04-01,282,Core Platform,128165,10680.42,11279,19837,2855,0,26756,5065
2023-04-01,283,Enterprise,67771,5647.58,19906,14827,5497,0,11065,11469
2023-04-01,284,Analytics,14335,1194.58,22480,17525,8307,0,4114,771
2023-04-01,285,AI Suite,51820,4318.33,1743,4771,7893,0,9458,15028
2023-04-01,286,Core Platform,94,7.83,39824,1391,1297,128555,6732,19914
2023-04-01,287,Security,90257,7521.42,43785,18119,8383,0,1394,27303
2023-04-01,288,Core Platform,83526,6960.5,43929,7637,2481,0,17045,22099
2023-04-01,289,Analytics,36499,3041.58,6407,7193,7728,0,9135,16595
2023-04-01,290,AI Suite,154387,12865.58,36905,8178,1235,0,16555,23057
2023-04-01,291,Core Platform,38392,3199.33,2709,4706,1784,0,23121,37864
2023-04-01,292,AI Suite,117224,9768.67,22311,4921,4729,0,25072,3694
2023-04-01,293,Analytics,67588,5632.33,7606,10890,1034,0,4611,21269
2023-04-01,294,Security,143610,11967.5,39374,19980,9715,0,341,14086
2023-04-01,295,Core Platform,71477,5956.42,3876,10964,3811,0,1215,31772
2023-04-01,296,Enterprise,148620,12385.0,3079,7581,4314,0,22077,33291
2023-04-01,297,Security,87579,7298.25,48588,2033,1286,0,6609,4152
2023-04-01,298,Core Platform,74698,6224.83,47011,15932,9937,0,12374,42
2023-04-01,299,Enterprise,60522,5043.5,32805,8851,9760,0,1961,9577
2023-04-01,300,AI Suite,144527,12043.92,4535,16360,9554,0,9157,34181
2023-04-01,301,Enterprise,61648,5137.33,48189,14621,2427,0,6419,17191
2023-04-01,302,AI Suite,118774,9897.83,27999,13720,7281,0,28623,12721
2023-04-01,303,Security,5688,474.0,18006,9463,9143,0,22127,25713
2023-04-01,304,Security,54412,4534.33,24367,8470,5129,0,15269,23027
2023-04-01,305,AI Suite,128254,10687.83,41787,5073,5730,0,16915,15864
2023-04-01,306,Analytics,44802,3733.5,26180,19686,1313,0,19981,32048
2023-04-01,307,Analytics,160544,13378.67,43163,17554,6922,0,29815,5375
2023-04-01,308,Enterprise,81238,6769.83,25681,9016,4629,0,20148,24570
2023-04-01,309,Analytics,119550,9962.5,38888,18125,4953,0,2372,13285
2023-04-01,310,Enterprise,61825,5152.08,27625,1768,8584,0,18362,7738
2023-04-01,311,Enterprise,72829,6069.08,32541,126,9824,0,14195,23947
2023-04-01,312,Core Platform,47068,3922.33,21315,9035,1020,0,20710,37091
2023-04-01,313,Enterprise,118957,9913.08,5913,14073,4388,0,1203,31442
2023-04-01,314,Analytics,57140,4761.67,21206,6175,1455,0,17727,26291
2023-04-01,315,Enterprise,16916,1409.67,15181,2797,2587,0,7895,14584
2023-04-01,316,Analytics,91348,7612.33,45921,4709,2723,0,425,12241
2023-04-01,317,AI Suite,121281,10106.75,25169,7582,1185,0,3299,35324
2023-04-01,318,Core Platform,78845,6570.42,45683,13385,6401,0,13344,34138
2023-04-01,319,Analytics,45147,3762.25,14869,16122,8472,0,13052,19910
2023-04-01,320,Enterprise,90612,7551.0,30030,8655,1390,0,15311,36752
2023-04-01,321,Core Platform,121429,10119.08,27361,6482,9398,0,958,6917
2023-04-01,322,Analytics,46976,3914.67,37002,19669,7362,0,25811,24591
2023-04-01,323,Core Platform,134955,11246.25,31763,9014,7688,0,99,5123
2023-04-01,324,Analytics,146846,12237.17,9259,3720,5660,0,20279,599
2023-04-01,325,Analytics,75596,6299.67,34524,7599,2742,0,18922,28900
2023-04-01,326,Analytics,53147,4428.92,30630,18944,6651,0,3146,37446
2023-04-01,327,Core Platform,100511,8375.92,37854,1454,6018,0,4366,6424
2023-04-01,328,AI Suite,39634,3302.83,47054,17895,5740,0,28474,34811
2023-04-01,329,Enterprise,23520,1960.0,28016,712,3176,0,20882,38950
2023-04-01,330,AI Suite,114491,9540.92,27901,13147,1940,0,21211,21034
2023-04-01,331,Core Platform,135029,11252.42,44061,9118,4836,0,2539,22160
2023-04-01,332,Enterprise,105956,8829.67,21569,14583,9946,0,5602,4451
2023-04-01,333,Security,152257,12688.08,18714,13223,5038,0,29635,15961
2023-04-01,334,Enterprise,56241,4686.75,35309,9558,8344,0,18577,27238
2023-04-01,335,Security,123329,10277.42,35894,11275,4061,0,16376,36900
2023-04-01,336,Security,70836,5903.0,30558,11811,581,0,9374,1176
2023-04-01,337,Security,23516,1959.67,40398,8168,7443,0,17464,29673
2023-04-01,338,Enterprise,55971,4664.25,47525,15828,4977,0,16923,30540
2023-04-01,339,Security,21910,1825.83,28667,869,9059,0,6420,24951
2023-04-01,340,Core Platform,123958,10329.83,43070,19505,3991,0,11906,30087
2023-04-01,341,AI Suite,123791,10315.92,20951,5122,3317,0,28041,8480
2023-04-01,342,Analytics,33914,2826.17,39008,8246,6823,0,13328,102
2023-04-01,343,Security,14417,1201.42,15013,6319,1913,0,15679,9134
2023-04-01,344,AI Suite,50444,4203.67,48180,13798,5444,0,14969,27634
2023-04-01,345,Core Platform,118544,9878.67,44865,1034,8676,0,3223,20948
2023-04-01,346,Security,103357,8613.08,20638,19182,1528,0,15070,18002
2023-04-01,347,Security,59330,4944.17,20481,8315,4060,0,22347,9513
2023-04-01,348,Enterprise,39559,3296.58,46401,5289,1076,0,25197,37579
2023-04-01,349,Analytics,66880,5573.33,43172,17835,2665,0,11065,17416
2023-04-01,350,Enterprise,115276,9606.33,28271,9023,1317,0,8379,8279
2023-04-01,351,Core Platform,121568,10130.67,40479,11646,8723,0,4598,10403
2023-04-01,352,Analytics,94754,7896.17,34599,17394,3762,0,6346,33578
2023-04-01,353,Enterprise,59332,4944.33,35942,5790,6607,0,8299,16968
2023-04-01,354,Analytics,61871,5155.92,3472,13091,718,0,29332,21310
2023-04-01,355,Security,91703,7641.92,38313,18831,2810,0,1404,30533
2023-04-01,356,Security,100443,8370.25,9100,11496,4503,0,4996,2401
2023-04-01,357,Enterprise,74634,6219.5,42830,9905,1019,0,15616,5480
2023-04-01,358,Core Platform,37866,3155.5,15258,10953,907,0,17399,8271
2023-04-01,359,Core Platform,128803,10733.58,7286,19631,1927,0,9785,590
2023-04-01,360,Enterprise,111640,9303.33,45963,19869,6470,0,23909,38436
2023-04-01,361,AI Suite,118519,9876.58,15268,17628,442,0,22129,15282
2023-04-01,362,AI Suite,111578,9298.17,43282,19192,4204,0,20095,12404
2023-04-01,363,Security,38103,3175.25,38486,664,450,0,27105,36530
2023-04-01,364,Security,74512,6209.33,30540,18542,6818,0,6709,30435
2023-04-01,365,Enterprise,128981,10748.42,20119,3976,8734,0,8407,32404
2023-04-01,366,Enterprise,103352,8612.67,25700,4185,6371,0,20482,18376
2023-04-01,367,Core Platform,27731,2310.92,3986,17945,8992,0,22567,36986
2023-04-01,368,Enterprise,130451,10870.92,39908,1941,7304,0,16971,929
2023-04-01,369,Security,116119,9676.58,48883,14585,6587,0,8512,3177
2023-04-01,370,Analytics,103148,8595.67,24701,9985,5055,0,27379,37514
2023-04-01,371,Enterprise,66491,5540.92,40956,13765,1209,0,29984,26720
2023-04-01,372,Enterprise,22210,1850.83,38916,18373,9190,0,10914,17406
2023-04-01,373,Enterprise,110396,9199.67,4591,4926,8163,0,18689,29916
2023-04-01,374,Enterprise,29211,2434.25,22383,17195,2210,0,6564,675
2023-04-01,375,Analytics,37847,3153.92,6515,10305,2875,0,7101,31954
2023-04-01,376,AI Suite,140655,11721.25,8018,1371,2526,0,20787,36783
2023-04-01,377,Security,52886,4407.17,34739,13152,4935,0,25201,21495
2023-04-01,378,Core Platform,11579,964.92,29152,15882,4303,131086,19832,17481
2023-04-01,379,AI Suite,29081,2423.42,32061,6882,6594,0,16009,39324
2023-04-01,380,AI Suite,123571,10297.58,38384,8808,2393,0,3789,155
2023-04-01,381,Security,131734,10977.83,36927,18155,7962,0,23785,9270
2023-04-01,382,Analytics,69354,5779.5,42417,3319,815,0,10603,35764
2023-04-01,383,Core Platform,36461,3038.42,42613,16815,3590,0,2096,21869
2023-04-01,384,Analytics,93030,7752.5,31559,6961,9675,0,3192,18743
2023-04-01,385,Security,113728,9477.33,39978,18148,2572,0,3289,24941
2023-04-01,386,Core Platform,116954,9746.17,24054,12252,3609,0,8570,12386
2023-04-01,387,Enterprise,18433,1536.08,1604,12010,6173,0,4791,31557
2023-04-01,388,Enterprise,102200,8516.67,33904,1255,4738,0,14137,592
2023-04-01,389,Security,12871,1072.58,35711,3327,4554,0,21701,16328
2023-04-01,390,Security,9018,751.5,35274,5305,8958,0,17312,21836
2023-04-01,391,AI Suite,143566,11963.83,30455,6908,489,0,19597,14639
2023-04-01,392,Security,93002,7750.17,40050,16093,8673,0,27679,25696
2023-04-01,393,AI Suite,5434,452.83,5155,1468,2244,0,2254,23920
2023-04-01,394,Core Platform,122319,10193.25,25266,3580,5648,0,1970,22852
2023-04-01,395,Security,106575,8881.25,19031,2370,8673,0,13937,16888
2023-04-01,396,Core Platform,62503,5208.58,5147,15593,8555,0,27200,3156
2023-04-01,397,Enterprise,121558,10129.83,31128,14523,7194,0,26787,8717
2023-04-01,398,Core Platform,10948,912.33,44397,2566,3732,0,21076,5008
2023-04-01,399,Enterprise,1742,145.17,25908,4137,9592,0,12510,35006
2023-04-01,400,Security,97989,8165.75,37650,17624,5253,0,26837,11711
2023-04-01,401,Security,33911,2825.92,21739,13460,721,0,26482,12740
2023-04-01,402,Analytics,73433,6119.42,23350,2323,4510,0,25279,31168
2023-04-01,403,AI Suite,40031,3335.92,24465,18675,3307,0,21979,23406
2023-04-01,404,Analytics,59419,4951.58,24267,18392,7696,0,16507,4099
2023-04-01,405,Security,42615,3551.25,11569,1176,1725,0,365,5390
2023-04-01,406,Core Platform,123421,10285.08,16351,11283,8668,0,17730,27421
2023-04-01,407,Enterprise,65147,5428.92,25187,6979,8642,0,14476,37725
2023-04-01,408,AI Suite,63420,5285.0,37344,10120,206,0,25375,28963
2023-04-01,409,Analytics,31350,2612.5,1204,8389,2443,0,262,9522
2023-04-01,410,Security,133691,11140.92,16890,14185,9188,0,2022,31813
2023-04-01,411,AI Suite,144941,12078.42,34489,11934,5974,0,27263,16102
2023-04-01,412,Core Platform,57477,4789.75,32442,15389,7085,0,24691,38528
2023-04-01,413,AI Suite,18387,1532.25,37492,4501,4291,0,22167,30363
2023-04-01,414,Enterprise,32701,2725.08,45434,15361,8677,0,17081,33354
2023-04-01,415,Security,148135,12344.58,37341,18684,9820,0,24662,15937
2023-04-01,416,Core Platform,64717,5393.08,25462,3612,184,0,8029,19683
2023-04-01,417,Core Platform,118354,9862.83,25127,9692,3154,0,5764,26412
2023-04-01,418,Enterprise,8369,697.42,30650,11856,3487,124586,16272,29384
2023-04-01,419,Enterprise,107890,8990.83,7827,11095,9757,0,11151,28421
2023-04-01,420,Enterprise,122158,10179.83,9827,10997,8738,0,18136,36818
2023-04-01,421,Security,5742,478.5,39126,7085,8667,0,6808,9155
2023-04-01,422,Analytics,158211,13184.25,26900,18590,4440,0,19145,8476
2023-04-01,423,Core Platform,128338,10694.83,4595,12177,5712,0,23767,32184
2023-04-01,424,AI Suite,24630,2052.5,48752,11839,8143,0,26081,7991
2023-04-01,425,Core Platform,78490,6540.83,30822,7095,1520,0,16561,1473
2023-04-01,426,Core Platform,116385,9698.75,1803,18511,5654,0,12452,4043
2023-04-01,427,Security,33582,2798.5,38755,4242,2711,0,6429,31362
2023-04-01,428,Security,122627,10218.92,8728,15058,9007,0,23900,34108
2023-04-01,429,Security,109376,9114.67,13832,1864,8394,0,3158,29490
2023-04-01,430,Core Platform,72213,6017.75,29263,17310,5184,0,15828,25360
2023-04-01,431,Security,50436,4203.0,9822,13489,6943,0,8792,30882
2023-04-01,432,Core Platform,21981,1831.75,32843,7194,7268,0,26707,15480
2023-04-01,433,Analytics,36178,3014.83,7816,8690,3140,0,10263,34714
2023-04-01,434,Security,82394,6866.17,49020,12926,7311,0,5316,13599
2023-04-01,435,AI Suite,103256,8604.67,28762,6963,1120,0,17349,33686
2023-04-01,436,Analytics,0,0.0,20393,1230,6063,26475,26619,9505
2023-04-01,437,Analytics,146114,12176.17,14160,15098,5897,0,19511,26263
2023-04-01,438,AI Suite,52152,4346.0,20708,9043,6523,0,9666,12303
2023-04-01,439,Enterprise,124961,10413.42,28378,1315,4201,0,2212,10704
2023-04-01,440,Security,23211,1934.25,36576,17087,1795,0,19909,35095
2023-04-01,441,AI Suite,70302,5858.5,5237,3053,3369,0,28441,12393
2023-04-01,442,Core Platform,52730,4394.17,3700,959,2143,0,16975,31916
2023-04-01,443,Enterprise,148683,12390.25,18729,7993,8191,0,21976,36686
2023-04-01,444,Security,13733,1144.42,15909,14706,8701,0,16482,6515
2023-04-01,445,Core Platform,94809,7900.75,43188,3111,666,0,8487,19638
2023-04-01,446,Enterprise,20904,1742.0,40499,269,8039,0,14403,19178
2023-04-01,447,AI Suite,129488,10790.67,12080,1845,5541,0,15833,35174
2023-04-01,448,Security,80799,6733.25,34728,11953,7193,0,21051,9106
2023-04-01,449,Analytics,139247,11603.92,10177,1315,4715,0,2975,3985
2023-04-01,450,AI Suite,53805,4483.75,24169,2498,4356,0,7637,2910
2023-04-01,451,AI Suite,147638,12303.17,3431,14726,2608,0,4668,33088
2023-04-01,452,Enterprise,138665,11555.42,3090,17550,4320,0,12756,26282
2023-04-01,453,Enterprise,51304,4275.33,7096,14923,8839,0,27742,23545
2023-04-01,454,AI Suite,153856,12821.33,10030,18506,9250,0,16884,20830
2023-04-01,455,Enterprise,111805,9317.08,24789,12174,8018,0,29877,37612
2023-04-01,456,Enterprise,69042,5753.5,43487,2147,4863,0,14388,39546
2023-04-01,457,Security,117776,9814.67,22814,14373,9361,0,21500,38308
2023-04-01,458,Enterprise,88449,7370.75,5389,19442,7448,0,6624,15017
2023-04-01,459,AI Suite,7228,602.33,48164,3432,7051,0,10774,26628
2023-04-01,460,Analytics,126513,10542.75,15723,3224,9482,0,16757,12217
2023-04-01,461,AI Suite,85155,7096.25,16319,11834,5081,0,26265,25215
2023-04-01,462,Enterprise,34368,2864.0,30894,854,8681,0,2626,23069
2023-04-01,463,Analytics,68710,5725.83,43023,295,6888,0,19063,32022
2023-04-01,464,Analytics,126240,10520.0,42623,8073,6086,0,29294,5220
2023-04-01,465,Security,75643,6303.58,9818,12938,8357,0,27102,6931
2023-04-01,466,AI Suite,142239,11853.25,19848,13049,3349,0,13782,9624
2023-04-01,467,Security,76925,6410.42,40368,11313,1697,0,6096,14738
2023-04-01,468,Analytics,26331,2194.25,25345,13398,8750,0,12542,7621
2023-04-01,469,Analytics,62219,5184.92,22756,14957,8938,0,8320,33113
2023-04-01,470,Security,149527,12460.58,29656,12614,8624,0,818,22682
2023-04-01,471,Analytics,142513,11876.08,9077,18870,9082,0,16432,11691
2023-04-01,472,Security,86019,7168.25,42583,18861,2638,0,12460,25621
2023-04-01,473,Analytics,70460,5871.67,9641,135,7678,0,21097,6632
2023-04-01,474,Core Platform,46112,3842.67,47194,17881,5843,0,13352,22119
2023-04-01,475,AI Suite,132177,11014.75,32869,5439,4758,0,15161,4215
2023-04-01,476,Core Platform,134947,11245.58,32734,1661,2019,0,5983,17906
2023-04-01,477,Enterprise,681,56.75,7563,7884,7203,41095,10360,1759
2023-04-01,478,Core Platform,87490,7290.83,35108,19032,2853,0,5603,26389
2023-04-01,479,Analytics,134375,11197.92,39710,12469,4493,0,12970,2777
2023-04-01,480,AI Suite,49776,4148.0,26695,12704,125,0,13003,30199
2023-04-01,481,Analytics,39137,3261.42,44823,9100,1005,0,29840,8765
2023-04-01,482,Core Platform,122515,10209.58,48603,9129,7844,0,1842,39530
2023-04-01,483,Security,74446,6203.83,23433,18950,1157,0,12696,29244
2023-04-01,484,Enterprise,100697,8391.42,44373,9526,5485,0,22700,31291
2023-04-01,485,Core Platform,68391,5699.25,16405,19007,4501,0,19966,2040
2023-04-01,486,AI Suite,20753,1729.42,36693,965,8862,0,5273,6085
2023-04-01,487,Analytics,145831,12152.58,49488,10510,9299,0,11549,7958
2023-04-01,488,Enterprise,76475,6372.92,20914,3837,714,0,19862,5019
2023-04-01,489,Core Platform,93627,7802.25,18609,3152,2110,0,15424,6930
2023-04-01,490,Security,3040,253.33,31668,11481,8441,130897,23475,13715
2023-04-01,491,Core Platform,46870,3905.83,14562,1120,568,0,28739,2076
2023-04-01,492,AI Suite,92384,7698.67,28125,8243,829,0,16912,4219
2023-04-01,493,Enterprise,100683,8390.25,35867,10717,8781,0,9297,6219
2023-04-01,494,Core Platform,40790,3399.17,6454,9394,5229,0,17252,39849
2023-04-01,495,Enterprise,135890,11324.17,11230,5699,3725,0,8641,35747
2023-04-01,496,AI Suite,62719,5226.58,16286,18244,3388,0,17227,12062
2023-04-01,497,AI Suite,94984,7915.33,2902,12088,5622,0,6594,14782
2023-04-01,498,Security,46887,3907.25,11005,12850,3355,0,9808,6921
2023-04-01,499,Core Platform,108845,9070.42,33321,5429,7779,0,13925,11400
2023-04-01,500,Enterprise,143550,11962.5,29467,14720,4605,0,5240,30374
2023-05-01,1,Analytics,30091,2507.58,27935,16015,5039,0,19997,3591
2023-05-01,2,AI Suite,11588,965.67,49833,3069,6777,0,6177,2933
2023-05-01,3,Analytics,53916,4493.0,45709,14783,6961,0,10070,15549
2023-05-01,4,Analytics,9314,776.17,33551,4668,2836,0,383,37501
2023-05-01,5,Analytics,135283,11273.58,27221,12490,378,0,3120,18591
2023-05-01,6,Enterprise,120255,10021.25,2003,10443,731,0,3075,34573
2023-05-01,7,Core Platform,121561,10130.08,49011,2863,3591,0,14518,2562
2023-05-01,8,Enterprise,14174,1181.17,11715,15547,1373,97501,21461,34372
2023-05-01,9,Analytics,111133,9261.08,16568,13048,6154,0,12485,29321
2023-05-01,10,AI Suite,106024,8835.33,21869,16125,2287,0,7661,26756
2023-05-01,11,AI Suite,142495,11874.58,12750,16892,5770,0,17663,34306
2023-05-01,12,Analytics,119540,9961.67,27891,10102,3197,0,7911,15795
2023-05-01,13,AI Suite,122522,10210.17,13872,11890,5322,0,23926,27999
2023-05-01,14,Enterprise,155505,12958.75,38722,12251,2173,0,15441,25838
2023-05-01,15,Core Platform,87395,7282.92,48317,2125,6670,0,8037,4646
2023-05-01,16,AI Suite,76606,6383.83,32167,4172,9447,0,11240,17352
2023-05-01,17,AI Suite,73326,6110.5,20156,3355,2312,0,21219,4975
2023-05-01,18,Core Platform,64191,5349.25,9376,3276,518,0,9856,9013
2023-05-01,19,Security,83686,6973.83,20395,15461,2046,0,15118,32982
2023-05-01,20,Analytics,12083,1006.92,8003,5252,7244,0,3455,18792
2023-05-01,21,Enterprise,72766,6063.83,23065,14938,3702,0,28106,34498
2023-05-01,22,Enterprise,17791,1482.58,5597,12039,4453,0,22819,14526
2023-05-01,23,Analytics,70727,5893.92,42358,4558,6982,0,23086,12185
2023-05-01,24,Analytics,70980,5915.0,5026,11673,5984,0,24519,10371
2023-05-01,25,AI Suite,97529,8127.42,34065,13936,8904,0,25178,26592
2023-05-01,26,Core Platform,53140,4428.33,38653,19480,8051,0,3032,2987
2023-05-01,27,AI Suite,22470,1872.5,19620,7221,9992,0,16273,14755
2023-05-01,28,Enterprise,50690,4224.17,16158,1362,6029,0,25133,17071
2023-05-01,29,AI Suite,24677,2056.42,26458,10122,734,0,25057,39750
2023-05-01,30,Security,138803,11566.92,47038,16365,3799,0,4604,8557
2023-05-01,31,Analytics,100485,8373.75,18123,1739,6914,0,659,33162
2023-05-01,32,Enterprise,118940,9911.67,31318,556,267,0,3227,35408
2023-05-01,33,Analytics,0,0.0,41068,72,7896,18177,27417,28620
2023-05-01,34,Analytics,89021,7418.42,4774,18231,5959,0,15639,22165
2023-05-01,35,AI Suite,119873,9989.42,8319,14811,6162,0,21627,22617
2023-05-01,36,Analytics,80202,6683.5,48110,10072,1227,0,28771,7694
2023-05-01,37,Analytics,71308,5942.33,28877,12024,6725,0,11202,2855
2023-05-01,38,Security,62622,5218.5,10800,16452,4233,0,20723,29442
2023-05-01,39,AI Suite,107594,8966.17,44137,18623,7331,0,14955,22742
2023-05-01,40,Security,15555,1296.25,48878,19107,3552,21373,23921,3499
2023-05-01,41,Security,149538,12461.5,32435,17975,7718,0,3811,34068
2023-05-01,42,AI Suite,84980,7081.67,34419,18677,7037,0,9570,32948
2023-05-01,43,Core Platform,17809,1484.08,49484,12594,2689,0,19150,5389
2023-05-01,44,Security,23037,1919.75,40198,4075,7923,0,29579,32751
2023-05-01,45,AI Suite,61100,5091.67,42641,8554,2678,0,1572,20889
2023-05-01,46,Core Platform,110564,9213.67,14417,17242,6548,0,642,23994
2023-05-01,47,Enterprise,69795,5816.25,20410,2928,2350,0,22560,31432
2023-05-01,48,Analytics,89223,7435.25,35099,2939,2987,0,4218,38068
2023-05-01,49,Core Platform,125781,10481.75,42723,3010,1497,0,3399,30453
2023-05-01,50,AI Suite,54696,4558.0,40633,19889,7395,0,1792,31013
2023-05-01,51,AI Suite,56695,4724.58,41315,5732,2415,0,1325,31631
2023-05-01,52,AI Suite,104032,8669.33,31577,2939,5748,0,23588,12293
2023-05-01,53,AI Suite,137404,11450.33,4946,429,6041,0,22742,34662
2023-05-01,54,Security,86874,7239.5,35176,11086,8049,0,22132,27401
2023-05-01,55,Analytics,42122,3510.17,5813,962,4597,0,20589,37582
2023-05-01,56,Core Platform,60775,5064.58,39573,10791,8924,0,9048,16126
2023-05-01,57,AI Suite,31690,2640.83,18171,4804,9915,0,27377,23164
2023-05-01,58,Core Platform,115542,9628.5,7677,17210,2226,0,22395,19517
2023-05-01,59,Analytics,53054,4421.17,30918,8620,521,0,19334,20180
2023-05-01,60,AI Suite,42915,3576.25,30862,15861,9312,0,5436,5054
2023-05-01,61,AI Suite,16355,1362.92,33636,17973,1618,62782,18997,10754
2023-05-01,62,AI Suite,91601,7633.42,31278,408,10000,0,21072,29413
2023-05-01,63,Security,137341,11445.08,8428,15925,1144,0,17626,11315
2023-05-01,64,Enterprise,95674,7972.83,37862,14961,6490,0,24399,32535
2023-05-01,65,AI Suite,109824,9152.0,1575,4775,3816,0,14821,9017
2023-05-01,66,Enterprise,123471,10289.25,18664,15659,3005,0,2582,8899
2023-05-01,67,Analytics,26818,2234.83,15659,15316,3022,0,13306,37395
2023-05-01,68,Enterprise,103436,8619.67,24591,9261,357,0,17283,6568
2023-05-01,69,Core Platform,105035,8752.92,6216,18474,2942,0,14550,1778
2023-05-01,70,Core Platform,6885,573.75,27896,14454,7569,56960,21257,14988
2023-05-01,71,AI Suite,24935,2077.92,5681,17665,6379,0,24775,36979
2023-05-01,72,Core Platform,99723,8310.25,44689,16545,8470,0,26745,471
2023-05-01,73,Security,35778,2981.5,28552,11411,7805,0,22900,34057
2023-05-01,74,Analytics,32518,2709.83,38660,3755,3208,0,19151,7393
2023-05-01,75,Core Platform,136862,11405.17,49554,19376,5356,0,6358,38212
2023-05-01,76,Security,127494,10624.5,5556,1283,9123,0,25569,14741
2023-05-01,77,AI Suite,142358,11863.17,47620,19984,196,0,26439,15550
2023-05-01,78,Enterprise,129806,10817.17,2752,12213,7765,0,14504,26929
2023-05-01,79,Enterprise,41084,3423.67,6917,5478,3465,0,14361,37199
2023-05-01,80,Analytics,34766,2897.17,2670,18311,7716,0,23451,39873
2023-05-01,81,Core Platform,41456,3454.67,6719,19453,8062,0,2520,19165
2023-05-01,82,Core Platform,43636,3636.33,33167,11288,2940,0,24184,9159
2023-05-01,83,Core Platform,57644,4803.67,16304,12588,7520,0,8574,26425
2023-05-01,84,AI Suite,107606,8967.17,48911,3283,1100,0,12907,20380
2023-05-01,85,AI Suite,117343,9778.58,37811,4825,8035,0,7536,5235
2023-05-01,86,Analytics,156272,13022.67,37141,15320,1241,0,6460,10328
2023-05-01,87,Security,19618,1634.83,37806,7222,8937,0,897,13016
2023-05-01,88,Analytics,83458,6954.83,30531,16063,5853,0,16837,22934
2023-05-01,89,Analytics,57644,4803.67,24738,4040,3256,0,20754,12939
2023-05-01,90,Enterprise,20083,1673.58,22767,2276,7559,0,10959,14503
2023-05-01,91,Security,77873,6489.42,34720,9033,9502,0,20315,3825
2023-05-01,92,Security,59064,4922.0,8708,19163,3313,0,21051,12575
2023-05-01,93,Analytics,153374,12781.17,9045,19277,9191,0,18657,19961
2023-05-01,94,Enterprise,101363,8446.92,31255,11497,5909,0,2655,23984
2023-05-01,95,Security,120025,10002.08,31356,6026,8616,0,8108,1762
2023-05-01,96,Enterprise,143897,11991.42,41787,7618,6882,0,25753,2571
2023-05-01,97,Enterprise,128195,10682.92,2926,7098,1224,0,18394,1818
2023-05-01,98,AI Suite,120377,10031.42,9115,5293,5435,0,13896,24162
2023-05-01,99,Analytics,137506,11458.83,41311,12490,7969,0,29761,32547
2023-05-01,100,AI Suite,139584,11632.0,1016,16175,4558,0,3007,11971
2023-05-01,101,Core Platform,125242,10436.83,42019,5435,5458,0,12430,26250
2023-05-01,102,Security,87957,7329.75,7075,6583,7690,0,2142,21162
2023-05-01,103,Analytics,90007,7500.58,21155,8376,2675,0,2571,13060
2023-05-01,104,AI Suite,120315,10026.25,31465,195,3285,0,12382,16571
2023-05-01,105,Analytics,118767,9897.25,30314,3924,1065,0,3296,33182
2023-05-01,106,Security,85209,7100.75,44541,2698,7045,0,17715,8054
2023-05-01,107,Security,148185,12348.75,22127,4990,5518,0,13972,23443
2023-05-01,108,Analytics,101393,8449.42,20525,1154,4693,0,17943,17191
2023-05-01,109,Security,115537,9628.08,39221,8968,2626,0,6010,37412
2023-05-01,110,Security,110160,9180.0,20454,8221,1135,0,29483,27355
2023-05-01,111,Analytics,11069,922.42,46890,4044,3479,0,17353,23362
2023-05-01,112,Security,14058,1171.5,15419,4533,6942,0,8061,21385
2023-05-01,113,Core Platform,115748,9645.67,28731,2976,2521,0,15967,34135
2023-05-01,114,Enterprise,93237,7769.75,36954,9455,8692,0,3777,5645
2023-05-01,115,AI Suite,86304,7192.0,1443,11425,2241,0,29225,25595
2023-05-01,116,AI Suite,2025,168.75,43973,10676,8651,90738,13227,2378
2023-05-01,117,Enterprise,29390,2449.17,27314,17310,9940,0,23543,28700
2023-05-01,118,Core Platform,19486,1623.83,3339,16088,6405,0,12268,32546
2023-05-01,119,Core Platform,116545,9712.08,23702,12230,321,0,22854,20913
2023-05-01,120,Security,129413,10784.42,42649,9364,4765,0,21532,36220
2023-05-01,121,Analytics,93693,7807.75,8064,9857,2429,0,16515,38160
2023-05-01,122,Enterprise,94770,7897.5,34500,630,3864,0,13859,14469
2023-05-01,123,Analytics,99653,8304.42,28970,10502,1154,0,3108,11470
2023-05-01,124,AI Suite,155729,12977.42,27489,12229,2165,0,5535,17495
2023-05-01,125,Core Platform,107761,8980.08,29436,9040,1646,0,4531,18545
2023-05-01,126,Enterprise,71188,5932.33,49438,15600,1263,0,25134,29477
2023-05-01,127,Core Platform,55440,4620.0,8423,1173,670,0,4780,36331
2023-05-01,128,AI Suite,50659,4221.58,12223,3035,669,0,20128,34191
2023-05-01,129,Analytics,40695,3391.25,37777,16858,1948,0,15389,13711
2023-05-01,130,Core Platform,33981,2831.75,25549,4792,351,0,22463,6223
2023-05-01,131,Enterprise,38342,3195.17,26449,2022,3450,0,28654,24965
2023-05-01,132,Security,147892,12324.33,2844,12482,658,0,24354,37124
2023-05-01,133,Enterprise,64142,5345.17,22360,7215,2334,0,6485,20159
2023-05-01,134,Analytics,130946,10912.17,4516,9900,9106,0,14986,15126
2023-05-01,135,Core Platform,104364,8697.0,25335,14495,4929,0,27578,31901
2023-05-01,136,Analytics,46292,3857.67,36362,232,3051,0,15202,15908
2023-05-01,137,AI Suite,57542,4795.17,30380,11776,9071,0,21838,17064
2023-05-01,138,Enterprise,139692,11641.0,8260,11817,9526,0,19835,7085
2023-05-01,139,AI Suite,144794,12066.17,28433,4649,5149,0,15915,14394
2023-05-01,140,Core Platform,101520,8460.0,24910,8381,2763,0,14188,2561
2023-05-01,141,Core Platform,146965,12247.08,32801,841,467,0,24293,32110
2023-05-01,142,Core Platform,19883,1656.92,33565,12465,2596,0,17865,32829
2023-05-01,143,Security,81995,6832.92,38117,4617,4197,0,17803,15474
2023-05-01,144,Security,99927,8327.25,21879,13145,4977,0,18509,28671
2023-05-01,145,Security,113462,9455.17,34936,15119,3439,0,28901,833
2023-05-01,146,AI Suite,81021,6751.75,2950,11130,8960,0,426,37548
2023-05-01,147,Enterprise,13087,1090.58,31434,13475,388,90035,21784,27624
2023-05-01,148,Analytics,124055,10337.92,37127,9749,5360,0,14720,23540
2023-05-01,149,AI Suite,149639,12469.92,30557,16440,8292,0,20204,16994
2023-05-01,150,AI Suite,155274,12939.5,9934,18920,4440,0,1813,24206
2023-05-01,151,AI Suite,98668,8222.33,26111,5213,9363,0,3768,24934
2023-05-01,152,AI Suite,26052,2171.0,6134,5719,1296,0,17131,30271
2023-05-01,153,Analytics,47363,3946.92,48494,17021,4885,0,21309,27538
2023-05-01,154,AI Suite,142185,11848.75,37859,17540,2026,0,1416,19650
2023-05-01,155,Core Platform,106955,8912.92,4097,13381,484,0,10655,38626
2023-05-01,156,Security,77629,6469.08,13732,16638,4106,0,3608,7498
2023-05-01,157,Enterprise,144530,12044.17,12879,12336,7729,0,10909,34814
2023-05-01,158,Analytics,124789,10399.08,5765,13278,1733,0,21374,17469
2023-05-01,159,Core Platform,45193,3766.08,30818,18030,2257,0,23144,21506
2023-05-01,160,Enterprise,22236,1853.0,2571,12731,9812,0,13291,36594
2023-05-01,161,Security,112070,9339.17,22754,19487,31,0,25313,37282
2023-05-01,162,AI Suite,91705,7642.08,30616,14639,9711,0,6259,28853
2023-05-01,163,Enterprise,76195,6349.58,14982,92,7049,0,15799,20924
2023-05-01,164,Core Platform,119722,9976.83,14750,4228,982,0,9553,28565
2023-05-01,165,Enterprise,86702,7225.17,47880,2565,9393,0,3449,8087
2023-05-01,166,Security,73641,6136.75,11962,7029,4599,0,20570,31379
2023-05-01,167,Enterprise,82436,6869.67,7724,221,1746,0,5943,28533
2023-05-01,168,Analytics,93664,7805.33,47456,15716,9481,0,23458,36742
2023-05-01,169,Analytics,74717,6226.42,43650,15903,3043,0,28527,35329
2023-05-01,170,Analytics,26401,2200.08,12928,17258,3385,0,6646,13322
2023-05-01,171,Core Platform,36777,3064.75,34728,11045,1671,0,23433,2178
2023-05-01,172,Analytics,51327,4277.25,29861,12810,3408,0,4499,12769
2023-05-01,173,Security,105280,8773.33,22666,14374,7800,0,13444,19509
2023-05-01,174,Analytics,21298,1774.83,6509,11166,1362,0,21600,39870
2023-05-01,175,Analytics,32856,2738.0,22332,6028,1604,0,28298,20196
2023-05-01,176,AI Suite,125346,10445.5,46269,12828,8640,0,6763,29984
2023-05-01,177,Security,36789,3065.75,25784,13917,535,0,26603,27494
2023-05-01,178,Core Platform,80650,6720.83,9774,6231,8778,0,28541,2580
2023-05-01,179,AI Suite,34535,2877.92,8527,1919,3067,0,16565,34677
2023-05-01,180,Security,77634,6469.5,18775,15592,2114,0,20136,1577
2023-05-01,181,AI Suite,81865,6822.08,6110,14455,7831,0,20228,12054
2023-05-01,182,AI Suite,90610,7550.83,47445,7212,7480,0,14677,24655
2023-05-01,183,Security,122401,10200.08,25638,9743,9325,0,967,25086
2023-05-01,184,Enterprise,77299,6441.58,44191,7213,5301,0,15525,9472
2023-05-01,185,Core Platform,116347,9695.58,31312,13059,9371,0,28911,21794
2023-05-01,186,Enterprise,136442,11370.17,33751,4153,4298,0,21136,34204
2023-05-01,187,Enterprise,81041,6753.42,40811,11621,935,0,8213,15997
2023-05-01,188,Security,51760,4313.33,13278,11919,8806,0,28079,16312
2023-05-01,189,AI Suite,145362,12113.5,25052,6079,9038,0,22033,32147
2023-05-01,190,Analytics,0,0.0,10955,832,9779,99764,21664,8254
2023-05-01,191,AI Suite,35309,2942.42,25421,12530,602,0,11191,37995
2023-05-01,192,Security,64377,5364.75,43440,9393,9888,0,5728,20469
2023-05-01,193,Analytics,85362,7113.5,25350,18581,1910,0,9880,25907
2023-05-01,194,Core Platform,56151,4679.25,42305,11083,7433,0,4645,448
2023-05-01,195,Analytics,82660,6888.33,41313,5495,615,0,1791,37386
2023-05-01,196,AI Suite,51962,4330.17,15802,9190,4205,0,18153,707
2023-05-01,197,Core Platform,98936,8244.67,8838,1227,5168,0,26009,33630
2023-05-01,198,Security,84602,7050.17,12279,7790,8260,0,26820,25263
2023-05-01,199,AI Suite,4522,376.83,6508,2254,7614,0,11201,17904
2023-05-01,200,AI Suite,74278,6189.83,42104,18232,5827,0,9801,25331
2023-05-01,201,Security,103492,8624.33,28684,8865,5619,0,19599,4561
2023-05-01,202,AI Suite,159175,13264.58,44106,14080,4171,0,24925,30903
2023-05-01,203,Security,109385,9115.42,12987,10554,6133,0,27827,7577
2023-05-01,204,Security,87834,7319.5,1098,2795,3354,0,7517,23252
2023-05-01,205,Core Platform,76640,6386.67,46411,4840,7309,0,17363,3050
2023-05-01,206,Analytics,151224,12602.0,7329,18224,4916,0,17412,38875
2023-05-01,207,AI Suite,63525,5293.75,24672,16975,6268,0,15055,10725
2023-05-01,208,Analytics,59391,4949.25,31614,5596,2227,0,3798,3717
2023-05-01,209,Analytics,131090,10924.17,44286,9521,697,0,9705,37807
2023-05-01,210,Core Platform,87241,7270.08,23276,17184,6076,0,13988,15549
2023-05-01,211,AI Suite,62844,5237.0,36258,16222,5744,0,7987,35611
2023-05-01,212,AI Suite,135562,11296.83,20442,10255,7870,0,1474,6134
2023-05-01,213,AI Suite,155087,12923.92,41978,18133,4557,0,24793,39515
2023-05-01,214,Security,128988,10749.0,27258,76,8242,0,13171,21100
2023-05-01,215,Security,104939,8744.92,10986,7597,9933,0,13473,849
2023-05-01,216,Enterprise,148620,12385.0,32107,13225,601,0,9807,37807
2023-05-01,217,Analytics,14380,1198.33,7321,13590,6888,0,19820,8499
2023-05-01,218,AI Suite,56086,4673.83,38569,14577,2737,0,20244,29363
2023-05-01,219,Enterprise,15535,1294.58,47592,17473,8902,0,15412,29360
2023-05-01,220,Security,33405,2783.75,17935,19470,4383,0,29929,8653
2023-05-01,221,Security,78844,6570.33,6356,8083,9598,0,3516,27478
2023-05-01,222,Analytics,21134,1761.17,42309,15174,3512,0,21373,4792
2023-05-01,223,Core Platform,31927,2660.58,23236,9981,7519,0,21011,24919
2023-05-01,224,Security,85484,7123.67,28907,2223,5949,0,10923,36617
2023-05-01,225,AI Suite,101188,8432.33,3271,18519,9431,0,27088,33649
2023-05-01,226,Enterprise,66576,5548.0,47195,4012,4260,0,26267,37205
2023-05-01,227,Security,136751,11395.92,16118,11495,4648,0,15333,2408
2023-05-01,228,AI Suite,38043,3170.25,30314,17821,5598,0,16814,5559
2023-05-01,229,AI Suite,6358,529.83,21282,627,7309,0,16012,11679
2023-05-01,230,Enterprise,135807,11317.25,2025,4993,9439,0,4404,17016
2023-05-01,231,Core Platform,25865,2155.42,4673,13700,8773,0,12612,23872
2023-05-01,232,AI Suite,38271,3189.25,7224,17667,551,0,27056,3497
2023-05-01,233,AI Suite,139268,11605.67,48816,13292,9147,0,17987,36195
2023-05-01,234,Security,53609,4467.42,23859,17360,7483,0,7308,572
2023-05-01,235,Core Platform,82692,6891.0,16757,5515,1405,0,29786,351
2023-05-01,236,AI Suite,78691,6557.58,8753,7298,5054,0,8288,37968
2023-05-01,237,Enterprise,19497,1624.75,15222,12904,4100,0,13777,1136
2023-05-01,238,Analytics,111797,9316.42,30388,13774,832,0,21876,25092
2023-05-01,239,Security,7814,651.17,12850,2575,6844,0,659,28227
2023-05-01,240,AI Suite,92253,7687.75,2822,18592,8768,0,15114,1077
2023-05-01,241,Core Platform,109979,9164.92,45930,14712,1156,0,2456,4390
2023-05-01,242,Analytics,100296,8358.0,35291,19049,3975,0,9902,22596
2023-05-01,243,AI Suite,109398,9116.5,48641,12137,3845,0,3945,14010
2023-05-01,244,Enterprise,92471,7705.92,28504,8744,4142,0,4972,35242
2023-05-01,245,Enterprise,41444,3453.67,48569,4481,1598,0,29565,37468
2023-05-01,246,Core Platform,150665,12555.42,41163,16834,9373,0,3075,29932
2023-05-01,247,Enterprise,27096,2258.0,39566,1544,2387,0,8478,36588
2023-05-01,248,Enterprise,86661,7221.75,44020,16270,8124,0,13080,36357
2023-05-01,249,AI Suite,24858,2071.5,41042,1085,1248,0,22948,26228
2023-05-01,250,Security,12650,1054.17,3587,2207,3361,0,4756,6742
2023-05-01,251,Core Platform,3200,266.67,44166,5638,2438,100779,22730,2861
2023-05-01,252,AI Suite,116157,9679.75,28813,912,3143,0,8526,26193
2023-05-01,253,Security,106852,8904.33,40925,3697,3935,0,3677,36518
2023-05-01,254,Core Platform,66206,5517.17,13408,14386,5309,0,10646,33287
2023-05-01,255,AI Suite,103236,8603.0,46829,18554,4313,0,29011,33259
2023-05-01,256,AI Suite,145783,12148.58,3541,13894,6541,0,1717,17132
2023-05-01,257,Analytics,75726,6310.5,8598,16710,3713,0,28418,7530
2023-05-01,258,AI Suite,45676,3806.33,25790,364,7151,0,22645,4757
2023-05-01,259,Security,31891,2657.58,22295,5586,1275,0,18820,14532
2023-05-01,260,Enterprise,115654,9637.83,1046,16208,6393,0,14889,33332
2023-05-01,261,Enterprise,134143,11178.58,43496,3955,9000,0,14473,35452
2023-05-01,262,AI Suite,29897,2491.42,45143,19175,442,0,8442,31452
2023-05-01,263,Core Platform,58884,4907.0,23091,9752,424,0,6551,624
2023-05-01,264,AI Suite,131209,10934.08,32081,19251,2100,0,25691,33629
2023-05-01,265,Analytics,61745,5145.42,45369,11335,2829,0,5081,21490
2023-05-01,266,Core Platform,47852,3987.67,9544,157,3711,0,9004,11641
2023-05-01,267,Analytics,128936,10744.67,10801,6162,3995,0,8287,23470
2023-05-01,268,Core Platform,995,82.92,8619,1339,344,36021,25607,36790
2023-05-01,269,Analytics,84389,7032.42,17332,16545,4157,0,11063,24537
2023-05-01,270,Core Platform,78177,6514.75,36830,12327,8701,0,21044,22109
2023-05-01,271,AI Suite,129209,10767.42,13854,6298,1017,0,12623,9652
2023-05-01,272,Core Platform,25453,2121.08,23723,8578,2844,0,19415,21698
2023-05-01,273,Security,110133,9177.75,5034,4508,4888,0,13385,34472
2023-05-01,274,Enterprise,63777,5314.75,38998,13978,8501,0,19972,32004
2023-05-01,275,Core Platform,107044,8920.33,26401,4330,602,0,9294,11425
2023-05-01,276,Enterprise,34568,2880.67,44062,6574,9750,0,14041,7900
2023-05-01,277,Enterprise,79756,6646.33,14365,7400,4123,0,11698,15611
2023-05-01,278,Security,140106,11675.5,15446,17686,8802,0,12302,5729
2023-05-01,279,Core Platform,153525,12793.75,30308,19222,5021,0,78,39678
2023-05-01,280,Analytics,101126,8427.17,32908,19737,6319,0,10261,32769
2023-05-01,281,AI Suite,44874,3739.5,46078,3133,6123,0,20578,1073
2023-05-01,282,Enterprise,56526,4710.5,35938,18951,6947,0,4764,14745
2023-05-01,283,AI Suite,57135,4761.25,18115,487,8720,0,26391,18456
2023-05-01,284,Core Platform,96780,8065.0,45887,2646,4486,0,12405,8492
2023-05-01,285,Enterprise,26861,2238.42,36639,9633,7055,0,23511,6497
2023-05-01,286,Security,25559,2129.92,35033,19770,6115,0,8762,38210
2023-05-01,287,AI Suite,137971,11497.58,18980,12805,2684,0,22600,32968
2023-05-01,288,Security,77566,6463.83,48265,11851,6463,0,2049,31400
2023-05-01,289,Security,132432,11036.0,24676,10551,5489,0,699,1785
2023-05-01,290,AI Suite,92927,7743.92,13331,872,8365,0,14535,1278
2023-05-01,291,Core Platform,73057,6088.08,15986,16340,1661,0,16587,3215
2023-05-01,292,Security,117092,9757.67,14623,16271,4005,0,928,34071
2023-05-01,293,Enterprise,118591,9882.58,6946,7373,5557,0,5985,19417
2023-05-01,294,Security,71514,5959.5,25776,6514,7368,0,10886,9170
2023-05-01,295,Enterprise,43485,3623.75,5632,17617,8825,0,853,35633
2023-05-01,296,AI Suite,61610,5134.17,41111,8729,6558,0,670,12826
2023-05-01,297,Security,66433,5536.08,44395,5897,1125,0,3489,14185
2023-05-01,298,Security,146578,12214.83,20797,7876,9816,0,8707,7181
2023-05-01,299,Security,160075,13339.58,3080,12251,1898,0,3113,29493
2023-05-01,300,Security,119056,9921.33,26867,925,6746,0,23484,14109
2023-05-01,301,Core Platform,20061,1671.75,46722,18558,8917,0,6624,37985
2023-05-01,302,AI Suite,21587,1798.92,41214,6333,7670,0,482,526
2023-05-01,303,Security,96266,8022.17,27243,12211,4204,0,9301,5343
2023-05-01,304,Core Platform,12826,1068.83,33159,10978,6464,0,22192,37789
2023-05-01,305,Analytics,131818,10984.83,23655,19962,8610,0,29121,23856
2023-05-01,306,Enterprise,86673,7222.75,18610,16477,6991,0,3134,7973
2023-05-01,307,Enterprise,149267,12438.92,49453,19437,5255,0,24136,19405
2023-05-01,308,Core Platform,78641,6553.42,41442,12034,5230,0,1881,33066
2023-05-01,309,Enterprise,125237,10436.42,41035,1389,4543,0,18762,13600
2023-05-01,310,AI Suite,115491,9624.25,21395,12759,1379,0,6067,33637
2023-05-01,311,Core Platform,63458,5288.17,26960,8211,323,0,939,9805
2023-05-01,312,AI Suite,33770,2814.17,47488,17283,1907,0,13457,22679
2023-05-01,313,Enterprise,109605,9133.75,49825,19874,1132,0,12940,21438
2023-05-01,314,Analytics,63724,5310.33,43059,4047,3408,0,21727,7877
2023-05-01,315,Core Platform,118031,9835.92,41736,19368,9116,0,25833,35504
2023-05-01,316,AI Suite,151426,12618.83,23682,13136,3438,0,15674,24377
2023-05-01,317,Analytics,142265,11855.42,31515,13328,7984,0,20432,30410
2023-05-01,318,Security,11535,961.25,48579,17693,6158,75151,25412,7142
2023-05-01,319,Enterprise,111173,9264.42,46290,5659,7752,0,23778,28391
2023-05-01,320,AI Suite,119396,9949.67,15794,3124,1067,0,5749,34868
2023-05-01,321,Core Platform,47611,3967.58,22574,5254,4740,0,3912,26456
2023-05-01,322,AI Suite,116402,9700.17,13298,11144,3715,0,16776,25412
2023-05-01,323,Analytics,68551,5712.58,45722,2008,3136,0,23168,3628
2023-05-01,324,AI Suite,143961,11996.75,21190,15077,2251,0,1886,29596
2023-05-01,325,Analytics,71110,5925.83,34566,12156,7927,0,8239,18624
2023-05-01,326,Core Platform,46023,3835.25,33375,13901,7043,0,29330,38363
2023-05-01,327,Core Platform,4608,384.0,30856,1645,6985,0,28902,14767
2023-05-01,328,Security,59007,4917.25,44591,12411,1606,0,431,8219
2023-05-01,329,AI Suite,93868,7822.33,26186,18355,2324,0,17564,33561
2023-05-01,330,Analytics,128337,10694.75,48332,10856,4059,0,25372,37501
2023-05-01,331,Core Platform,76341,6361.75,43825,6037,2753,0,24099,32005
2023-05-01,332,AI Suite,3831,319.25,10024,7580,3749,15303,12785,16396
2023-05-01,333,Enterprise,42056,3504.67,17113,14619,2514,0,11569,9814
2023-05-01,334,Enterprise,82021,6835.08,3308,13692,9972,0,17648,5031
2023-05-01,335,AI Suite,123407,10283.92,25012,12513,4762,0,2265,28621
2023-05-01,336,Analytics,83681,6973.42,22768,11793,7149,0,9158,25177
2023-05-01,337,Analytics,74054,6171.17,47509,2134,3709,0,6277,38380
2023-05-01,338,AI Suite,69409,5784.08,38369,19801,7582,0,3981,11246
2023-05-01,339,Analytics,67447,5620.58,37149,10678,5649,0,1977,16095
2023-05-01,340,AI Suite,94479,7873.25,5795,9234,9854,0,5786,33582
2023-05-01,341,AI Suite,16236,1353.0,35152,5109,3637,0,5839,13300
2023-05-01,342,Security,18760,1563.33,29731,5348,4040,0,6915,8401
2023-05-01,343,AI Suite,91094,7591.17,36800,16365,5442,0,21758,20300
2023-05-01,344,Analytics,95328,7944.0,19404,19099,2660,0,16200,5632
2023-05-01,345,AI Suite,71468,5955.67,14638,12536,2632,0,10907,6572
2023-05-01,346,Core Platform,89078,7423.17,32167,3107,8750,0,179,26097
2023-05-01,347,Security,30827,2568.92,32496,18299,2923,0,21592,37488
2023-05-01,348,Enterprise,103740,8645.0,30289,9654,3709,0,15008,8324
2023-05-01,349,Core Platform,27626,2302.17,17007,14304,5941,0,7994,38022
2023-05-01,350,AI Suite,72099,6008.25,28927,6046,8579,0,24744,10219
2023-05-01,351,Enterprise,77900,6491.67,16509,13289,5730,0,14088,1586
2023-05-01,352,Analytics,121789,10149.08,10763,17452,7269,0,28728,15866
2023-05-01,353,Core Platform,68513,5709.42,28667,10207,9375,0,18124,3894
2023-05-01,354,Core Platform,77117,6426.42,31194,17188,9831,0,13500,6948
2023-05-01,355,Security,124268,10355.67,29215,12638,5975,0,7334,16767
2023-05-01,356,Analytics,4967,413.92,28646,3203,8251,0,17121,32065
2023-05-01,357,AI Suite,45941,3828.42,31144,9467,4270,0,11446,33741
2023-05-01,358,Core Platform,118422,9868.5,44087,15049,4255,0,2821,29407
2023-05-01,359,AI Suite,151671,12639.25,42329,7973,89,0,13601,4776
2023-05-01,360,AI Suite,135177,11264.75,5479,8382,9185,0,8150,11661
2023-05-01,361,AI Suite,9100,758.33,3920,13783,4683,143827,27861,21080
2023-05-01,362,Analytics,22283,1856.92,30912,7677,7135,0,14073,33797
2023-05-01,363,Analytics,81064,6755.33,25575,6072,857,0,9827,26828
2023-05-01,364,Core Platform,108810,9067.5,13148,17026,5692,0,11779,23059
2023-05-01,365,Core Platform,98329,8194.08,35084,16114,3625,0,10372,29913
2023-05-01,366,Enterprise,154877,12906.42,19472,18079,3123,0,6002,32692
2023-05-01,367,Analytics,129160,10763.33,14648,11507,2312,0,12454,10519
2023-05-01,368,Core Platform,71888,5990.67,40262,18114,6084,0,7692,24694
2023-05-01,369,Core Platform,12347,1028.92,18810,13701,7930,0,21500,39750
2023-05-01,370,Core Platform,36208,3017.33,33745,17240,5154,0,25678,38487
2023-05-01,371,Enterprise,91267,7605.58,37489,9524,1242,0,6180,14537
2023-05-01,372,Enterprise,136469,11372.42,21429,5562,3002,0,11597,8507
2023-05-01,373,AI Suite,87832,7319.33,25406,4928,4376,0,27297,2759
2023-05-01,374,Core Platform,123381,10281.75,47823,8146,738,0,9024,4498
2023-05-01,375,Core Platform,87302,7275.17,44247,6145,578,0,886,5871
2023-05-01,376,Enterprise,4550,379.17,35556,1903,2978,0,21623,37048
2023-05-01,377,Core Platform,151706,12642.17,1594,18980,9466,0,2945,14881
2023-05-01,378,AI Suite,17522,1460.17,2510,1523,2812,0,23487,38410
2023-05-01,379,Security,110826,9235.5,49764,19692,6931,0,29975,27640
2023-05-01,380,AI Suite,49600,4133.33,2284,5133,334,0,4538,20723
2023-05-01,381,Analytics,105098,8758.17,22562,7867,7506,0,5615,7912
2023-05-01,382,Security,94758,7896.5,38225,1441,9412,0,6509,37423
2023-05-01,383,Core Platform,93308,7775.67,45408,245,6056,0,11754,31575
2023-05-01,384,Security,66171,5514.25,11443,2006,5582,0,18112,30887
2023-05-01,385,Security,142773,11897.75,16227,17797,6219,0,22956,25390
2023-05-01,386,Enterprise,134572,11214.33,48834,7810,4654,0,12404,8868
2023-05-01,387,AI Suite,19535,1627.92,15880,6604,7124,0,29254,6566
2023-05-01,388,Security,133256,11104.67,25201,12568,400,0,17919,9998
2023-05-01,389,Enterprise,29036,2419.67,10788,2861,8376,0,8179,13930
2023-05-01,390,Security,143366,11947.17,19500,15943,9684,0,7695,25243
2023-05-01,391,Security,39601,3300.08,49723,16094,9954,0,11656,39009
2023-05-01,392,Core Platform,24921,2076.75,16761,3024,4585,0,26159,32864
2023-05-01,393,Analytics,130510,10875.83,9188,7962,5256,0,2598,24383
2023-05-01,394,AI Suite,148878,12406.5,5900,10012,3468,0,25322,17040
2023-05-01,395,AI Suite,133026,11085.5,40253,4487,2680,0,10851,13005
2023-05-01,396,Core Platform,88469,7372.42,48255,5114,2557,0,20984,34214
2023-05-01,397,Analytics,119012,9917.67,23416,277,9357,0,21278,19543
2023-05-01,398,AI Suite,115842,9653.5,27631,6322,6902,0,2869,15548
2023-05-01,399,Security,134693,11224.42,12429,19194,2990,0,16583,18890
2023-05-01,400,Security,30247,2520.58,28895,7419,8937,0,1681,4969
2023-05-01,401,Enterprise,131238,10936.5,28176,2918,3843,0,28637,11764
2023-05-01,402,Core Platform,123278,10273.17,17029,12297,6518,0,2169,2581
2023-05-01,403,Core Platform,84011,7000.92,33473,9307,3960,0,29691,28376
2023-05-01,404,Analytics,7353,612.75,47939,11620,4267,57693,22474,34877
2023-05-01,405,Enterprise,119013,9917.75,3186,13920,4452,0,24706,22824
2023-05-01,406,AI Suite,86949,7245.75,3495,2383,2899,0,22395,17878
2023-05-01,407,Security,95458,7954.83,5082,14810,4090,0,28597,16341
2023-05-01,408,Security,13708,1142.33,37875,9771,8227,0,26561,35886
2023-05-01,409,Enterprise,43382,3615.17,37315,17601,6833,0,91,23208
2023-05-01,410,Analytics,25256,2104.67,12840,19463,4523,0,15256,34049
2023-05-01,411,Enterprise,11320,943.33,33170,17603,6283,50304,10581,1693
2023-05-01,412,Enterprise,102332,8527.67,45525,6266,6228,0,20161,10226
2023-05-01,413,Core Platform,43104,3592.0,17866,8236,4146,0,10689,33936
2023-05-01,414,Core Platform,138241,11520.08,7871,11551,4864,0,29859,7317
2023-05-01,415,AI Suite,120165,10013.75,24722,12560,7858,0,24608,37859
2023-05-01,416,Enterprise,119239,9936.58,38725,15841,2910,0,8204,2085
2023-05-01,417,AI Suite,75798,6316.5,29274,12970,8125,0,16748,13692
2023-05-01,418,Analytics,10142,845.17,30280,3920,1246,0,1225,28089
2023-05-01,419,AI Suite,38794,3232.83,41105,19722,2026,0,24721,1280
2023-05-01,420,Analytics,137497,11458.08,12246,17196,2453,0,23385,35627
2023-05-01,421,Security,44588,3715.67,38256,5955,2719,0,6180,18446
2023-05-01,422,AI Suite,140871,11739.25,32834,1976,8334,0,72,18775
2023-05-01,423,Enterprise,62282,5190.17,6807,15793,7335,0,12562,39779
2023-05-01,424,AI Suite,54049,4504.08,46207,8595,8120,0,3194,37290
2023-05-01,425,Analytics,986,82.17,35016,7850,6864,49027,29218,6263
2023-05-01,426,Security,100536,8378.0,24077,10135,8940,0,15606,5334
2023-05-01,427,Enterprise,38732,3227.67,47345,14539,9449,0,8297,31324
2023-05-01,428,Core Platform,9527,793.92,49752,6182,7695,0,28409,21126
2023-05-01,429,Analytics,10203,850.25,28565,5785,4077,0,26821,34627
2023-05-01,430,Analytics,103791,8649.25,30710,13967,4261,0,2021,33524
2023-05-01,431,Enterprise,89938,7494.83,22087,2189,1738,0,29762,24025
2023-05-01,432,Enterprise,129757,10813.08,44448,16875,9604,0,19543,28532
2023-05-01,433,Security,120835,10069.58,46541,11228,9801,0,28779,37125
2023-05-01,434,Core Platform,68088,5674.0,13342,11233,6009,0,15935,34145
2023-05-01,435,Core Platform,130873,10906.08,39650,5241,11,0,28206,34839
2023-05-01,436,Core Platform,69904,5825.33,20648,4453,5536,0,6018,6003
2023-05-01,437,AI Suite,122151,10179.25,4540,8685,155,0,14753,23966
2023-05-01,438,Analytics,126448,10537.33,47629,17819,3913,0,19148,820
2023-05-01,439,Security,26558,2213.17,24011,149,7086,0,14719,20574
2023-05-01,440,Enterprise,60151,5012.58,44516,7252,5481,0,16960,38290
2023-05-01,441,Enterprise,155236,12936.33,36985,17234,1009,0,3377,5309
2023-05-01,442,Enterprise,26502,2208.5,26062,12346,7447,0,22356,21706
2023-05-01,443,Core Platform,113267,9438.92,16264,15756,6386,0,838,21469
2023-05-01,444,Analytics,89459,7454.92,44921,19779,8373,0,7783,38942
2023-05-01,445,AI Suite,77192,6432.67,37459,17859,75,0,22945,36326
2023-05-01,446,Enterprise,105154,8762.83,11369,9666,5697,0,10019,7461
2023-05-01,447,Security,80002,6666.83,12875,17810,5785,0,27337,36825
2023-05-01,448,Analytics,47381,3948.42,46600,7143,5219,0,23903,3935
2023-05-01,449,Core Platform,42533,3544.42,17038,19753,1498,0,23675,2324
2023-05-01,450,AI Suite,75548,6295.67,42828,10298,4201,0,25520,35613
2023-05-01,451,Enterprise,100204,8350.33,47647,17895,1796,0,16685,500
2023-05-01,452,Enterprise,157792,13149.33,35506,15726,2274,0,24914,13639
2023-05-01,453,Enterprise,6037,503.08,12125,8207,2170,56454,24039,34142
2023-05-01,454,Enterprise,76483,6373.58,22302,14370,165,0,24507,2171
2023-05-01,455,Enterprise,13857,1154.75,6635,2921,1114,0,13583,29248
2023-05-01,456,Enterprise,1002,83.5,20014,2550,1548,80952,10425,19948
2023-05-01,457,Core Platform,101073,8422.75,30353,12166,1905,0,24067,17297
2023-05-01,458,Core Platform,58468,4872.33,39608,3270,2830,0,11778,12059
2023-05-01,459,Enterprise,44528,3710.67,12195,1091,3068,0,8967,38361
2023-05-01,460,AI Suite,112360,9363.33,36702,5767,876,0,4656,38776
2023-05-01,461,Security,89786,7482.17,2033,2266,1093,0,25154,37882
2023-05-01,462,Enterprise,151029,12585.75,38141,12375,3889,0,24020,39256
2023-05-01,463,Analytics,83722,6976.83,35572,13607,7838,0,17666,35803
2023-05-01,464,AI Suite,95714,7976.17,1504,2907,9017,0,24054,9963
2023-05-01,465,Security,144310,12025.83,8508,14616,2267,0,27070,20628
2023-05-01,466,AI Suite,128230,10685.83,41633,2307,123,0,9226,19146
2023-05-01,467,Enterprise,53722,4476.83,13374,6566,1571,0,27219,16861
2023-05-01,468,AI Suite,103665,8638.75,19821,9543,4279,0,8790,34901
2023-05-01,469,Security,142860,11905.0,42639,16694,1383,0,6331,23106
2023-05-01,470,AI Suite,37644,3137.0,25943,13176,1224,0,5587,10118
2023-05-01,471,Enterprise,145557,12129.75,2982,927,780,0,8452,27380
2023-05-01,472,AI Suite,84974,7081.17,44578,4448,8622,0,28280,31398
2023-05-01,473,Enterprise,136232,11352.67,7369,15488,5595,0,51,32457
2023-05-01,474,Analytics,67922,5660.17,49305,8466,477,0,15038,26622
2023-05-01,475,Core Platform,28027,2335.58,17104,3895,312,0,28407,19924
2023-05-01,476,Analytics,51466,4288.83,17855,8878,4040,0,28694,1230
2023-05-01,477,Enterprise,98287,8190.58,36882,5327,2838,0,4860,3472
2023-05-01,478,AI Suite,127041,10586.75,34387,9940,4101,0,27462,28718
2023-05-01,479,Enterprise,86116,7176.33,40712,9520,1922,0,8497,34133
2023-05-01,480,Security,52506,4375.5,41956,1641,2128,0,17621,18181
2023-05-01,481,Analytics,45429,3785.75,38122,14777,9224,0,4172,29490
2023-05-01,482,AI Suite,95717,7976.42,30119,19073,9171,0,9719,27043
2023-05-01,483,Core Platform,85521,7126.75,17119,16216,6332,0,29562,7720
2023-05-01,484,Enterprise,113603,9466.92,17737,9131,8135,0,5472,20363
2023-05-01,485,AI Suite,32832,2736.0,15898,18735,3611,0,10115,24807
2023-05-01,486,Core Platform,119857,9988.08,1915,2792,7566,0,25188,12268
2023-05-01,487,Analytics,75426,6285.5,44080,619,2253,0,20345,18782
2023-05-01,488,Enterprise,16119,1343.25,24508,3533,4070,0,20873,32369
2023-05-01,489,Enterprise,2721,226.75,33784,9653,6932,25472,29609,1315
2023-05-01,490,AI Suite,67840,5653.33,38550,16183,4241,0,24410,11449
2023-05-01,491,Enterprise,114721,9560.08,1729,6804,2258,0,3314,10012
2023-05-01,492,Security,101313,8442.75,11156,7324,3364,0,15985,11818
2023-05-01,493,AI Suite,56884,4740.33,15855,3030,8072,0,4316,27202
2023-05-01,494,Analytics,75107,6258.92,29060,12673,5742,0,23567,29465
2023-05-01,495,Analytics,84274,7022.83,30862,19162,4857,0,29802,3503
2023-05-01,496,Security,14694,1224.5,7572,1900,4650,0,9658,17810
2023-05-01,497,Enterprise,138407,11533.92,49882,12672,7360,0,26677,2154
2023-05-01,498,Security,123759,10313.25,20006,8606,7354,0,20102,18582
2023-05-01,499,Enterprise,52324,4360.33,47878,3180,83,0,10562,2419
2023-05-01,500,Core Platform,139392,11616.0,17547,141,4618,0,11017,9050
2023-06-01,1,Core Platform,70872,5906.0,23977,1934,5025,0,28614,25416
2023-06-01,2,Core Platform,118310,9859.17,47965,5383,8959,0,1705,34735
2023-06-01,3,Security,96135,8011.25,42338,14391,9547,0,28269,29843
2023-06-01,4,AI Suite,60503,5041.92,17385,14916,4875,0,15986,30921
2023-06-01,5,Analytics,13987,1165.58,44270,4673,7586,0,2791,13592
2023-06-01,6,AI Suite,147637,12303.08,44643,9956,9214,0,24221,38292
2023-06-01,7,AI Suite,38689,3224.08,10690,17788,200,0,7883,24799
2023-06-01,8,Core Platform,18377,1531.42,36615,13444,4084,0,24544,1030
2023-06-01,9,Enterprise,51216,4268.0,11602,13452,3112,0,29143,24893
2023-06-01,10,Analytics,13527,1127.25,27757,2098,672,0,21122,39546
2023-06-01,11,Core Platform,30971,2580.92,11113,17086,823,0,3145,38755
2023-06-01,12,AI Suite,113002,9416.83,2202,18154,908,0,9331,27184
2023-06-01,13,Core Platform,76827,6402.25,45596,15036,6840,0,10887,18972
2023-06-01,14,Core Platform,79616,6634.67,20328,19498,8443,0,22208,33070
2023-06-01,15,Analytics,101691,8474.25,23493,18641,641,0,4164,14682
2023-06-01,16,Security,54291,4524.25,9206,8420,1505,0,26142,22943
2023-06-01,17,Core Platform,131432,10952.67,30269,14457,7193,0,27254,26946
2023-06-01,18,AI Suite,116185,9682.08,36463,6641,7619,0,20624,28224
2023-06-01,19,Analytics,56285,4690.42,1943,5770,8402,0,7857,32436
2023-06-01,20,Enterprise,130924,10910.33,14061,19560,9978,0,13650,4303
2023-06-01,21,Core Platform,146801,12233.42,45763,18560,4838,0,15156,10131
2023-06-01,22,Analytics,78627,6552.25,39652,1552,2214,0,13387,21193
2023-06-01,23,Analytics,117901,9825.08,16149,8161,4257,0,21000,8026
2023-06-01,24,Enterprise,110747,9228.92,39850,9984,5625,0,26830,19040
2023-06-01,25,Security,55703,4641.92,31008,452,7338,0,6302,22630
2023-06-01,26,Analytics,142068,11839.0,1287,3397,8766,0,6560,23118
2023-06-01,27,Security,147686,12307.17,25162,14923,8748,0,23086,39024
2023-06-01,28,Enterprise,130429,10869.08,15417,14018,2245,0,17102,25003
2023-06-01,29,Security,113487,9457.25,14581,131,1091,0,9751,16192
2023-06-01,30,Enterprise,21829,1819.08,7315,9612,6871,0,20948,28919
2023-06-01,31,Analytics,135992,11332.67,16802,18677,1521,0,7047,772
2023-06-01,32,Security,77475,6456.25,48359,18741,5806,0,27021,14381
2023-06-01,33,AI Suite,116167,9680.58,49246,11382,1909,0,8993,12047
2023-06-01,34,Core Platform,35454,2954.5,6764,11043,9198,0,7641,799
2023-06-01,35,Analytics,80622,6718.5,39504,10824,3575,0,2437,27789
2023-06-01,36,AI Suite,59276,4939.67,46950,16081,4558,0,29093,39215
2023-06-01,37,Security,72184,6015.33,11316,8095,4243,0,1378,10223
2023-06-01,38,Analytics,142640,11886.67,36412,14788,7867,0,27770,445
2023-06-01,39,Core Platform,10160,846.67,39802,15695,5535,113297,250,2004
2023-06-01,40,Core Platform,143057,11921.42,25390,16154,6532,0,10595,15829
2023-06-01,41,AI Suite,89178,7431.5,18818,17220,8616,0,3000,19051
2023-06-01,42,Enterprise,105220,8768.33,4591,2804,1806,0,17314,23352
2023-06-01,43,Core Platform,113622,9468.5,47399,4677,9659,0,9227,29867
2023-06-01,44,Security,124078,10339.83,26124,3553,5531,0,1125,29617
2023-06-01,45,Enterprise,26421,2201.75,29922,6667,5691,0,28894,27936
2023-06-01,46,AI Suite,95850,7987.5,13622,14726,843,0,10277,24248
2023-06-01,47,Enterprise,12893,1074.42,37767,8803,1365,0,5361,38208
2023-06-01,48,Core Platform,120405,10033.75,33681,12271,9092,0,4246,38702
2023-06-01,49,AI Suite,24250,2020.83,46994,6542,450,0,4746,12218
2023-06-01,50,Core Platform,41225,3435.42,9369,15492,9272,0,15052,12532
2023-06-01,51,Enterprise,138560,11546.67,3659,8750,280,0,10366,20039
2023-06-01,52,Enterprise,59259,4938.25,18851,2985,8903,0,4282,7664
2023-06-01,53,AI Suite,100581,8381.75,36272,6104,1649,0,29087,22466
2023-06-01,54,Enterprise,55243,4603.58,2040,3199,9826,0,24744,24149
2023-06-01,55,Security,96793,8066.08,14777,19893,1164,0,22509,1833
2023-06-01,56,AI Suite,19181,1598.42,45545,16421,7101,0,19478,3518
2023-06-01,57,Enterprise,13561,1130.08,47138,409,7679,0,29417,5281
2023-06-01,58,Analytics,47057,3921.42,34482,2727,6487,0,29847,37891
2023-06-01,59,Enterprise,129229,10769.08,11872,5208,5065,0,6288,30748
2023-06-01,60,Enterprise,88828,7402.33,37048,3025,3576,0,12053,24313
2023-06-01,61,Enterprise,23903,1991.92,21062,10330,2537,0,1518,2495
2023-06-01,62,Analytics,66707,5558.92,27806,6857,3481,0,10583,3171
2023-06-01,63,Security,53443,4453.58,26532,14974,5023,0,10260,36437
2023-06-01,64,Analytics,78100,6508.33,11955,11766,2448,0,12500,32426
2023-06-01,65,Security,84933,7077.75,34390,18773,830,0,9414,1905
2023-06-01,66,Core Platform,64378,5364.83,9142,2057,3091,0,13035,36332
2023-06-01,67,Enterprise,147865,12322.08,7541,14569,3568,0,1875,36271
2023-06-01,68,Analytics,8648,720.67,33473,3699,3053,0,27169,9025
2023-06-01,69,Analytics,134685,11223.75,14377,272,8933,0,6146,35806
2023-06-01,70,AI Suite,120672,10056.0,34143,14182,4319,0,21608,9064
2023-06-01,71,Core Platform,74052,6171.0,6594,12792,4494,0,6188,32193
2023-06-01,72,Security,87502,7291.83,46714,9889,4678,0,7955,14827
2023-06-01,73,AI Suite,8126,677.17,32126,14269,6143,104852,15587,10131
2023-06-01,74,Security,123337,10278.08,3520,16991,8422,0,28868,13886
2023-06-01,75,Core Platform,96764,8063.67,31728,4175,6154,0,21707,21439
2023-06-01,76,Analytics,149652,12471.0,8101,8415,7247,0,4979,12068
2023-06-01,77,Enterprise,142882,11906.83,33496,15901,1792,0,26713,31532
2023-06-01,78,Core Platform,120943,10078.58,30498,7213,5697,0,15099,7703
2023-06-01,79,Security,124556,10379.67,20831,14590,2297,0,12061,15727
2023-06-01,80,Security,16092,1341.0,32448,17263,1171,57197,18090,23588
2023-06-01,81,AI Suite,101039,8419.92,24710,5480,7883,0,17533,7500
2023-06-01,82,Core Platform,41925,3493.75,11094,2649,7055,0,557,24015
2023-06-01,83,AI Suite,149219,12434.92,28858,14131,4401,0,4365,11260
2023-06-01,84,AI Suite,18645,1553.75,46628,8058,6460,0,3062,32912
2023-06-01,85,Security,42423,3535.25,44203,13859,7690,0,15540,4595
2023-06-01,86,Core Platform,30299,2524.92,2115,13184,1911,0,23646,24283
2023-06-01,87,Enterprise,139529,11627.42,3832,2340,391,0,12344,17907
2023-06-01,88,Core Platform,153969,12830.75,20404,13158,7720,0,26242,12321
2023-06-01,89,AI Suite,55143,4595.25,23287,5271,4881,0,2304,14211
2023-06-01,90,Analytics,40114,3342.83,27901,13454,8212,0,2590,11487
2023-06-01,91,Security,7522,626.83,6249,15420,7898,21235,18607,29015
2023-06-01,92,Analytics,44658,3721.5,16149,2054,7579,0,6347,31652
2023-06-01,93,Enterprise,97750,8145.83,40029,13700,5946,0,4418,22591
2023-06-01,94,Core Platform,75068,6255.67,35316,18686,65,0,9415,29319
2023-06-01,95,Enterprise,74090,6174.17,27326,19940,8176,0,23695,9995
2023-06-01,96,AI Suite,86284,7190.33,18545,2277,3459,0,28803,4015
2023-06-01,97,Enterprise,60292,5024.33,39331,12979,1706,0,27989,22119
2023-06-01,98,Analytics,112853,9404.42,19102,12938,9529,0,2366,33608
2023-06-01,99,Enterprise,86358,7196.5,36096,14366,9361,0,18467,16633
2023-06-01,100,Core Platform,138438,11536.5,13391,2111,1007,0,29559,17221
2023-06-01,101,Enterprise,73613,6134.42,40235,10341,8546,0,14641,36719
2023-06-01,102,Security,38977,3248.08,46502,9043,6612,0,7775,22051
2023-06-01,103,Core Platform,139574,11631.17,31491,2517,650,0,11838,16907
2023-06-01,104,Core Platform,131821,10985.08,41990,3582,1281,0,23514,34988
2023-06-01,105,Security,78933,6577.75,38992,6636,6108,0,15144,28075
2023-06-01,106,Security,118894,9907.83,41122,2249,2227,0,11782,25943
2023-06-01,107,Analytics,44312,3692.67,41519,17600,2404,0,12927,24836
2023-06-01,108,Core Platform,92638,7719.83,48462,6464,1624,0,17257,36998
2023-06-01,109,AI Suite,134707,11225.58,39737,16288,6444,0,7475,32530
2023-06-01,110,Security,130897,10908.08,31808,3822,2972,0,10144,27424
2023-06-01,111,Core Platform,12756,1063.0,41673,6432,3668,0,10536,11543
2023-06-01,112,Analytics,126845,10570.42,10716,15856,3002,0,21067,18001
2023-06-01,113,Security,120305,10025.42,12454,1065,2257,0,5173,36136
2023-06-01,114,Analytics,75935,6327.92,46915,18035,6909,0,12684,29931
2023-06-01,115,Analytics,50789,4232.42,42923,15827,6661,0,28298,3841
2023-06-01,116,AI Suite,45795,3816.25,1490,17375,7022,0,24999,38387
2023-06-01,117,Enterprise,132733,11061.08,10818,15568,4763,0,7713,35661
2023-06-01,118,Security,78988,6582.33,15391,18356,8562,0,16341,27324
2023-06-01,119,Analytics,33886,2823.83,25769,19827,8822,0,27591,28447
2023-06-01,120,Analytics,19538,1628.17,49551,5869,6735,0,17084,17902
2023-06-01,121,Analytics,9446,787.17,8049,3174,7211,0,1073,30665
2023-06-01,122,Core Platform,36571,3047.58,47131,3727,5223,0,22327,26386
2023-06-01,123,Analytics,97846,8153.83,16464,18254,5890,0,16861,11553
2023-06-01,124,AI Suite,27900,2325.0,18406,7299,9299,0,7734,28399
2023-06-01,125,AI Suite,102625,8552.08,32136,1299,3225,0,4396,4128
2023-06-01,126,Core Platform,30651,2554.25,29902,9953,7031,0,12545,12744
2023-06-01,127,Analytics,137434,11452.83,12348,654,7818,0,8028,34790
2023-06-01,128,Security,61564,5130.33,4860,10814,8969,0,19735,12258
2023-06-01,129,Enterprise,157276,13106.33,3371,18641,5889,0,20470,23886
2023-06-01,130,Core Platform,102638,8553.17,3815,5352,9144,0,8684,22118
2023-06-01,131,Enterprise,144390,12032.5,25260,7656,5300,0,23030,9201
2023-06-01,132,Enterprise,64990,5415.83,29206,3291,7901,0,14814,13987
2023-06-01,133,Enterprise,90249,7520.75,1259,15004,3301,0,13405,22683
2023-06-01,134,Security,44020,3668.33,4143,14414,9584,0,20940,20508
2023-06-01,135,Core Platform,59409,4950.75,46916,16466,194,0,17945,8104
2023-06-01,136,Security,44607,3717.25,28911,9453,7954,0,28189,1251
2023-06-01,137,Analytics,97268,8105.67,39248,10054,3698,0,2894,12806
2023-06-01,138,AI Suite,92537,7711.42,2249,17829,9541,0,23082,31829
2023-06-01,139,AI Suite,35125,2927.08,19044,14855,6529,0,7871,36283
2023-06-01,140,Enterprise,58925,4910.42,23890,13452,9659,0,6382,17371
2023-06-01,141,Security,134470,11205.83,8619,9804,7840,0,1883,16431
2023-06-01,142,AI Suite,77341,6445.08,1530,12573,1125,0,5067,10078
2023-06-01,143,Security,112857,9404.75,31715,10443,5244,0,21804,39480
2023-06-01,144,Core Platform,45241,3770.08,39371,1369,3061,0,9660,12996
2023-06-01,145,Security,57756,4813.0,5529,3426,9405,0,15665,20991
2023-06-01,146,Analytics,118344,9862.0,33634,19599,8741,0,10736,38466
2023-06-01,147,AI Suite,134125,11177.08,31172,9187,6632,0,16866,12570
2023-06-01,148,Analytics,30192,2516.0,22456,11534,7668,0,11382,7489
2023-06-01,149,Security,32488,2707.33,30980,10097,6908,0,16295,20376
2023-06-01,150,Enterprise,74738,6228.17,9958,6134,6950,0,18425,35114
2023-06-01,151,Core Platform,123010,10250.83,36239,1976,881,0,12376,15420
2023-06-01,152,AI Suite,81098,6758.17,26682,12174,1643,0,16119,19853
2023-06-01,153,Security,22251,1854.25,25223,6002,4506,0,9858,22398
2023-06-01,154,Security,116919,9743.25,43943,13799,4754,0,12448,1981
2023-06-01,155,Analytics,141368,11780.67,35131,8533,9287,0,20218,2921
2023-06-01,156,Security,95462,7955.17,15480,3512,2747,0,5934,5534
2023-06-01,157,Core Platform,30673,2556.08,30105,13898,6527,0,7661,17279
2023-06-01,158,Security,142908,11909.0,21811,7505,8978,0,4782,7184
2023-06-01,159,AI Suite,98626,8218.83,28256,6816,676,0,5107,6644
2023-06-01,160,Analytics,36310,3025.83,40532,1573,9619,0,16078,26730
2023-06-01,161,Enterprise,133356,11113.0,42163,12068,7421,0,14096,872
2023-06-01,162,Enterprise,20910,1742.5,18759,11575,4500,0,3416,1729
2023-06-01,163,Enterprise,71823,5985.25,47336,3005,5391,0,22402,10927
2023-06-01,164,Enterprise,105607,8800.58,26025,16495,8997,0,20083,5159
2023-06-01,165,Analytics,161229,13435.75,9557,17305,3301,0,10036,9836
2023-06-01,166,Core Platform,114387,9532.25,27678,8341,6985,0,9170,17943
2023-06-01,167,AI Suite,150616,12551.33,32588,9508,3405,0,23834,33161
2023-06-01,168,AI Suite,41315,3442.92,23759,17420,8534,0,16078,14391
2023-06-01,169,Core Platform,126699,10558.25,23989,17310,7180,0,16359,18962
2023-06-01,170,AI Suite,39234,3269.5,35720,5387,1432,0,285,12457
2023-06-01,171,Security,97464,8122.0,24836,16658,5892,0,14488,19167
2023-06-01,172,Core Platform,73734,6144.5,39190,7503,5772,0,24430,20520
2023-06-01,173,Security,127820,10651.67,23384,19683,6221,0,9429,29665
2023-06-01,174,AI Suite,153934,12827.83,15504,7688,2481,0,11747,18197
2023-06-01,175,Security,41961,3496.75,9588,11860,2215,0,6669,39829
2023-06-01,176,Enterprise,96136,8011.33,20482,15826,9808,0,28528,11296
2023-06-01,177,Analytics,73844,6153.67,44191,11743,5054,0,22634,37770
2023-06-01,178,Security,41035,3419.58,7254,5595,9160,0,28126,30121
2023-06-01,179,Analytics,72041,6003.42,25089,14824,4599,0,4937,31184
2023-06-01,180,Core Platform,134573,11214.42,26913,7038,5763,0,17051,19240
2023-06-01,181,Enterprise,79266,6605.5,23725,1418,2365,0,8513,23926
2023-06-01,182,Security,105192,8766.0,10364,711,5211,0,12508,29244
2023-06-01,183,Core Platform,56904,4742.0,26968,17134,9112,0,21133,15675
2023-06-01,184,AI Suite,25133,2094.42,48254,12512,5771,0,23238,2729
2023-06-01,185,Analytics,109438,9119.83,23429,7562,7149,0,20358,25248
2023-06-01,186,AI Suite,144424,12035.33,29235,10907,9939,0,4045,12724
2023-06-01,187,Security,79865,6655.42,5500,16264,2774,0,13726,7011
2023-06-01,188,Security,77152,6429.33,46586,1660,64,0,21396,2356
2023-06-01,189,Enterprise,22002,1833.5,15121,5387,3978,0,4076,35844
2023-06-01,190,Analytics,64234,5352.83,18704,16517,4948,0,13969,25782
2023-06-01,191,Core Platform,141176,11764.67,14629,5331,2114,0,27399,13054
2023-06-01,192,Analytics,147659,12304.92,10771,18472,4994,0,4783,16550
2023-06-01,193,Security,29692,2474.33,12710,13249,1851,0,29668,37999
2023-06-01,194,Security,140445,11703.75,10714,7855,2625,0,22761,31637
2023-06-01,195,Analytics,49691,4140.92,17267,7845,7347,0,29409,19461
2023-06-01,196,Security,127511,10625.92,17824,6490,5715,0,14781,19387
2023-06-01,197,Core Platform,39972,3331.0,48893,18441,6029,0,7566,30768
2023-06-01,198,AI Suite,25970,2164.17,5173,16163,7977,0,11783,32374
2023-06-01,199,Core Platform,94863,7905.25,42820,13526,1242,0,12071,13327
2023-06-01,200,Core Platform,51161,4263.42,45091,16181,370,0,10768,35857
2023-06-01,201,Analytics,64245,5353.75,47849,18546,1038,0,15336,39197
2023-06-01,202,AI Suite,111114,9259.5,7276,4218,2304,0,1506,21922
2023-06-01,203,AI Suite,138289,11524.08,32152,4298,365,0,29212,28221
2023-06-01,204,Analytics,146479,12206.58,15321,7244,6140,0,1474,28087
2023-06-01,205,AI Suite,132347,11028.92,13021,9926,6413,0,24489,15441
2023-06-01,206,Analytics,1148,95.67,46775,3745,2597,144649,17407,30168
2023-06-01,207,Core Platform,104818,8734.83,43550,1388,9532,0,28718,24131
2023-06-01,208,Core Platform,79095,6591.25,31326,13334,2913,0,19682,15214
2023-06-01,209,Security,90705,7558.75,12397,3903,4221,0,29787,33955
2023-06-01,210,Enterprise,66809,5567.42,21847,11397,3584,0,19575,37037
2023-06-01,211,Core Platform,36799,3066.58,41524,5781,1388,0,6814,5758
2023-06-01,212,Enterprise,76878,6406.5,49779,14587,4953,0,22619,5267
2023-06-01,213,Enterprise,110951,9245.92,28587,4164,7043,0,21729,1594
2023-06-01,214,Analytics,27825,2318.75,40161,16209,6651,0,27910,9034
2023-06-01,215,Analytics,76398,6366.5,17230,17944,2218,0,11493,33752
2023-06-01,216,AI Suite,34177,2848.08,3131,14650,1292,0,10380,39211
2023-06-01,217,Enterprise,133550,11129.17,22320,9315,9309,0,25892,19786
2023-06-01,218,Enterprise,10281,856.75,23914,13457,8403,0,22962,39332
2023-06-01,219,Analytics,21331,1777.58,31249,16509,6539,0,7248,12469
2023-06-01,220,Enterprise,37345,3112.08,9031,16226,6728,0,10148,31818
2023-06-01,221,Enterprise,40111,3342.58,42787,5398,2712,0,8235,16117
2023-06-01,222,AI Suite,160610,13384.17,1687,12331,79,0,9513,2632
2023-06-01,223,Analytics,31664,2638.67,41847,13413,8128,0,9114,23162
2023-06-01,224,Analytics,47732,3977.67,44698,14440,159,0,12047,5434
2023-06-01,225,Security,119726,9977.17,6542,6394,6942,0,9522,10258
2023-06-01,226,Analytics,99532,8294.33,16514,9051,2883,0,19966,22418
2023-06-01,227,AI Suite,65695,5474.58,16687,18816,7439,0,26114,20058
2023-06-01,228,Enterprise,79672,6639.33,14900,1964,9245,0,29173,5456
2023-06-01,229,Enterprise,95299,7941.58,21321,5008,8452,0,27629,7187
2023-06-01,230,Core Platform,106619,8884.92,21816,12401,7743,0,5571,8338
2023-06-01,231,Enterprise,26891,2240.92,17604,16200,4995,0,23136,36790
2023-06-01,232,Security,118837,9903.08,16908,19646,3905,0,7742,2516
2023-06-01,233,AI Suite,3250,270.83,25781,1372,9748,0,22328,7505
2023-06-01,234,Core Platform,146189,12182.42,44160,15209,410,0,4504,38610
2023-06-01,235,Security,120118,10009.83,28477,8216,8695,0,2895,4842
2023-06-01,236,Analytics,108254,9021.17,23359,19484,7461,0,13629,14481
2023-06-01,237,Core Platform,141754,11812.83,35702,14436,8133,0,18044,31801
2023-06-01,238,Core Platform,70815,5901.25,7121,13953,8299,0,14007,38627
2023-06-01,239,Security,3018,251.5,37088,4162,8600,0,26378,6901
2023-06-01,240,AI Suite,86542,7211.83,19806,3327,8023,0,25292,10041
2023-06-01,241,Core Platform,69341,5778.42,49922,9305,8319,0,3630,30770
2023-06-01,242,AI Suite,35220,2935.0,45857,2206,5772,0,9128,1681
2023-06-01,243,Core Platform,43999,3666.58,24087,14251,459,0,11719,21924
2023-06-01,244,Analytics,29928,2494.0,46408,3407,1381,0,29677,25954
2023-06-01,245,Security,43020,3585.0,15052,9199,8372,0,13946,20369
2023-06-01,246,Enterprise,73074,6089.5,36298,10241,4227,0,6076,1034
2023-06-01,247,AI Suite,18570,1547.5,45904,8526,2880,0,11349,59
2023-06-01,248,Analytics,141333,11777.75,17909,15103,1187,0,28817,32101
2023-06-01,249,Analytics,131097,10924.75,14536,15446,2652,0,6423,39177
2023-06-01,250,Analytics,141780,11815.0,25720,14040,9159,0,23833,31334
2023-06-01,251,Core Platform,89264,7438.67,13124,16894,9272,0,18912,31508
2023-06-01,252,Enterprise,116598,9716.5,48238,12189,7588,0,14329,6302
2023-06-01,253,Analytics,51808,4317.33,42080,10375,3520,0,25686,29245
2023-06-01,254,Analytics,116229,9685.75,44315,8908,7833,0,21331,30790
2023-06-01,255,Security,87281,7273.42,11648,5945,4608,0,3237,5038
2023-06-01,256,Security,24607,2050.58,27725,54,4791,0,24531,31973
2023-06-01,257,Security,41918,3493.17,16794,6055,3645,0,19913,23573
2023-06-01,258,Security,55479,4623.25,33643,19005,6322,0,4725,32947
2023-06-01,259,Security,56922,4743.5,13285,3226,4494,0,29250,7888
2023-06-01,260,Core Platform,122040,10170.0,25368,18802,5245,0,26304,10373
2023-06-01,261,Core Platform,13292,1107.67,9801,10712,6091,0,6118,15133
2023-06-01,262,Core Platform,103534,8627.83,32044,1954,1686,0,22988,12650
2023-06-01,263,Security,147149,12262.42,19955,16072,4937,0,2288,15715
2023-06-01,264,Enterprise,133121,11093.42,15165,11281,5222,0,2325,22414
2023-06-01,265,Enterprise,56127,4677.25,45852,9685,6037,0,3158,28975
2023-06-01,266,Core Platform,46745,3895.42,34268,13117,6038,0,20860,37550
2023-06-01,267,Analytics,120247,10020.58,34904,8415,7975,0,10238,10205
2023-06-01,268,Enterprise,103454,8621.17,43077,889,9166,0,21221,33780
2023-06-01,269,Analytics,93641,7803.42,46236,19138,8572,0,19467,3671
2023-06-01,270,Analytics,29548,2462.33,15033,8045,6513,0,29482,24958
2023-06-01,271,Analytics,75921,6326.75,23009,8069,8935,0,26957,39499
2023-06-01,272,Core Platform,100284,8357.0,46385,15928,4228,0,25068,37367
2023-06-01,273,Core Platform,45319,3776.58,49440,17646,9132,0,16913,14256
2023-06-01,274,Analytics,116019,9668.25,1902,12070,2181,0,28845,17555
2023-06-01,275,Analytics,29621,2468.42,27097,14602,5633,0,11731,7688
2023-06-01,276,Security,138214,11517.83,3200,2140,9064,0,16079,10019
2023-06-01,277,Security,131352,10946.0,29939,3186,9395,0,3392,1622
2023-06-01,278,Core Platform,59972,4997.67,38866,624,7932,0,315,7658
2023-06-01,279,Security,138543,11545.25,28776,12727,2041,0,17750,679
2023-06-01,280,Enterprise,23615,1967.92,17975,3271,7955,0,22439,22650
2023-06-01,281,Core Platform,134453,11204.42,8442,2201,2010,0,29176,7729
2023-06-01,282,Analytics,142349,11862.42,29048,16016,9576,0,11313,4218
2023-06-01,283,AI Suite,66076,5506.33,28475,10539,7101,0,23111,31625
2023-06-01,284,AI Suite,8840,736.67,4564,12259,3419,95478,15627,13858
2023-06-01,285,Core Platform,5852,487.67,7592,9308,9459,0,13740,30598
2023-06-01,286,Enterprise,6921,576.75,14408,1970,5504,0,3942,15982
2023-06-01,287,Enterprise,139997,11666.42,39921,18675,4648,0,25677,29672
2023-06-01,288,Core Platform,122744,10228.67,43969,18821,2805,0,3441,33661
2023-06-01,289,AI Suite,6246,520.5,31815,14636,8390,116524,3577,8762
2023-06-01,290,AI Suite,80174,6681.17,17189,7512,9022,0,21131,3764
2023-06-01,291,AI Suite,68204,5683.67,39711,1989,2796,0,7131,30664
2023-06-01,292,Enterprise,52233,4352.75,35382,12035,5991,0,4032,39725
2023-06-01,293,Core Platform,67288,5607.33,28372,18114,616,0,3607,28859
2023-06-01,294,Security,75560,6296.67,44130,16761,2484,0,22325,14189
2023-06-01,295,AI Suite,149554,12462.83,18139,10849,8426,0,1558,36630
2023-06-01,296,Core Platform,27300,2275.0,46374,10937,2375,0,11600,16404
2023-06-01,297,Security,40954,3412.83,9359,18193,6818,0,2295,33603
2023-06-01,298,Security,82875,6906.25,25251,1538,7869,0,5857,18170
2023-06-01,299,Enterprise,134994,11249.5,45844,3908,9328,0,18569,17281
2023-06-01,300,Analytics,48791,4065.92,48810,2101,1374,0,10918,9965
2023-06-01,301,AI Suite,18145,1512.08,20600,4997,2223,0,21761,19333
2023-06-01,302,Security,105078,8756.5,15503,18785,8752,0,19966,39849
2023-06-01,303,Core Platform,41685,3473.75,36291,16862,9840,0,2671,1300
2023-06-01,304,Analytics,13020,1085.0,17953,9344,2474,0,28875,30562
2023-06-01,305,Core Platform,145085,12090.42,47394,5816,1720,0,24740,26072
2023-06-01,306,Security,131349,10945.75,45471,4168,3222,0,17210,24270
2023-06-01,307,Enterprise,134766,11230.5,48344,2754,2733,0,21640,6682
2023-06-01,308,AI Suite,70059,5838.25,1720,17119,4176,0,16999,15532
2023-06-01,309,Analytics,59035,4919.58,29493,11418,9679,0,6715,30031
2023-06-01,310,Analytics,33472,2789.33,23707,1138,2901,0,25027,33665
2023-06-01,311,Security,82133,6844.42,6694,10066,8481,0,12500,27816
2023-06-01,312,Enterprise,76091,6340.92,30626,9361,1449,0,16399,35624
2023-06-01,313,AI Suite,123710,10309.17,26933,3258,5672,0,3465,15615
2023-06-01,314,Analytics,102154,8512.83,46525,2408,1703,0,12424,23493
2023-06-01,315,Security,106902,8908.5,43133,12769,4505,0,14347,3202
2023-06-01,316,Security,116762,9730.17,39005,7099,4889,0,11976,3675
2023-06-01,317,AI Suite,55663,4638.58,12813,277,5569,0,18288,27590
2023-06-01,318,AI Suite,12429,1035.75,35329,15797,3368,15534,24987,30119
2023-06-01,319,Security,65205,5433.75,31650,10042,8430,0,18109,5842
2023-06-01,320,Core Platform,61699,5141.58,21871,2079,2570,0,29348,5657
2023-06-01,321,Security,60969,5080.75,40957,7675,1766,0,13455,12747
2023-06-01,322,Security,132025,11002.08,8641,3767,5724,0,28884,13057
2023-06-01,323,AI Suite,98688,8224.0,38853,168,577,0,955,29933
2023-06-01,324,Core Platform,117446,9787.17,27092,15639,1971,0,1514,33565
2023-06-01,325,Enterprise,29323,2443.58,30879,5549,4962,0,10182,27645
2023-06-01,326,Core Platform,53710,4475.83,48524,16813,8753,0,15694,33299
2023-06-01,327,Analytics,137948,11495.67,42638,17101,7468,0,21003,30912
2023-06-01,328,Enterprise,70569,5880.75,16844,11853,263,0,2560,29177
2023-06-01,329,Enterprise,145926,12160.5,45472,16890,3917,0,15809,9945
2023-06-01,330,Core Platform,145121,12093.42,23088,19723,7625,0,3200,13109
2023-06-01,331,Enterprise,134630,11219.17,21482,3467,3022,0,21619,6154
2023-06-01,332,Analytics,23587,1965.58,16390,3804,3818,0,8313,36332
2023-06-01,333,Security,36759,3063.25,9488,11345,3677,0,629,14359
2023-06-01,334,Security,78716,6559.67,25927,5798,5756,0,5349,35969
2023-06-01,335,Analytics,37611,3134.25,29690,15021,5513,0,16002,21694
2023-06-01,336,Enterprise,71849,5987.42,24712,380,6358,0,7624,11874
2023-06-01,337,Core Platform,105667,8805.58,39957,9436,8869,0,19983,38863
2023-06-01,338,Security,131994,10999.5,10843,4286,6306,0,22698,39085
2023-06-01,339,Security,32060,2671.67,32269,9906,9172,0,17292,160
2023-06-01,340,Analytics,30932,2577.67,35919,982,4610,0,658,26023
2023-06-01,341,Security,108100,9008.33,31275,13707,8289,0,18890,22439
2023-06-01,342,Core Platform,34159,2846.58,14902,4802,3767,0,18552,26461
2023-06-01,343,Core Platform,112038,9336.5,31854,42,237,0,16957,27742
2023-06-01,344,Enterprise,55422,4618.5,49019,18323,6670,0,8727,28025
2023-06-01,345,Analytics,89499,7458.25,48337,10625,6723,0,29665,38835
2023-06-01,346,Enterprise,68342,5695.17,5047,11079,3379,0,13865,19950
2023-06-01,347,Enterprise,20368,1697.33,47564,15263,5770,0,27258,7933
2023-06-01,348,Analytics,139027,11585.58,48412,8530,2738,0,11859,11042
2023-06-01,349,Analytics,75412,6284.33,21709,17388,1528,0,11536,33314
2023-06-01,350,AI Suite,46297,3858.08,27524,6412,6585,0,4710,792
2023-06-01,351,Enterprise,105393,8782.75,5503,16140,1574,0,1889,19697
2023-06-01,352,AI Suite,125669,10472.42,12609,17796,4865,0,14502,32446
2023-06-01,353,AI Suite,138873,11572.75,4107,8444,6923,0,27616,5049
2023-06-01,354,Enterprise,100216,8351.33,33191,4988,4446,0,16181,17596
2023-06-01,355,AI Suite,74350,6195.83,19272,5423,8404,0,5672,25114
2023-06-01,356,Security,31764,2647.0,33336,8691,4656,0,2734,9107
2023-06-01,357,Core Platform,49993,4166.08,33501,12095,3316,0,18289,11130
2023-06-01,358,Security,83234,6936.17,33482,12669,3435,0,3375,38239
2023-06-01,359,AI Suite,81457,6788.08,25029,17872,2390,0,10952,29684
2023-06-01,360,AI Suite,35824,2985.33,6675,4354,9647,0,29953,30258
2023-06-01,361,Enterprise,136145,11345.42,37752,5702,7676,0,10349,9049
2023-06-01,362,Enterprise,60818,5068.17,14744,7415,2826,0,23109,1268
2023-06-01,363,Enterprise,132808,11067.33,31002,956,9166,0,6993,22379
2023-06-01,364,Analytics,77008,6417.33,35792,11431,5491,0,29771,27929
2023-06-01,365,Analytics,28029,2335.75,2352,358,5362,0,6181,14296
2023-06-01,366,Core Platform,39220,3268.33,44477,19460,6551,0,5803,34426
2023-06-01,367,Security,78398,6533.17,48452,8961,6958,0,29600,11535
2023-06-01,368,AI Suite,115151,9595.92,1366,13866,936,0,21235,38264
2023-06-01,369,Enterprise,93219,7768.25,12053,4282,3161,0,4314,8350
2023-06-01,370,Core Platform,101174,8431.17,41766,314,7088,0,22377,21267
2023-06-01,371,Analytics,146870,12239.17,44701,12367,6514,0,3111,7420
2023-06-01,372,Enterprise,66573,5547.75,49554,10909,1776,0,4807,35306
2023-06-01,373,Core Platform,37098,3091.5,3309,11698,8500,0,25715,39392
2023-06-01,374,AI Suite,10005,833.75,42168,7876,4337,0,5960,15121
2023-06-01,375,AI Suite,53420,4451.67,30228,15102,7134,0,27832,23625
2023-06-01,376,Analytics,51993,4332.75,30239,12598,1340,0,10852,16283
2023-06-01,377,Analytics,99639,8303.25,12042,18645,6632,0,3325,35512
2023-06-01,378,Analytics,95745,7978.75,40704,7422,5261,0,11621,11677
2023-06-01,379,Enterprise,142596,11883.0,9946,12941,2840,0,29801,17826
2023-06-01,380,AI Suite,90952,7579.33,44832,7830,7806,0,7639,6752
2023-06-01,381,AI Suite,48010,4000.83,38291,12587,1475,0,18093,30239
2023-06-01,382,Security,86168,7180.67,46179,782,2042,0,23888,27423
2023-06-01,383,Analytics,84192,7016.0,7086,19368,7355,0,23676,25829
2023-06-01,384,AI Suite,155410,12950.83,43513,14942,4043,0,25251,21197
2023-06-01,385,Security,133668,11139.0,17579,17389,179,0,26572,18396
2023-06-01,386,Analytics,154189,12849.08,18987,15885,7821,0,27891,25645
2023-06-01,387,AI Suite,126192,10516.0,27520,12818,3301,0,352,18666
2023-06-01,388,Analytics,68886,5740.5,8209,3021,5804,0,6735,21001
2023-06-01,389,Core Platform,107201,8933.42,30475,13391,151,0,27635,31833
2023-06-01,390,Core Platform,0,0.0,34268,329,3842,36907,13206,9920
2023-06-01,391,Enterprise,43614,3634.5,41553,7260,501,0,26492,12291
2023-06-01,392,AI Suite,15941,1328.42,11079,17689,1748,107941,20125,16630
2023-06-01,393,Core Platform,92934,7744.5,39773,10519,8808,0,16168,9826
2023-06-01,394,Core Platform,51757,4313.08,39169,3491,2294,0,23310,10015
2023-06-01,395,AI Suite,49406,4117.17,3270,2657,5825,0,15518,2778
2023-06-01,396,Core Platform,73004,6083.67,30633,818,6035,0,4627,33172
2023-06-01,397,Analytics,28486,2373.83,2530,810,7888,0,21807,39665
2023-06-01,398,Core Platform,72684,6057.0,38091,2088,1918,0,14108,7025
2023-06-01,399,AI Suite,56279,4689.92,24230,1400,8954,0,16208,33674
2023-06-01,400,Core Platform,124890,10407.5,16203,8165,2521,0,3599,151
2023-06-01,401,Analytics,85833,7152.75,24340,19850,1779,0,19359,10840
2023-06-01,402,Security,122572,10214.33,38336,18209,8349,0,3899,27436
2023-06-01,403,Core Platform,108648,9054.0,27582,1654,3283,0,276,29713
2023-06-01,404,Analytics,98602,8216.83,43736,13532,3052,0,11272,33195
2023-06-01,405,Analytics,43846,3653.83,6617,4203,3778,0,8320,1723
2023-06-01,406,AI Suite,35097,2924.75,30290,4294,168,0,12099,39653
2023-06-01,407,Security,36632,3052.67,33335,8674,6815,0,11590,39765
2023-06-01,408,Enterprise,80588,6715.67,7843,13048,463,0,20109,13201
2023-06-01,409,Enterprise,116926,9743.83,33192,6673,8582,0,19062,9224
2023-06-01,410,AI Suite,81279,6773.25,28258,1030,4747,0,17397,7069
2023-06-01,411,Analytics,136996,11416.33,40576,18283,9743,0,5943,38339
2023-06-01,412,Security,28791,2399.25,31377,18721,7287,0,21925,17065
2023-06-01,413,Analytics,14220,1185.0,7927,7451,9960,0,26823,33167
2023-06-01,414,Security,81431,6785.92,45786,10209,198,0,21343,155
2023-06-01,415,AI Suite,51423,4285.25,7000,482,3107,0,2625,9125
2023-06-01,416,Core Platform,29761,2480.08,24471,11939,8176,0,10900,35197
2023-06-01,417,Enterprise,110254,9187.83,32318,15131,7088,0,12473,37683
2023-06-01,418,AI Suite,128232,10686.0,27709,12414,1137,0,5916,38106
2023-06-01,419,Core Platform,139313,11609.42,19734,5244,4234,0,5567,24030
2023-06-01,420,Security,74072,6172.67,15107,1283,2280,0,11495,38029
2023-06-01,421,Analytics,47141,3928.42,3899,17667,6582,0,16954,36014
2023-06-01,422,Analytics,47431,3952.58,9204,7975,1279,0,1691,17566
2023-06-01,423,Analytics,95720,7976.67,20910,18679,5529,0,19406,32695
2023-06-01,424,Enterprise,131703,10975.25,41492,15638,9367,0,25771,35456
2023-06-01,425,Enterprise,93966,7830.5,43578,14264,2959,0,20147,22053
2023-06-01,426,Core Platform,111677,9306.42,10384,3182,3480,0,8864,15893
2023-06-01,427,AI Suite,133912,11159.33,36842,5951,3633,0,15466,19285
2023-06-01,428,Enterprise,147538,12294.83,47517,16530,7745,0,2103,28992
2023-06-01,429,Core Platform,27678,2306.5,5109,1106,2251,0,3335,35173
2023-06-01,430,Core Platform,70403,5866.92,47088,19919,1535,0,12907,15883
2023-06-01,431,Analytics,92821,7735.08,11311,19683,2021,0,15614,34218
2023-06-01,432,Analytics,41096,3424.67,42484,11158,9802,0,19678,20280
2023-06-01,433,Enterprise,140395,11699.58,45023,15231,4406,0,12078,24791
2023-06-01,434,AI Suite,127011,10584.25,12543,18406,877,0,784,10857
2023-06-01,435,Enterprise,151821,12651.75,35884,8099,2584,0,23845,11630
2023-06-01,436,AI Suite,129704,10808.67,32420,11781,9731,0,5124,39297
2023-06-01,437,Core Platform,59615,4967.92,15876,9800,9484,0,4851,9950
2023-06-01,438,Enterprise,102905,8575.42,38329,2805,8724,0,15972,38514
2023-06-01,439,Core Platform,60091,5007.58,4691,8362,7232,0,1107,8294
2023-06-01,440,Security,53811,4484.25,37400,4301,5364,0,1815,1190
2023-06-01,441,Core Platform,32382,2698.5,2449,16366,2928,0,20223,30990
2023-06-01,442,AI Suite,85457,7121.42,22490,11717,351,0,12117,33631
2023-06-01,443,Analytics,30079,2506.58,45850,1604,2176,0,17859,23437
2023-06-01,444,Security,35351,2945.92,7233,16072,2775,0,999,16683
2023-06-01,445,Core Platform,128481,10706.75,37652,3866,9717,0,8174,29283
2023-06-01,446,Core Platform,134514,11209.5,16377,4558,6299,0,3524,14928
2023-06-01,447,AI Suite,119294,9941.17,4412,933,3079,0,20815,15727
2023-06-01,448,Core Platform,84800,7066.67,17359,15541,3059,0,25254,13701
2023-06-01,449,Enterprise,116368,9697.33,9135,7770,7172,0,29835,18408
2023-06-01,450,Enterprise,133932,11161.0,38936,5942,8433,0,3735,24340
2023-06-01,451,AI Suite,147891,12324.25,26778,4725,2827,0,24331,12068
2023-06-01,452,Security,35425,2952.08,48410,17722,5125,0,15464,504
2023-06-01,453,AI Suite,7918,659.83,21249,2631,790,0,14247,8872
2023-06-01,454,Enterprise,123259,10271.58,45225,19332,2110,0,20344,8295
2023-06-01,455,Enterprise,46384,3865.33,10642,1870,4422,0,1203,841
2023-06-01,456,AI Suite,92929,7744.08,13471,4313,5049,0,11892,31891
2023-06-01,457,Core Platform,25918,2159.83,42109,8147,5640,0,15921,17457
2023-06-01,458,Security,149933,12494.42,12624,11175,9390,0,6583,24686
2023-06-01,459,Enterprise,91035,7586.25,2821,11143,8735,0,18653,21849
2023-06-01,460,Enterprise,67286,5607.17,33325,10768,9640,0,1265,15029
2023-06-01,461,Core Platform,35063,2921.92,21535,8200,7802,0,18048,16797
2023-06-01,462,Security,151749,12645.75,23377,18530,8393,0,3347,23520
2023-06-01,463,Analytics,154755,12896.25,39660,15797,5124,0,4219,29574
2023-06-01,464,Analytics,157679,13139.92,33731,10078,503,0,17052,10638
2023-06-01,465,AI Suite,130945,10912.08,10667,12154,8870,0,9310,17605
2023-06-01,466,AI Suite,19299,1608.25,24800,18652,7634,0,13270,27966
2023-06-01,467,Core Platform,59394,4949.5,38962,4081,8031,0,26598,33750
2023-06-01,468,Security,31551,2629.25,47505,13563,1141,0,1996,2588
2023-06-01,469,Enterprise,141510,11792.5,24661,7777,6390,0,7996,3106
2023-06-01,470,Security,81624,6802.0,17259,16660,5836,0,19123,24694
2023-06-01,471,Analytics,55560,4630.0,34033,13396,122,0,11203,34679
2023-06-01,472,AI Suite,68659,5721.58,28988,12684,5876,0,4671,30988
2023-06-01,473,AI Suite,45522,3793.5,6022,5026,889,0,1807,8379
2023-06-01,474,Security,75923,6326.92,26120,3306,8762,0,27770,30373
2023-06-01,475,Core Platform,93389,7782.42,42466,16133,1417,0,23576,25263
2023-06-01,476,Security,117690,9807.5,24924,7434,3305,0,7955,15035
2023-06-01,477,Enterprise,145794,12149.5,45250,13945,7095,0,11316,22119
2023-06-01,478,Analytics,12932,1077.67,28097,14344,1412,113321,14152,32496
2023-06-01,479,Core Platform,83150,6929.17,43226,12925,2748,0,15795,22056
2023-06-01,480,Security,91830,7652.5,45241,11190,3757,0,25811,23102
2023-06-01,481,Analytics,133195,11099.58,11509,16273,2566,0,23175,32861
2023-06-01,482,Core Platform,24638,2053.17,36070,19766,6522,0,20850,24587
2023-06-01,483,Enterprise,70512,5876.0,6569,1125,3766,0,24942,26952
2023-06-01,484,Analytics,55425,4618.75,2659,18515,4867,0,15604,17184
2023-06-01,485,AI Suite,52401,4366.75,41514,11054,5982,0,34,34539
2023-06-01,486,Core Platform,52106,4342.17,1293,8913,6573,0,17684,5138
2023-06-01,487,Enterprise,69942,5828.5,26703,14221,2691,0,2942,10358
2023-06-01,488,Core Platform,138404,11533.67,38698,8923,4317,0,8155,13045
2023-06-01,489,Analytics,92134,7677.83,36538,13493,6718,0,21623,30793
2023-06-01,490,Analytics,80924,6743.67,8220,11324,2959,0,6900,36030
2023-06-01,491,Security,149087,12423.92,21587,17545,9620,0,18935,14534
2023-06-01,492,Analytics,29969,2497.42,39352,3215,1697,0,23529,6988
2023-06-01,493,Security,115253,9604.42,10322,4652,5964,0,14737,18265
2023-06-01,494,Enterprise,117154,9762.83,42224,3580,9686,0,21202,11544
2023-06-01,495,Analytics,25216,2101.33,35651,13056,5623,0,21982,38294
2023-06-01,496,AI Suite,19800,1650.0,49620,11345,5316,0,26227,9262
2023-06-01,497,Analytics,39688,3307.33,14626,13967,9857,0,28723,19108
2023-06-01,498,AI Suite,75399,6283.25,36797,11009,7180,0,20497,39965
2023-06-01,499,Security,52745,4395.42,1210,4747,5664,0,10616,19678
2023-06-01,500,Security,37109,3092.42,12193,13918,7551,0,11695,29462
2023-07-01,1,Core Platform,45331,3777.58,37288,15806,6761,0,26853,23958
2023-07-01,2,Analytics,62160,5180.0,5331,5072,6542,0,3599,23539
2023-07-01,3,Enterprise,32138,2678.17,3071,19976,6213,0,17470,33733
2023-07-01,4,Enterprise,9768,814.0,20860,15,9941,0,570,36737
2023-07-01,5,Analytics,140214,11684.5,43490,19875,8835,0,13575,20183
2023-07-01,6,Security,37658,3138.17,6664,3612,5278,0,89,8016
2023-07-01,7,Analytics,110507,9208.92,18205,13954,8635,0,11430,20679
2023-07-01,8,Analytics,42591,3549.25,16997,5791,8295,0,15921,39459
2023-07-01,9,Enterprise,89501,7458.42,25357,14381,9495,0,18291,7796
2023-07-01,10,Security,144044,12003.67,28222,14443,4134,0,24400,16058
2023-07-01,11,AI Suite,102232,8519.33,23862,15699,3155,0,27643,14550
2023-07-01,12,Security,26488,2207.33,42161,19562,6184,0,4797,237
2023-07-01,13,Analytics,36638,3053.17,28610,16883,9722,0,19054,38161
2023-07-01,14,Enterprise,97762,8146.83,20712,12423,8461,0,20960,17094
2023-07-01,15,AI Suite,151004,12583.67,21095,18507,4053,0,1074,21919
2023-07-01,16,Core Platform,101244,8437.0,17107,2493,7788,0,11880,27078
2023-07-01,17,Core Platform,49199,4099.92,7936,16217,8392,0,3622,10120
2023-07-01,18,Analytics,82081,6840.08,22721,4309,5218,0,9289,34750
2023-07-01,19,Enterprise,26739,2228.25,19300,5100,3970,0,20724,39865
2023-07-01,20,AI Suite,131414,10951.17,42470,11387,5637,0,17864,17783
2023-07-01,21,Enterprise,80249,6687.42,27799,19677,687,0,915,39450
2023-07-01,22,Security,26509,2209.08,16408,767,7172,0,23752,23250
2023-07-01,23,Security,160321,13360.08,3016,17218,1536,0,17641,20591
2023-07-01,24,Analytics,51975,4331.25,47240,17678,4382,0,22467,38103
2023-07-01,25,Security,41315,3442.92,37249,8716,2080,0,7363,11065
2023-07-01,26,Enterprise,142495,11874.58,4480,16765,4366,0,14261,39673
2023-07-01,27,Enterprise,128481,10706.75,26029,11294,857,0,23921,9960
2023-07-01,28,Security,23102,1925.17,14157,11587,414,0,8960,6523
2023-07-01,29,Core Platform,20768,1730.67,13666,7454,1290,0,25720,35984
2023-07-01,30,Security,73688,6140.67,37649,17322,3550,0,22336,8057
2023-07-01,31,Core Platform,50600,4216.67,35940,6933,4517,0,25491,36049
2023-07-01,32,Core Platform,41095,3424.58,35840,11128,9904,0,19921,15399
2023-07-01,33,Enterprise,61428,5119.0,7186,11953,5609,0,1899,34886
2023-07-01,34,Analytics,99948,8329.0,9852,9090,5188,0,13003,14953
2023-07-01,35,Core Platform,133664,11138.67,29510,11864,4084,0,19987,12508
2023-07-01,36,Security,118421,9868.42,29041,2089,536,0,23208,39421
2023-07-01,37,Analytics,46897,3908.08,11227,5858,5704,0,10418,6809
2023-07-01,38,Security,110219,9184.92,8350,3069,5483,0,1284,19592
2023-07-01,39,Security,40811,3400.92,3481,11999,8082,0,4148,15273
2023-07-01,40,Analytics,133991,11165.92,22198,9090,3206,0,25920,9112
2023-07-01,41,Enterprise,13397,1116.42,6971,2987,3405,0,19912,28911
2023-07-01,42,Core Platform,101380,8448.33,49795,10678,91,0,5499,6305
2023-07-01,43,AI Suite,20753,1729.42,4642,14647,624,0,16863,22330
2023-07-01,44,Core Platform,129907,10825.58,11348,5801,7375,0,25271,22233
2023-07-01,45,Enterprise,25660,2138.33,35171,19078,3541,0,23785,13540
2023-07-01,46,Analytics,83476,6956.33,16134,3169,2912,0,2939,33787
2023-07-01,47,Enterprise,78388,6532.33,20775,2992,8609,0,9167,26133
2023-07-01,48,Security,133894,11157.83,17668,10929,6698,0,26759,25955
2023-07-01,49,Analytics,112664,9388.67,5975,13684,4489,0,13258,15219
2023-07-01,50,Analytics,146515,12209.58,47076,9256,5925,0,15324,29761
2023-07-01,51,Analytics,99126,8260.5,4496,1765,5682,0,18849,14859
2023-07-01,52,AI Suite,136772,11397.67,41452,2107,7739,0,29538,23076
2023-07-01,53,Core Platform,92605,7717.08,11809,12410,6188,0,13175,17550
2023-07-01,54,Security,118893,9907.75,34495,7381,1920,0,16540,19295
2023-07-01,55,Analytics,135020,11251.67,19268,9447,9399,0,12815,36894
2023-07-01,56,Security,23149,1929.08,36946,9076,2367,0,13160,32251
2023-07-01,57,Analytics,76055,6337.92,3963,10786,7360,0,12949,32953
2023-07-01,58,Security,72852,6071.0,40240,17205,1779,0,11017,21591
2023-07-01,59,Enterprise,104792,8732.67,29306,15660,6093,0,5681,37229
2023-07-01,60,Core Platform,25560,2130.0,5008,12776,9343,0,11156,28464
2023-07-01,61,Enterprise,138137,11511.42,4297,7174,8267,0,4283,22581
2023-07-01,62,Analytics,112187,9348.92,41805,1076,5937,0,28972,8598
2023-07-01,63,AI Suite,17638,1469.83,34482,12477,3759,0,15073,3872
2023-07-01,64,AI Suite,85661,7138.42,47896,6646,2902,0,376,22426
2023-07-01,65,Security,95832,7986.0,1953,10131,4729,0,24580,39885
2023-07-01,66,Core Platform,132750,11062.5,1753,13005,8293,0,15229,22656
2023-07-01,67,AI Suite,69756,5813.0,45983,15526,8956,0,6059,3049
2023-07-01,68,Enterprise,107853,8987.75,29453,9768,8912,0,8222,4740
2023-07-01,69,Security,156341,13028.42,26129,15864,560,0,11100,15528
2023-07-01,70,Enterprise,79317,6609.75,13831,2254,2206,0,14457,26590
2023-07-01,71,Core Platform,103173,8597.75,16834,4248,9153,0,11279,35204
2023-07-01,72,Core Platform,84085,7007.08,46194,3789,1491,0,7943,16224
2023-07-01,73,Analytics,61693,5141.08,28982,8560,3183,0,25812,31489
2023-07-01,74,Enterprise,15187,1265.58,37081,13701,4571,0,11860,24090
2023-07-01,75,Analytics,139734,11644.5,46810,17592,9805,0,10351,4000
2023-07-01,76,AI Suite,147330,12277.5,43546,5211,2883,0,22978,36956
2023-07-01,77,Enterprise,23062,1921.83,1313,1432,7132,0,773,12031
2023-07-01,78,Security,81031,6752.58,5897,14966,3110,0,10004,18621
2023-07-01,79,Enterprise,145700,12141.67,5173,16916,1682,0,9827,27262
2023-07-01,80,Security,118577,9881.42,18684,9934,650,0,11828,12702
2023-07-01,81,AI Suite,65385,5448.75,27080,16850,5823,0,26763,1516
2023-07-01,82,Analytics,15256,1271.33,26081,2777,53,0,17868,3189
2023-07-01,83,Core Platform,59147,4928.92,44773,9568,4813,0,26949,6355
2023-07-01,84,Enterprise,83163,6930.25,16317,16255,8797,0,14969,30757
2023-07-01,85,Enterprise,83505,6958.75,27739,11613,3116,0,23970,3282
2023-07-01,86,Core Platform,71189,5932.42,31953,6220,2838,0,18813,31131
2023-07-01,87,Analytics,135483,11290.25,38110,3149,7747,0,11025,31333
2023-07-01,88,AI Suite,84762,7063.5,33021,16852,4612,0,1769,36756
2023-07-01,89,Enterprise,22116,1843.0,7817,13907,2666,0,26159,39209
2023-07-01,90,Security,17556,1463.0,24833,7455,6415,0,15347,38778
2023-07-01,91,Analytics,75553,6296.08,34469,9528,1692,0,6495,39921
2023-07-01,92,Security,20390,1699.17,24218,18589,4591,0,22115,4680
2023-07-01,93,AI Suite,26628,2219.0,39169,10807,3804,0,16515,34494
2023-07-01,94,Security,124904,10408.67,6796,10360,4264,0,20754,1829
2023-07-01,95,Enterprise,0,0.0,41722,288,7047,118414,4282,22708
2023-07-01,96,Core Platform,102371,8530.92,30843,3737,3287,0,5961,371
2023-07-01,97,Enterprise,137542,11461.83,28327,17999,658,0,14363,1248
2023-07-01,98,AI Suite,53094,4424.5,12364,18308,1893,0,19396,13416
2023-07-01,99,Security,95568,7964.0,37982,4498,5076,0,18383,19946
2023-07-01,100,Security,107925,8993.75,32372,11810,7770,0,17839,8445
2023-07-01,101,Security,121142,10095.17,40553,14738,1449,0,2639,23678
2023-07-01,102,AI Suite,141894,11824.5,47061,8928,8661,0,25284,11808
2023-07-01,103,Analytics,85292,7107.67,45548,16036,1766,0,3215,31931
2023-07-01,104,Security,78761,6563.42,3927,16487,2104,0,14041,8931
2023-07-01,105,AI Suite,36364,3030.33,34413,15360,851,0,22513,2144
2023-07-01,106,Enterprise,56580,4715.0,17618,10773,8651,0,26964,11487
2023-07-01,107,Security,89431,7452.58,29133,19813,5770,0,3207,12014
2023-07-01,108,Analytics,58507,4875.58,18126,10259,3913,0,28072,22067
2023-07-01,109,Enterprise,13667,1138.92,9234,16047,8678,0,11495,8208
2023-07-01,110,Security,133380,11115.0,16893,14849,8272,0,2015,35973
2023-07-01,111,Enterprise,27847,2320.58,4726,4948,2117,0,25949,21752
2023-07-01,112,Enterprise,85138,7094.83,43780,19571,567,0,22695,38230
2023-07-01,113,Core Platform,120400,10033.33,39431,9518,8800,0,22507,13435
2023-07-01,114,AI Suite,132832,11069.33,44296,8662,8797,0,23854,29639
2023-07-01,115,Security,23923,1993.58,13201,9452,6395,0,22826,7606
2023-07-01,116,Core Platform,30213,2517.75,25046,2026,1928,0,19917,37478
2023-07-01,117,Enterprise,85914,7159.5,29326,13251,516,0,17234,24716
2023-07-01,118,AI Suite,132938,11078.17,29765,15848,8364,0,1527,29876
2023-07-01,119,AI Suite,93510,7792.5,4868,15602,3269,0,14035,25596
2023-07-01,120,Security,86700,7225.0,16006,15672,2005,0,10204,21919
2023-07-01,121,Security,47572,3964.33,34869,2385,2927,0,24588,29247
2023-07-01,122,Enterprise,73957,6163.08,40362,16588,6843,0,6250,26690
2023-07-01,123,Enterprise,64473,5372.75,21358,2445,9406,0,9719,11531
2023-07-01,124,Enterprise,99989,8332.42,3497,1966,5730,0,6730,2449
2023-07-01,125,Enterprise,13756,1146.33,12866,9109,2995,0,252,5618
2023-07-01,126,Security,41852,3487.67,1748,10615,8883,0,9810,27628
2023-07-01,127,Security,126004,10500.33,39087,19224,8919,0,26461,13969
2023-07-01,128,Analytics,93411,7784.25,38420,19305,2084,0,21207,31574
2023-07-01,129,Core Platform,23101,1925.08,12581,15124,9704,0,19439,23523
2023-07-01,130,Analytics,100685,8390.42,13124,11267,7166,0,9320,10811
2023-07-01,131,Enterprise,25207,2100.58,8385,11869,6620,0,28797,1665
2023-07-01,132,Core Platform,95635,7969.58,14381,1135,4994,0,6629,542
2023-07-01,133,Security,92795,7732.92,5374,1818,5072,0,8772,20398
2023-07-01,134,Core Platform,35792,2982.67,45305,18862,9005,0,29551,31001
2023-07-01,135,Analytics,21082,1756.83,26769,14038,8788,0,26443,24214
2023-07-01,136,Security,106478,8873.17,38740,9301,3021,0,3431,1806
2023-07-01,137,Analytics,4732,394.33,1466,5886,1154,93864,1494,30688
2023-07-01,138,AI Suite,74689,6224.08,37508,3163,4639,0,28622,4498
2023-07-01,139,Analytics,3487,290.58,2648,157,7926,0,21692,18563
2023-07-01,140,Analytics,140356,11696.33,26995,2766,5288,0,10330,24504
2023-07-01,141,Analytics,75835,6319.58,45666,12351,9421,0,21537,33506
2023-07-01,142,Analytics,120753,10062.75,19073,9531,6084,0,29380,17390
2023-07-01,143,Core Platform,7253,604.42,45321,14676,7423,131026,25111,32728
2023-07-01,144,Core Platform,6073,506.08,9599,2114,7272,0,14913,28148
2023-07-01,145,Analytics,74616,6218.0,43880,14053,8345,0,28599,4136
2023-07-01,146,Enterprise,28024,2335.33,1359,1148,5363,0,22064,25044
2023-07-01,147,Core Platform,119178,9931.5,9289,5521,260,0,28451,32351
2023-07-01,148,AI Suite,17859,1488.25,12970,5818,8576,0,5470,27025
2023-07-01,149,AI Suite,27641,2303.42,27459,876,7117,0,29397,32633
2023-07-01,150,AI Suite,48763,4063.58,15888,5451,1431,0,5470,667
2023-07-01,151,Analytics,31553,2629.42,45545,17406,7121,0,10245,37587
2023-07-01,152,AI Suite,89708,7475.67,9377,3020,3661,0,28788,22246
2023-07-01,153,Analytics,92243,7686.92,47644,13223,2988,0,14951,2050
2023-07-01,154,Enterprise,33332,2777.67,12800,10054,3886,0,8213,28000
2023-07-01,155,Security,104598,8716.5,8993,10510,7132,0,24547,39894
2023-07-01,156,Analytics,111413,9284.42,24257,16303,3616,0,24668,9292
2023-07-01,157,Enterprise,61482,5123.5,19106,17048,5173,0,635,38416
2023-07-01,158,Core Platform,67939,5661.58,8210,883,6550,0,23154,22671
2023-07-01,159,Enterprise,75688,6307.33,22724,12990,3366,0,25691,5820
2023-07-01,160,Analytics,45637,3803.08,15710,11152,9575,0,9374,28359
2023-07-01,161,Security,51510,4292.5,48979,19453,3172,0,16243,4483
2023-07-01,162,Core Platform,32938,2744.83,14892,2373,5495,0,19054,24153
2023-07-01,163,Core Platform,118840,9903.33,28767,14935,1001,0,26757,23077
2023-07-01,164,Enterprise,116128,9677.33,6440,1022,9119,0,13514,710
2023-07-01,165,Enterprise,120332,10027.67,33628,18683,3934,0,21795,7542
2023-07-01,166,Analytics,45444,3787.0,44841,5357,5240,0,27628,19028
2023-07-01,167,AI Suite,115564,9630.33,34187,9898,5439,0,13146,5654
2023-07-01,168,Security,80714,6726.17,42042,6168,6984,0,26482,14996
2023-07-01,169,Enterprise,97299,8108.25,36754,8508,7456,0,18518,25290
2023-07-01,170,Security,41980,3498.33,32917,19686,5021,0,17833,38376
2023-07-01,171,Enterprise,59518,4959.83,7699,11680,5014,0,21564,32065
2023-07-01,172,Security,24170,2014.17,11912,4284,5207,0,18876,35457
2023-07-01,173,Security,110130,9177.5,13774,6332,9545,0,15023,26501
2023-07-01,174,AI Suite,106544,8878.67,21768,14202,5965,0,28047,10035
2023-07-01,175,Enterprise,100692,8391.0,19021,15583,4369,0,24432,38079
2023-07-01,176,Security,104320,8693.33,19615,6390,8496,0,7867,27157
2023-07-01,177,Analytics,0,0.0,21404,2749,4075,54864,26437,11012
2023-07-01,178,Core Platform,131534,10961.17,8703,12834,2508,0,11792,6021
2023-07-01,179,Security,127007,10583.92,11683,17745,6292,0,10995,4143
2023-07-01,180,Analytics,2546,212.17,7246,4961,8667,0,25210,36033
2023-07-01,181,Core Platform,49824,4152.0,43252,11760,4337,0,11709,5336
2023-07-01,182,Analytics,145778,12148.17,13368,6606,9382,0,9214,34716
2023-07-01,183,AI Suite,154854,12904.5,1107,19931,2800,0,10765,21831
2023-07-01,184,Enterprise,104716,8726.33,2425,14308,3002,0,16889,19903
2023-07-01,185,Core Platform,136373,11364.42,2348,8069,8980,0,17713,5885
2023-07-01,186,Security,124375,10364.58,8208,2280,9519,0,6233,19824
2023-07-01,187,AI Suite,94568,7880.67,17718,17597,6790,0,19075,38286
2023-07-01,188,Enterprise,31588,2632.33,20197,15746,6958,0,2749,30454
2023-07-01,189,Analytics,144489,12040.75,25101,1988,7362,0,14579,4395
2023-07-01,190,Core Platform,153538,12794.83,1421,9165,1354,0,6596,24379
2023-07-01,191,Analytics,112845,9403.75,40524,15360,6074,0,2849,20870
2023-07-01,192,Security,10466,872.17,4799,3332,3686,0,14882,4221
2023-07-01,193,Analytics,71370,5947.5,33079,948,6588,0,20274,26651
2023-07-01,194,AI Suite,21368,1780.67,25256,16440,8336,0,18570,12491
2023-07-01,195,Analytics,47365,3947.08,14914,14727,6123,0,25555,28374
2023-07-01,196,Security,0,0.0,36624,3787,9468,92067,27174,38589
2023-07-01,197,AI Suite,9302,775.17,17296,8846,4892,0,3661,34892
2023-07-01,198,Security,117223,9768.58,15557,7572,8728,0,27778,25345
2023-07-01,199,Core Platform,20375,1697.92,33890,19781,8561,0,24970,18312
2023-07-01,200,Core Platform,42341,3528.42,41592,15933,4334,0,5643,6107
2023-07-01,201,Core Platform,86958,7246.5,13018,14733,4295,0,13838,8846
2023-07-01,202,Security,23483,1956.92,40554,1715,3431,0,29539,7793
2023-07-01,203,Analytics,12253,1021.08,10032,8034,4437,0,26963,19989
2023-07-01,204,Analytics,85301,7108.42,45094,11323,8368,0,8315,19328
2023-07-01,205,Analytics,68368,5697.33,44468,7323,7543,0,3971,1479
2023-07-01,206,Core Platform,117511,9792.58,1638,16529,3156,0,20839,39904
2023-07-01,207,Enterprise,144623,12051.92,25361,9295,8843,0,294,13043
2023-07-01,208,AI Suite,27907,2325.58,19572,5095,4287,0,16631,37810
2023-07-01,209,Analytics,97588,8132.33,29159,4564,222,0,21002,19168
2023-07-01,210,Security,100654,8387.83,17190,4950,2409,0,12600,38625
2023-07-01,211,AI Suite,65670,5472.5,24887,8481,4732,0,16457,584
2023-07-01,212,Security,41449,3454.08,13386,17672,5805,0,3772,35619
2023-07-01,213,Core Platform,153366,12780.5,21003,18080,738,0,23141,8299
2023-07-01,214,Security,90408,7534.0,4802,9803,9373,0,9122,34125
2023-07-01,215,Enterprise,133204,11100.33,33339,9432,7070,0,9303,23328
2023-07-01,216,Core Platform,116864,9738.67,46946,16298,9259,0,14667,16395
2023-07-01,217,Analytics,129140,10761.67,47441,15001,6760,0,17960,30072
2023-07-01,218,Enterprise,78957,6579.75,12168,8556,8325,0,26029,1549
2023-07-01,219,Analytics,27528,2294.0,30129,14948,13,0,23872,21290
2023-07-01,220,Core Platform,130125,10843.75,29399,16499,8474,0,23401,18467
2023-07-01,221,Enterprise,34636,2886.33,49805,12718,5905,0,16658,33684
2023-07-01,222,Analytics,85712,7142.67,27214,17395,9098,0,4917,39632
2023-07-01,223,AI Suite,62771,5230.92,20244,3819,6481,0,1995,5630
2023-07-01,224,Analytics,50446,4203.83,28511,1869,8467,0,12222,26289
2023-07-01,225,Security,139126,11593.83,40423,15432,9480,0,1651,7239
2023-07-01,226,Security,86120,7176.67,25196,16855,5464,0,20673,18309
2023-07-01,227,Enterprise,83776,6981.33,18061,15367,5859,0,7917,10247
2023-07-01,228,Security,32957,2746.42,42635,7926,8403,0,17635,19276
2023-07-01,229,Analytics,38794,3232.83,7696,9403,459,0,17275,8082
2023-07-01,230,Analytics,37259,3104.92,23100,14368,4383,0,28207,36731
2023-07-01,231,AI Suite,79636,6636.33,47566,1044,7360,0,16342,23531
2023-07-01,232,AI Suite,143499,11958.25,34271,3959,9008,0,15427,14907
2023-07-01,233,AI Suite,41984,3498.67,46083,17162,8214,0,15581,39335
2023-07-01,234,AI Suite,83263,6938.58,14819,18111,4219,0,16607,34400
2023-07-01,235,Security,115374,9614.5,39235,10826,3458,0,19488,27937
2023-07-01,236,Core Platform,128996,10749.67,27178,11743,6533,0,18200,7405
2023-07-01,237,AI Suite,37489,3124.08,17035,13802,3145,0,10050,39147
2023-07-01,238,Security,67077,5589.75,46719,3047,4246,0,8269,8383
2023-07-01,239,Enterprise,46129,3844.08,49726,7966,2651,0,1151,21847
2023-07-01,240,Enterprise,0,0.0,24819,2513,6458,34433,24572,5986
2023-07-01,241,AI Suite,125233,10436.08,19586,2546,3789,0,18748,14322
2023-07-01,242,Security,68918,5743.17,24841,9,8327,0,11480,16305
2023-07-01,243,Security,1912,159.33,38490,2593,8037,0,18954,196
2023-07-01,244,Enterprise,123918,10326.5,38722,17800,1142,0,7562,23594
2023-07-01,245,Analytics,75488,6290.67,22987,3217,5080,0,698,24644
2023-07-01,246,Enterprise,18869,1572.42,13567,9239,2605,0,13830,8077
2023-07-01,247,Core Platform,125188,10432.33,38476,8032,7567,0,12570,37307
2023-07-01,248,Security,139360,11613.33,29351,16513,9951,0,1080,29832
2023-07-01,249,Core Platform,132235,11019.58,15810,9785,6522,0,9384,27543
2023-07-01,250,Security,123643,10303.58,24324,12460,7883,0,15343,22250
2023-07-01,251,Enterprise,159513,13292.75,37935,19375,564,0,24811,15749
2023-07-01,252,AI Suite,151779,12648.25,35451,18331,5391,0,5189,3771
2023-07-01,253,Security,102676,8556.33,21991,4545,3295,0,25711,3721
2023-07-01,254,Core Platform,137452,11454.33,48638,2435,7535,0,13455,15511
2023-07-01,255,AI Suite,126847,10570.58,13076,7958,2521,0,29501,4973
2023-07-01,256,Security,153050,12754.17,24856,14967,2955,0,20453,13824
2023-07-01,257,AI Suite,150819,12568.25,47981,13527,2293,0,25208,35974
2023-07-01,258,Core Platform,78916,6576.33,19830,3568,5247,0,6666,3971
2023-07-01,259,Analytics,143066,11922.17,15096,10051,7093,0,22432,14992
2023-07-01,260,AI Suite,34500,2875.0,38399,4854,3232,0,1030,18060
2023-07-01,261,Enterprise,46037,3836.42,26102,759,2021,0,19207,20867
2023-07-01,262,Analytics,48748,4062.33,41774,12748,5923,0,1232,2266
2023-07-01,263,AI Suite,36048,3004.0,45791,17538,9236,0,3782,14882
2023-07-01,264,Security,116032,9669.33,18853,11861,3726,0,15308,38377
2023-07-01,265,Core Platform,23504,1958.67,37802,18674,1008,0,22964,17197
2023-07-01,266,Enterprise,132599,11049.92,45741,15709,688,0,2739,30488
2023-07-01,267,Security,108792,9066.0,35957,952,3725,0,24851,2630
2023-07-01,268,Analytics,31484,2623.67,49629,14587,1192,0,15659,4352
2023-07-01,269,Analytics,17004,1417.0,42460,15060,9610,0,2210,9826
2023-07-01,270,AI Suite,19703,1641.92,32908,7955,5742,0,28769,26007
2023-07-01,271,Analytics,11294,941.17,48766,13780,7671,0,3937,21504
2023-07-01,272,Enterprise,59131,4927.58,4918,16536,8369,0,7564,10829
2023-07-01,273,Security,44710,3725.83,21411,216,9996,0,6883,31960
2023-07-01,274,Core Platform,126177,10514.75,7322,5817,5432,0,776,23733
2023-07-01,275,Enterprise,22800,1900.0,1885,12466,7031,0,8891,2763
2023-07-01,276,Security,6233,519.42,7416,1579,2939,0,11363,3661
2023-07-01,277,AI Suite,81688,6807.33,37852,17331,2494,0,8130,37928
2023-07-01,278,Core Platform,62431,5202.58,20074,4528,5300,0,25184,29886
2023-07-01,279,Enterprise,61626,5135.5,17174,8490,457,0,2733,7707
2023-07-01,280,Security,48981,4081.75,14226,9233,9899,0,25458,26193
2023-07-01,281,Security,140591,11715.92,42179,16161,4198,0,3149,12211
2023-07-01,282,Enterprise,97215,8101.25,25096,349,6032,0,2740,19975
2023-07-01,283,Analytics,55955,4662.92,22571,4830,7213,0,7284,16050
2023-07-01,284,AI Suite,94602,7883.5,30686,1517,5160,0,9052,180
2023-07-01,285,Analytics,83970,6997.5,30266,10391,1649,0,26017,29670
2023-07-01,286,Analytics,71068,5922.33,16129,15371,4732,0,22464,38207
2023-07-01,287,Core Platform,114684,9557.0,18064,12385,5917,0,3845,14525
2023-07-01,288,Analytics,113424,9452.0,7460,9473,4084,0,14784,33615
2023-07-01,289,Analytics,112353,9362.75,8965,490,469,0,8211,25774
2023-07-01,290,Analytics,0,0.0,41671,4902,7074,35501,23249,30730
2023-07-01,291,Core Platform,70733,5894.42,49978,8946,9228,0,6404,24702
2023-07-01,292,Analytics,148544,12378.67,18385,1660,1198,0,8295,29361
2023-07-01,293,Analytics,125109,10425.75,36947,8196,7421,0,20532,2161
2023-07-01,294,Analytics,53041,4420.08,27658,7522,6651,0,29568,13526
2023-07-01,295,Security,149920,12493.33,22387,12354,3885,0,9297,32786
2023-07-01,296,Enterprise,86968,7247.33,41560,8476,3080,0,26034,32438
2023-07-01,297,Analytics,37594,3132.83,9332,18381,3506,0,5329,35146
2023-07-01,298,Security,130886,10907.17,15856,3465,4704,0,12960,33240
2023-07-01,299,AI Suite,106569,8880.75,43905,15136,4164,0,5974,5846
2023-07-01,300,Enterprise,42482,3540.17,6760,19572,8954,0,20627,28552
2023-07-01,301,Security,96552,8046.0,19421,16573,5456,0,23816,34298
2023-07-01,302,Enterprise,38797,3233.08,49110,12372,3561,0,12870,22328
2023-07-01,303,Security,104492,8707.67,11625,17489,3903,0,16948,13885
2023-07-01,304,Enterprise,96231,8019.25,9393,6406,6473,0,6532,15483
2023-07-01,305,Core Platform,79708,6642.33,25990,6705,8481,0,17559,32597
2023-07-01,306,AI Suite,27724,2310.33,6992,19008,8999,0,5018,12076
2023-07-01,307,Enterprise,12457,1038.08,16764,18169,5712,57309,2149,24184
2023-07-01,308,Security,60009,5000.75,19249,13952,8964,0,14246,4389
2023-07-01,309,Security,36996,3083.0,47411,3603,8259,0,5110,2603
2023-07-01,310,Security,80551,6712.58,31390,7707,3513,0,25292,27599
2023-07-01,311,Enterprise,54307,4525.58,34405,15235,6254,0,14144,15635
2023-07-01,312,Core Platform,123457,10288.08,22016,9018,3609,0,6624,7780
2023-07-01,313,Security,47600,3966.67,21871,10791,4613,0,13162,33647
2023-07-01,314,Core Platform,68660,5721.67,25446,1339,5478,0,17817,34842
2023-07-01,315,Enterprise,132350,11029.17,8315,1094,6588,0,29835,9553
2023-07-01,316,Core Platform,53461,4455.08,48970,19257,5557,0,27664,18765
2023-07-01,317,Core Platform,15010,1250.83,21554,19769,4759,84066,18427,846
2023-07-01,318,Enterprise,114442,9536.83,16394,2216,6436,0,13362,29185
2023-07-01,319,Analytics,47077,3923.08,20289,15786,6266,0,13004,14422
2023-07-01,320,AI Suite,30844,2570.33,42110,5144,1443,0,11287,207
2023-07-01,321,Core Platform,83858,6988.17,31999,4235,807,0,14506,33532
2023-07-01,322,Enterprise,100121,8343.42,34308,18389,9423,0,24476,7282
2023-07-01,323,Core Platform,87815,7317.92,41123,14826,5994,0,15794,34539
2023-07-01,324,Core Platform,106565,8880.42,19971,6948,2065,0,7466,39989
2023-07-01,325,AI Suite,6214,517.83,26256,7959,1745,93280,9761,18574
2023-07-01,326,Analytics,10059,838.25,9280,14779,4720,64538,416,6280
2023-07-01,327,AI Suite,74375,6197.92,26345,9531,954,0,19447,29025
2023-07-01,328,Core Platform,145232,12102.67,27120,12752,3628,0,28016,30563
2023-07-01,329,Analytics,151027,12585.58,24505,9442,7083,0,15144,5157
2023-07-01,330,Enterprise,118701,9891.75,35381,10203,5070,0,20560,13808
2023-07-01,331,Enterprise,141064,11755.33,36738,4248,7183,0,28437,24653
2023-07-01,332,Security,42922,3576.83,3910,5532,5097,0,1548,29929
2023-07-01,333,Core Platform,81268,6772.33,16492,18119,587,0,23601,7877
2023-07-01,334,Enterprise,64935,5411.25,23415,2342,8663,0,19941,36989
2023-07-01,335,Security,77306,6442.17,29274,11150,4970,0,10008,5506
2023-07-01,336,Enterprise,151890,12657.5,18849,16750,9887,0,600,5250
2023-07-01,337,Security,108677,9056.42,25104,1215,8080,0,17487,24699
2023-07-01,338,Security,149997,12499.75,46476,8141,7029,0,24744,39130
2023-07-01,339,Security,35829,2985.75,28361,1203,3972,0,12557,25299
2023-07-01,340,Core Platform,108174,9014.5,49104,17917,1940,0,26914,9741
2023-07-01,341,Analytics,61365,5113.75,12336,4849,9385,0,12620,28693
2023-07-01,342,Enterprise,106130,8844.17,40430,14590,8580,0,25842,19478
2023-07-01,343,AI Suite,69440,5786.67,15062,542,2271,0,26444,14649
2023-07-01,344,Security,39083,3256.92,18948,10011,9922,0,20860,8302
2023-07-01,345,Core Platform,33294,2774.5,36778,2911,4757,0,23696,19262
2023-07-01,346,Enterprise,25165,2097.08,23235,9896,8841,0,14521,3126
2023-07-01,347,Core Platform,22777,1898.08,39958,14468,3356,0,4320,1080
2023-07-01,348,AI Suite,97634,8136.17,44186,10066,4860,0,5869,1893
2023-07-01,349,Enterprise,82930,6910.83,19537,19188,8401,0,19600,5115
2023-07-01,350,AI Suite,111575,9297.92,40425,3305,9069,0,29991,6677
2023-07-01,351,Analytics,18952,1579.33,44658,2333,4069,0,20299,32273
2023-07-01,352,Enterprise,23348,1945.67,18138,11674,7462,0,19349,1474
2023-07-01,353,Security,42995,3582.92,46638,12299,7685,0,5562,11554
2023-07-01,354,Analytics,14715,1226.25,42375,7024,3731,0,20047,5028
2023-07-01,355,AI Suite,124034,10336.17,20213,3897,7714,0,22835,32638
2023-07-01,356,Core Platform,44460,3705.0,14904,17717,9081,0,9001,7834
2023-07-01,357,Core Platform,83740,6978.33,47781,4990,8283,0,7772,18028
2023-07-01,358,Analytics,77589,6465.75,25965,9434,3107,0,23809,9842
2023-07-01,359,Security,119109,9925.75,29815,4203,6515,0,26369,3358
2023-07-01,360,Analytics,7734,644.5,37548,12181,4447,57389,10946,29398
2023-07-01,361,Security,53783,4481.92,31065,16994,5871,0,23162,34295
2023-07-01,362,Core Platform,92386,7698.83,8538,10327,913,0,20968,24648
2023-07-01,363,AI Suite,136857,11404.75,41754,3290,5644,0,9586,16881
2023-07-01,364,Analytics,41890,3490.83,25395,18701,7065,0,11051,38944
2023-07-01,365,Enterprise,109301,9108.42,29596,7513,463,0,16875,31149
2023-07-01,366,AI Suite,75665,6305.42,32888,10572,2046,0,8595,26010
2023-07-01,367,Enterprise,4795,399.58,10081,1438,8112,0,11877,34137
2023-07-01,368,Core Platform,90682,7556.83,3682,7991,1938,0,19781,14724
2023-07-01,369,Security,6409,534.08,43948,7315,9344,0,1982,20722
2023-07-01,370,Analytics,18357,1529.75,21034,1900,9815,0,22418,35731
2023-07-01,371,Analytics,146324,12193.67,44607,5358,7030,0,19575,18582
2023-07-01,372,Core Platform,105165,8763.75,28112,11128,2188,0,9489,25800
2023-07-01,373,Core Platform,116323,9693.58,48749,9048,9428,0,20103,28576
2023-07-01,374,Analytics,114049,9504.08,30834,3688,4872,0,24772,39705
2023-07-01,375,AI Suite,74800,6233.33,4681,9586,3873,0,13695,13591
2023-07-01,376,AI Suite,36658,3054.83,47620,19651,9634,0,27228,10439
2023-07-01,377,Core Platform,71451,5954.25,33623,14338,9103,0,9213,12057
2023-07-01,378,Enterprise,48876,4073.0,4847,18597,9617,0,29623,16272
2023-07-01,379,Core Platform,10981,915.08,36310,18393,7412,92574,5395,11083
2023-07-01,380,AI Suite,109234,9102.83,17548,4723,141,0,19395,20024
2023-07-01,381,Analytics,20798,1733.17,13738,916,6111,0,27624,12851
2023-07-01,382,Security,31236,2603.0,28389,10920,7311,0,15859,35010
2023-07-01,383,Security,90152,7512.67,31863,13601,7787,0,17687,38854
2023-07-01,384,AI Suite,103208,8600.67,34240,2551,3046,0,16913,2934
2023-07-01,385,Core Platform,27649,2304.08,41859,949,8939,0,15552,36786
2023-07-01,386,Enterprise,5097,424.75,31799,11052,5955,74032,25724,32887
2023-07-01,387,Security,98645,8220.42,10377,13110,1719,0,10423,30495
2023-07-01,388,AI Suite,89478,7456.5,11398,3826,5140,0,17933,13987
2023-07-01,389,AI Suite,52135,4344.58,16953,15616,7266,0,16051,23607
2023-07-01,390,Security,70473,5872.75,20472,10248,8195,0,1061,38640
2023-07-01,391,Core Platform,35710,2975.83,33251,19648,6656,0,2357,7705
2023-07-01,392,Analytics,148010,12334.17,25991,19237,643,0,4283,36798
2023-07-01,393,Security,22017,1834.75,23656,11169,514,0,14538,23271
2023-07-01,394,AI Suite,45494,3791.17,13103,14995,6709,0,6548,37555
2023-07-01,395,Enterprise,98255,8187.92,16853,2861,3891,0,29423,35636
2023-07-01,396,AI Suite,88733,7394.42,16894,13913,1900,0,5574,37905
2023-07-01,397,AI Suite,88162,7346.83,19224,12253,4127,0,8149,31700
2023-07-01,398,Security,158910,13242.5,22595,17200,5469,0,26231,1134
2023-07-01,399,Enterprise,110775,9231.25,17155,11963,8952,0,8624,15548
2023-07-01,400,Analytics,7367,613.92,27697,7334,7928,0,4995,16491
2023-07-01,401,Security,76187,6348.92,7395,19086,2674,0,16494,9380
2023-07-01,402,Analytics,20443,1703.58,19646,2087,3940,0,20306,1783
2023-07-01,403,Security,40263,3355.25,36556,8167,5911,0,28815,10924
2023-07-01,404,AI Suite,112601,9383.42,44732,12497,8695,0,15318,10709
2023-07-01,405,Security,61903,5158.58,26323,12924,3056,0,5069,28138
2023-07-01,406,Security,21135,1761.25,17051,9650,7373,0,11491,38938
2023-07-01,407,Security,151038,12586.5,10562,17709,5277,0,7079,16990
2023-07-01,408,Analytics,35072,2922.67,18159,2181,7100,0,14573,31812
2023-07-01,409,Security,9386,782.17,14210,18121,8735,50214,15477,34611
2023-07-01,410,AI Suite,72427,6035.58,34027,15586,9007,0,23044,11087
2023-07-01,411,Enterprise,100572,8381.0,5351,7267,7177,0,28988,37909
2023-07-01,412,Analytics,55570,4630.83,36819,14888,3443,0,12704,31401
2023-07-01,413,Analytics,5849,487.42,20927,813,6840,0,24365,6319
2023-07-01,414,Analytics,23715,1976.25,9906,127,8919,0,5091,13265
2023-07-01,415,Core Platform,85617,7134.75,33304,8825,4831,0,18085,38161
2023-07-01,416,Security,30761,2563.42,40839,15696,5032,0,21896,12733
2023-07-01,417,AI Suite,127052,10587.67,24638,1083,6799,0,2072,14354
2023-07-01,418,Analytics,133652,11137.67,41835,7113,6065,0,18922,30931
2023-07-01,419,Analytics,151535,12627.92,44528,10908,103,0,6800,7606
2023-07-01,420,AI Suite,43054,3587.83,6722,12401,1067,0,20654,8375
2023-07-01,421,AI Suite,112240,9353.33,13373,8606,1853,0,23804,31926
2023-07-01,422,Core Platform,23137,1928.08,20295,17563,5032,0,4574,25469
2023-07-01,423,Enterprise,101419,8451.58,20627,7093,2435,0,15919,3316
2023-07-01,424,Analytics,94678,7889.83,41258,6363,7599,0,17838,9523
2023-07-01,425,Analytics,27059,2254.92,25289,7056,9528,0,20888,26262
2023-07-01,426,Enterprise,90461,7538.42,15701,14121,1883,0,13582,36335
2023-07-01,427,Analytics,94309,7859.08,1015,13820,7776,0,9027,32419
2023-07-01,428,Core Platform,135672,11306.0,36249,12991,2594,0,24023,34109
2023-07-01,429,Security,137974,11497.83,44600,7034,5066,0,15137,26827
2023-07-01,430,Analytics,94031,7835.92,4364,1817,4349,0,22000,36892
2023-07-01,431,Core Platform,99019,8251.58,11943,13261,1415,0,25066,15064
2023-07-01,432,Core Platform,0,0.0,27122,6240,8478,82130,23634,32888
2023-07-01,433,AI Suite,33197,2766.42,14898,6816,7359,0,29976,36234
2023-07-01,434,AI Suite,35641,2970.08,30212,14374,5182,0,22426,4993
2023-07-01,435,Core Platform,17083,1423.58,11524,318,1389,0,16989,29138
2023-07-01,436,Enterprise,75214,6267.83,24711,9679,1477,0,3949,35218
2023-07-01,437,Enterprise,58116,4843.0,43094,15736,490,0,12059,14319
2023-07-01,438,Enterprise,109902,9158.5,29257,15224,8458,0,25335,34651
2023-07-01,439,Security,69303,5775.25,3035,14513,9344,0,11045,27839
2023-07-01,440,Security,86763,7230.25,1615,10190,6492,0,9645,22881
2023-07-01,441,Security,31001,2583.42,42009,16493,1780,0,22068,7564
2023-07-01,442,AI Suite,13725,1143.75,18588,10218,7337,0,23439,22491
2023-07-01,443,Core Platform,16181,1348.42,31888,5090,1759,0,17829,9422
2023-07-01,444,Security,45698,3808.17,7736,12244,2121,0,18648,14392
2023-07-01,445,Enterprise,25896,2158.0,30255,13648,498,0,28267,31008
2023-07-01,446,Core Platform,30805,2567.08,5582,13897,7416,0,12524,18956
2023-07-01,447,Security,40411,3367.58,5754,14598,1008,0,27824,23042
2023-07-01,448,Security,13424,1118.67,9115,16130,2706,28817,13454,28571
2023-07-01,449,AI Suite,145963,12163.58,40798,9985,5637,0,16212,30423
2023-07-01,450,Security,73998,6166.5,25801,15472,8913,0,6221,39536
2023-07-01,451,AI Suite,12598,1049.83,45337,2051,7291,0,12615,31151
2023-07-01,452,Enterprise,95404,7950.33,28770,4627,6878,0,8215,35718
2023-07-01,453,Analytics,151194,12599.5,28182,19997,6759,0,20254,31639
2023-07-01,454,Analytics,123967,10330.58,12234,3037,820,0,26534,15650
2023-07-01,455,Core Platform,65351,5445.92,29777,11517,4958,0,21134,18595
2023-07-01,456,Enterprise,123723,10310.25,25752,5118,2259,0,22275,12423
2023-07-01,457,Security,140904,11742.0,3824,15438,8130,0,3329,23983
2023-07-01,458,Enterprise,80585,6715.42,45535,6803,8409,0,29593,22022
2023-07-01,459,Core Platform,120904,10075.33,3695,17223,5280,0,26709,22372
2023-07-01,460,Core Platform,151043,12586.92,4719,8248,6168,0,9848,19636
2023-07-01,461,AI Suite,82948,6912.33,15311,13429,9027,0,2730,33560
2023-07-01,462,AI Suite,152297,12691.42,32342,14974,3577,0,29291,37467
2023-07-01,463,Security,98260,8188.33,47109,17938,3246,0,15492,12652
2023-07-01,464,Core Platform,111301,9275.08,16811,15260,8657,0,4542,37436
2023-07-01,465,Enterprise,147316,12276.33,45290,15984,5357,0,26193,39643
2023-07-01,466,Security,14870,1239.17,36721,3478,5938,0,10088,29224
2023-07-01,467,Analytics,78923,6576.92,22823,4456,6607,0,23370,25528
2023-07-01,468,AI Suite,103605,8633.75,3509,8655,9745,0,13244,30863
2023-07-01,469,Enterprise,76959,6413.25,49347,2902,4791,0,20628,11770
2023-07-01,470,Security,85633,7136.08,6983,8810,3701,0,20421,11326
2023-07-01,471,Security,155078,12923.17,30743,10365,2452,0,18364,10295
2023-07-01,472,Core Platform,126589,10549.08,9783,10418,9271,0,5089,11917
2023-07-01,473,Core Platform,33016,2751.33,42037,15886,6876,0,830,37195
2023-07-01,474,Core Platform,153949,12829.08,11019,15835,9310,0,15775,8715
2023-07-01,475,Enterprise,15905,1325.42,9364,9576,8779,0,2429,13075
2023-07-01,476,Analytics,146486,12207.17,46545,15682,8596,0,28122,13679
2023-07-01,477,Enterprise,49743,4145.25,18490,15575,2119,0,14027,6004
2023-07-01,478,Enterprise,131156,10929.67,25155,7325,7937,0,16218,10571
2023-07-01,479,Security,22144,1845.33,8758,13171,9162,0,2480,17921
2023-07-01,480,Security,43288,3607.33,24086,19623,2681,0,5739,22807
2023-07-01,481,Security,127365,10613.75,4058,15706,7979,0,18704,32368
2023-07-01,482,Security,17360,1446.67,46803,6558,2061,0,19575,22525
2023-07-01,483,Security,116590,9715.83,10411,6997,5815,0,28600,6805
2023-07-01,484,AI Suite,67926,5660.5,49833,7138,3727,0,5737,3025
2023-07-01,485,AI Suite,127045,10587.08,41161,2130,1745,0,18905,10357
2023-07-01,486,Security,137056,11421.33,37474,2173,1260,0,25432,18832
2023-07-01,487,Enterprise,62513,5209.42,16956,14931,3170,0,65,35402
2023-07-01,488,Core Platform,3980,331.67,8810,8339,4359,100674,18986,28550
2023-07-01,489,Analytics,139390,11615.83,44942,7128,1476,0,24803,35832
2023-07-01,490,Enterprise,102118,8509.83,30825,5416,6785,0,727,1156
2023-07-01,491,AI Suite,97838,8153.17,35279,6532,4301,0,28159,18507
2023-07-01,492,Security,26093,2174.42,3374,553,1902,0,21314,35626
2023-07-01,493,Enterprise,151755,12646.25,48793,18616,1062,0,17692,37804
2023-07-01,494,Enterprise,95047,7920.58,40658,3181,7049,0,15977,1007
2023-07-01,495,Analytics,154808,12900.67,9391,16992,1922,0,23228,9321
2023-07-01,496,Core Platform,119857,9988.08,16520,12967,7460,0,3762,35008
2023-07-01,497,Enterprise,53904,4492.0,42846,17659,5714,0,21471,15202
2023-07-01,498,Enterprise,116735,9727.92,32296,17530,3293,0,1860,17961
2023-07-01,499,Core Platform,124295,10357.92,28897,19723,1967,0,226,15548
2023-07-01,500,Analytics,26054,2171.17,22409,2671,1118,0,7960,11840
2023-08-01,1,Core Platform,33944,2828.67,12743,19517,5389,0,14596,37919
2023-08-01,2,Analytics,22404,1867.0,15967,8279,5927,0,9053,18831
2023-08-01,3,Analytics,72743,6061.92,44460,18627,1692,0,1918,31835
2023-08-01,4,Core Platform,33349,2779.08,40634,14716,3287,0,7360,15743
2023-08-01,5,Analytics,29224,2435.33,25605,3247,5350,0,21310,5401
2023-08-01,6,AI Suite,77964,6497.0,17598,1978,3004,0,11625,7636
2023-08-01,7,Enterprise,136534,11377.83,26189,3594,7970,0,8448,28990
2023-08-01,8,Core Platform,107390,8949.17,48124,14888,438,0,2814,15452
2023-08-01,9,AI Suite,125276,10439.67,19842,3406,3894,0,11519,31764
2023-08-01,10,Analytics,80183,6681.92,24147,6171,9974,0,7536,10006
2023-08-01,11,Enterprise,91003,7583.58,31056,14384,8061,0,25722,25984
2023-08-01,12,AI Suite,159260,13271.67,2685,12303,1726,0,10784,16900
2023-08-01,13,AI Suite,47028,3919.0,28006,9311,8798,0,24839,30048
2023-08-01,14,AI Suite,29999,2499.92,26378,1781,1230,0,23949,28929
2023-08-01,15,Core Platform,111078,9256.5,38013,5228,8229,0,4345,10041
2023-08-01,16,Analytics,131498,10958.17,39593,10135,5347,0,1322,15143
2023-08-01,17,Security,91053,7587.75,39335,10411,2841,0,682,3571
2023-08-01,18,Enterprise,28496,2374.67,1780,4157,2659,0,13115,25421
2023-08-01,19,Enterprise,133859,11154.92,39575,19613,1157,0,3136,32369
2023-08-01,20,Security,30948,2579.0,17996,5518,3002,0,28215,33842
2023-08-01,21,Analytics,124993,10416.08,22923,9436,2459,0,23209,3590
2023-08-01,22,Enterprise,108756,9063.0,18190,18136,3480,0,6026,37806
2023-08-01,23,Analytics,26851,2237.58,7753,16351,4192,0,8421,19072
2023-08-01,24,Analytics,141617,11801.42,45664,14590,8178,0,11040,8229
2023-08-01,25,AI Suite,108257,9021.42,28795,18483,9215,0,23757,35807
2023-08-01,26,Security,6514,542.83,38308,6308,8905,0,3466,10726
2023-08-01,27,Security,71877,5989.75,2283,11196,799,0,25824,12630
2023-08-01,28,Security,51146,4262.17,26856,11406,534,0,20209,11896
2023-08-01,29,Enterprise,56151,4679.25,21307,10182,3797,0,19549,26941
2023-08-01,30,AI Suite,111494,9291.17,17669,14316,8614,0,5346,12269
2023-08-01,31,AI Suite,150248,12520.67,34995,9889,8810,0,28511,32382
2023-08-01,32,Security,7087,590.58,16125,740,6496,0,21919,19580
2023-08-01,33,Core Platform,10502,875.17,26637,652,6029,0,15967,24408
2023-08-01,34,Core Platform,144289,12024.08,37312,6361,965,0,28786,15254
2023-08-01,35,Security,26015,2167.92,34934,3111,2690,0,14379,32180
2023-08-01,36,AI Suite,83461,6955.08,32546,958,2878,0,9987,19246
2023-08-01,37,Core Platform,79212,6601.0,19717,3372,5480,0,28783,1014
2023-08-01,38,AI Suite,79151,6595.92,13768,1275,860,0,16624,35550
2023-08-01,39,Enterprise,91562,7630.17,49184,5682,3726,0,26353,24626
2023-08-01,40,Enterprise,112118,9343.17,39619,1521,5923,0,5936,5323
2023-08-01,41,AI Suite,17306,1442.17,13944,1756,2352,0,1090,5875
2023-08-01,42,AI Suite,100133,8344.42,22453,5259,7232,0,21515,29122
2023-08-01,43,AI Suite,99174,8264.5,34493,2516,4944,0,10594,34606
2023-08-01,44,Core Platform,50699,4224.92,3205,9665,6438,0,8624,1648
2023-08-01,45,Enterprise,87586,7298.83,18358,10035,1463,0,26540,18481
2023-08-01,46,Core Platform,29371,2447.58,12995,822,2921,0,7981,17798
2023-08-01,47,Analytics,70966,5913.83,48656,12688,8307,0,20396,26508
2023-08-01,48,Core Platform,64326,5360.5,35186,19359,8367,0,7184,4477
2023-08-01,49,Security,90872,7572.67,3397,9746,8453,0,18177,27532
2023-08-01,50,AI Suite,85481,7123.42,6652,3712,4911,0,16897,12739
2023-08-01,51,Analytics,120169,10014.08,18411,18752,5452,0,25250,4071
2023-08-01,52,Security,32701,2725.08,45649,19786,9449,0,2768,17303
2023-08-01,53,Security,65342,5445.17,44799,1663,1546,0,3926,15537
2023-08-01,54,Core Platform,160043,13336.92,36066,18333,4395,0,14824,2303
2023-08-01,55,AI Suite,148649,12387.42,46448,1732,2932,0,2823,28817
2023-08-01,56,Core Platform,53591,4465.92,7043,1040,5054,0,22385,12588
2023-08-01,57,Security,132974,11081.17,41951,2674,9821,0,18025,1245
2023-08-01,58,Analytics,108422,9035.17,16917,12710,9706,0,14955,15056
2023-08-01,59,Security,152102,12675.17,7001,11563,6301,0,26637,30007
2023-08-01,60,Analytics,120629,10052.42,13805,16075,6613,0,7908,9349
2023-08-01,61,Core Platform,68294,5691.17,27256,17440,293,0,5140,29614
2023-08-01,62,Security,19789,1649.08,38674,1931,7044,0,15474,2324
2023-08-01,63,Enterprise,71793,5982.75,29112,12566,9586,0,22072,16645
2023-08-01,64,AI Suite,62106,5175.5,22512,19695,6529,0,13697,35280
2023-08-01,65,Core Platform,68914,5742.83,8856,13856,2531,0,25321,25079
2023-08-01,66,AI Suite,68081,5673.42,30985,12580,3476,0,8201,743
2023-08-01,67,Core Platform,63523,5293.58,37370,12491,1531,0,20604,1069
2023-08-01,68,Core Platform,43565,3630.42,5592,2665,4240,0,25333,33701
2023-08-01,69,Analytics,120489,10040.75,35611,16100,1024,0,17070,32032
2023-08-01,70,Analytics,42776,3564.67,16975,5118,3369,0,20537,26680
2023-08-01,71,AI Suite,52811,4400.92,40767,16615,5954,0,2351,30568
2023-08-01,72,Security,45830,3819.17,7742,12947,5697,0,24886,20542
2023-08-01,73,AI Suite,129591,10799.25,3406,17435,1383,0,27541,12952
2023-08-01,74,Core Platform,96205,8017.08,25879,8074,4460,0,14519,2210
2023-08-01,75,Security,115705,9642.08,31542,60,5255,0,7255,26255
2023-08-01,76,Analytics,115462,9621.83,13193,1662,8834,0,23563,32384
2023-08-01,77,Analytics,72240,6020.0,41740,2821,4340,0,17430,2842
2023-08-01,78,Analytics,100634,8386.17,21060,17513,7232,0,16888,31233
2023-08-01,79,Enterprise,82669,6889.08,22692,14586,1284,0,14019,33957
2023-08-01,80,Security,118952,9912.67,14817,18164,800,0,4245,21087
2023-08-01,81,Security,53677,4473.08,29613,6563,9584,0,24557,14001
2023-08-01,82,Analytics,119985,9998.75,2322,4111,1300,0,13634,34138
2023-08-01,83,Core Platform,16479,1373.25,10690,10262,5903,0,1736,22893
2023-08-01,84,Analytics,106595,8882.92,38218,667,8157,0,27159,8027
2023-08-01,85,Enterprise,132488,11040.67,11708,2086,9388,0,14013,10216
2023-08-01,86,AI Suite,81331,6777.58,38172,12022,8354,0,18068,15250
2023-08-01,87,AI Suite,15472,1289.33,28580,6171,4567,0,22292,38132
2023-08-01,88,Analytics,123815,10317.92,17943,33,1842,0,6928,9398
2023-08-01,89,Enterprise,40375,3364.58,17137,13302,5433,0,27233,33053
2023-08-01,90,Analytics,119572,9964.33,4039,7945,1189,0,19870,22787
2023-08-01,91,Security,110773,9231.08,45464,510,4945,0,23635,23319
2023-08-01,92,Security,128215,10684.58,3735,16363,9048,0,18346,9049
2023-08-01,93,Core Platform,81305,6775.42,20071,14506,2,0,9012,12621
2023-08-01,94,Analytics,9603,800.25,27184,4055,4683,0,10430,23175
2023-08-01,95,Core Platform,152325,12693.75,10853,15572,6462,0,10081,34022
2023-08-01,96,Analytics,149161,12430.08,24708,5503,2377,0,2409,10306
2023-08-01,97,Security,58828,4902.33,24174,6388,6896,0,6580,6254
2023-08-01,98,Security,90286,7523.83,31415,16317,5353,0,21717,36760
2023-08-01,99,Enterprise,137364,11447.0,37792,5562,6272,0,4041,13970
2023-08-01,100,AI Suite,14124,1177.0,11826,755,8933,0,22170,30474
2023-08-01,101,AI Suite,145664,12138.67,32432,16356,7155,0,14391,37400
2023-08-01,102,AI Suite,49444,4120.33,41658,5686,1707,0,4326,39127
2023-08-01,103,Enterprise,19531,1627.58,34460,8803,3571,0,18407,16195
2023-08-01,104,Analytics,47286,3940.5,26261,18188,6979,0,5343,32366
2023-08-01,105,AI Suite,41857,3488.08,29740,10019,556,0,19353,15232
2023-08-01,106,AI Suite,19108,1592.33,4180,4161,462,0,10680,4935
2023-08-01,107,Analytics,125506,10458.83,6183,485,7640,0,20317,412
2023-08-01,108,Core Platform,111043,9253.58,13323,19213,296,0,21442,28982
2023-08-01,109,AI Suite,133347,11112.25,22757,18758,9174,0,16317,1467
2023-08-01,110,Enterprise,127851,10654.25,5937,829,9036,0,13004,572
2023-08-01,111,Enterprise,101434,8452.83,29281,11285,1621,0,25392,29508
2023-08-01,112,Core Platform,75788,6315.67,36267,1571,714,0,7739,21717
2023-08-01,113,AI Suite,96843,8070.25,9431,19711,4844,0,5499,9943
2023-08-01,114,Enterprise,35094,2924.5,21342,15816,6760,0,8242,38396
2023-08-01,115,Security,124946,10412.17,22232,6601,2935,0,10856,19200
2023-08-01,116,AI Suite,79231,6602.58,28289,4749,1776,0,20985,33382
2023-08-01,117,Security,4174,347.83,41422,13658,9484,105677,3921,5759
2023-08-01,118,Analytics,103946,8662.17,35034,4525,6952,0,20211,23967
2023-08-01,119,Enterprise,146274,12189.5,35040,2095,1161,0,16294,9835
2023-08-01,120,Security,161892,13491.0,19737,15522,1434,0,20800,23243
2023-08-01,121,Enterprise,100639,8386.58,6679,12237,3270,0,29269,18022
2023-08-01,122,AI Suite,143428,11952.33,40900,8990,4461,0,16959,10108
2023-08-01,123,Enterprise,99677,8306.42,30018,2377,3792,0,23716,39350
2023-08-01,124,Core Platform,57303,4775.25,6845,18692,736,0,28407,1590
2023-08-01,125,Analytics,52681,4390.08,40424,520,8883,0,21626,7838
2023-08-01,126,AI Suite,70519,5876.58,22574,13602,973,0,25004,32445
2023-08-01,127,AI Suite,115787,9648.92,44399,16431,4614,0,20418,21870
2023-08-01,128,Security,88391,7365.92,17653,3558,1160,0,26539,300
2023-08-01,129,Enterprise,113572,9464.33,21776,14391,4705,0,23154,39296
2023-08-01,130,Analytics,98575,8214.58,39795,8611,4629,0,27541,4930
2023-08-01,131,Enterprise,107286,8940.5,16032,11504,4196,0,6623,25849
2023-08-01,132,AI Suite,50931,4244.25,6598,7923,2567,0,16566,18204
2023-08-01,133,Analytics,83754,6979.5,27632,281,8573,0,29831,29200
2023-08-01,134,Enterprise,122800,10233.33,38440,542,621,0,12088,29304
2023-08-01,135,AI Suite,17936,1494.67,44755,539,489,0,13795,1920
2023-08-01,136,Core Platform,28409,2367.42,1402,9390,9873,0,2969,37055
2023-08-01,137,AI Suite,145809,12150.75,16642,3296,4697,0,22816,13249
2023-08-01,138,Core Platform,68799,5733.25,17872,18852,1342,0,242,10668
2023-08-01,139,Security,89066,7422.17,13984,16407,8954,0,416,14634
2023-08-01,140,Analytics,82240,6853.33,43458,13442,508,0,2344,30870
2023-08-01,141,AI Suite,110742,9228.5,34009,17813,5715,0,3973,6896
2023-08-01,142,Security,122841,10236.75,9169,9817,8369,0,20317,39473
2023-08-01,143,AI Suite,108864,9072.0,45454,9442,5893,0,5171,17283
2023-08-01,144,AI Suite,129441,10786.75,12981,2690,2777,0,7385,30190
2023-08-01,145,Enterprise,102230,8519.17,1465,4514,2164,0,2859,13047
2023-08-01,146,Enterprise,127915,10659.58,6736,12898,8450,0,20807,31644
2023-08-01,147,Security,119127,9927.25,23057,19762,7896,0,7407,24421
2023-08-01,148,Enterprise,117843,9820.25,17691,2619,4948,0,5537,26390
2023-08-01,149,Enterprise,98756,8229.67,44311,6244,998,0,5159,22912
2023-08-01,150,Enterprise,21485,1790.42,18554,5758,890,0,20942,22682
2023-08-01,151,Core Platform,121790,10149.17,3019,12483,9730,0,24158,32773
2023-08-01,152,Enterprise,97803,8150.25,2214,2151,4924,0,22831,11043
2023-08-01,153,Security,20845,1737.08,24578,1753,1534,0,28677,34792
2023-08-01,154,AI Suite,106677,8889.75,6281,19236,9444,0,69,30341
2023-08-01,155,Enterprise,128823,10735.25,43379,9068,9231,0,27254,37978
2023-08-01,156,Security,118554,9879.5,39329,842,1089,0,25872,12854
2023-08-01,157,Security,113079,9423.25,31452,18416,9837,0,2855,34428
2023-08-01,158,Enterprise,120010,10000.83,15007,15110,2802,0,20458,1677
2023-08-01,159,Core Platform,5322,443.5,30964,5444,8483,0,26994,8774
2023-08-01,160,Enterprise,25520,2126.67,31748,7829,8154,0,11463,978
2023-08-01,161,Core Platform,40931,3410.92,4323,2377,5406,0,6462,15144
2023-08-01,162,Security,50601,4216.75,10018,17719,8394,0,29542,4171
2023-08-01,163,Analytics,60898,5074.83,42007,17070,8234,0,11225,6074
2023-08-01,164,Security,113357,9446.42,3414,12591,1058,0,25259,5852
2023-08-01,165,Analytics,98406,8200.5,2559,2271,2859,0,19716,39198
2023-08-01,166,Security,49999,4166.58,36794,10657,2725,0,23604,28885
2023-08-01,167,Enterprise,57992,4832.67,34056,5296,2342,0,27145,6670
2023-08-01,168,AI Suite,109044,9087.0,34705,16053,812,0,18676,26223
2023-08-01,169,Analytics,57503,4791.92,28638,388,3723,0,21419,8740
2023-08-01,170,Core Platform,137813,11484.42,39988,11636,739,0,15970,16992
2023-08-01,171,Enterprise,0,0.0,11113,3421,8380,139599,1440,10411
2023-08-01,172,Security,137769,11480.75,13834,17403,2825,0,22787,29689
2023-08-01,173,Security,164605,13717.08,16445,19979,1312,0,5554,39529
2023-08-01,174,Enterprise,88996,7416.33,37085,4160,2584,0,26325,4813
2023-08-01,175,Enterprise,58648,4887.33,6429,11388,5319,0,2091,27781
2023-08-01,176,Security,44899,3741.58,3976,1086,1416,0,24990,23128
2023-08-01,177,Core Platform,24113,2009.42,9492,13587,1522,0,24214,20787
2023-08-01,178,Core Platform,110523,9210.25,39064,6271,3082,0,1010,404
2023-08-01,179,AI Suite,116949,9745.75,3290,264,5886,0,22901,9988
2023-08-01,180,Analytics,70414,5867.83,39666,13910,6787,0,2594,3060
2023-08-01,181,Enterprise,149979,12498.25,1904,12641,9987,0,19624,14634
2023-08-01,182,Core Platform,45471,3789.25,10043,1576,6226,0,17803,10744
2023-08-01,183,AI Suite,145675,12139.58,20625,18389,3531,0,20431,25112
2023-08-01,184,Core Platform,136088,11340.67,41136,1310,7679,0,2986,14209
2023-08-01,185,Security,0,0.0,49583,6338,6367,147138,12633,26342
2023-08-01,186,AI Suite,155227,12935.58,20480,10293,1385,0,3260,19246
2023-08-01,187,Enterprise,32238,2686.5,48761,17519,2072,0,7861,27401
2023-08-01,188,AI Suite,116987,9748.92,32414,19789,7762,0,10877,23632
2023-08-01,189,Core Platform,36916,3076.33,6998,12865,3080,0,18063,17845
2023-08-01,190,Security,157490,13124.17,7449,19384,1518,0,814,14204
2023-08-01,191,Enterprise,123822,10318.5,26053,11672,3372,0,1610,11873
2023-08-01,192,AI Suite,21460,1788.33,15533,3668,6310,0,28017,29728
2023-08-01,193,Core Platform,53140,4428.33,3562,8472,7526,0,7794,28259
2023-08-01,194,Security,59921,4993.42,6431,3510,1337,0,137,21915
2023-08-01,195,Core Platform,100105,8342.08,28773,1448,9054,0,1414,4012
2023-08-01,196,Core Platform,24304,2025.33,39642,2176,8884,0,12967,25760
2023-08-01,197,Enterprise,122162,10180.17,2258,2424,6184,0,26280,30426
2023-08-01,198,Analytics,68208,5684.0,26040,3225,4549,0,15848,8419
2023-08-01,199,AI Suite,67715,5642.92,7958,12616,690,0,20672,32194
2023-08-01,200,AI Suite,29256,2438.0,12616,12906,7624,0,2448,18226
2023-08-01,201,Security,144181,12015.08,38079,10454,1457,0,27585,7894
2023-08-01,202,Core Platform,118829,9902.42,37605,13595,4618,0,14940,12084
2023-08-01,203,Analytics,36684,3057.0,26885,9477,7992,0,17751,35669
2023-08-01,204,AI Suite,46675,3889.58,29927,6470,4484,0,19958,15478
2023-08-01,205,Enterprise,97370,8114.17,13855,17983,470,0,910,36623
2023-08-01,206,Core Platform,22417,1868.08,1368,13127,2776,0,25826,35205
2023-08-01,207,Core Platform,3317,276.42,7353,9521,6204,137045,20070,29419
2023-08-01,208,Analytics,75463,6288.58,42382,8299,894,0,26465,12741
2023-08-01,209,Security,10969,914.08,33447,9182,6562,0,13719,28690
2023-08-01,210,AI Suite,90102,7508.5,30758,1070,9519,0,18641,5415
2023-08-01,211,AI Suite,140716,11726.33,40302,252,9161,0,16634,37571
2023-08-01,212,Security,87870,7322.5,38382,5345,5325,0,17050,28437
2023-08-01,213,Enterprise,90406,7533.83,2677,16897,6827,0,6483,33989
2023-08-01,214,Core Platform,84145,7012.08,33324,19254,7413,0,8064,39711
2023-08-01,215,Analytics,0,0.0,29780,3684,4577,118300,21996,13744
2023-08-01,216,Analytics,142168,11847.33,8503,8271,3011,0,8794,31685
2023-08-01,217,Enterprise,56942,4745.17,27953,7962,302,0,17868,31653
2023-08-01,218,Core Platform,139577,11631.42,40837,18252,5245,0,6193,33579
2023-08-01,219,Enterprise,24952,2079.33,6653,11602,7017,0,58,7835
2023-08-01,220,Analytics,112328,9360.67,33370,12213,3427,0,274,8524
2023-08-01,221,Core Platform,119516,9959.67,36235,11259,7144,0,16749,18049
2023-08-01,222,Security,38325,3193.75,9615,17108,3977,0,27159,22242
2023-08-01,223,Core Platform,11632,969.33,21627,4903,4866,0,13165,9364
2023-08-01,224,Core Platform,122580,10215.0,41797,13236,436,0,18689,6988
2023-08-01,225,Security,108033,9002.75,19824,9687,6903,0,28906,458
2023-08-01,226,AI Suite,14644,1220.33,27961,14930,9664,0,23890,21904
2023-08-01,227,Core Platform,146417,12201.42,14337,4671,3081,0,17820,20756
2023-08-01,228,Enterprise,106773,8897.75,16797,2231,6563,0,23133,11868
2023-08-01,229,Core Platform,74942,6245.17,13915,5605,1616,0,20500,36168
2023-08-01,230,Enterprise,23855,1987.92,8337,7031,8611,0,23607,27502
2023-08-01,231,Analytics,54474,4539.5,27547,18165,2398,0,21737,11462
2023-08-01,232,Enterprise,104177,8681.42,9373,14691,307,0,4709,27430
2023-08-01,233,Enterprise,56019,4668.25,28947,19539,9648,0,15193,20175
2023-08-01,234,AI Suite,20010,1667.5,44391,10776,120,0,13821,23276
2023-08-01,235,Security,116934,9744.5,16216,15633,5835,0,24861,29081
2023-08-01,236,Enterprise,34711,2892.58,15431,10314,1203,0,4398,33239
2023-08-01,237,AI Suite,27988,2332.33,18940,19742,8747,0,9196,29883
2023-08-01,238,Security,80884,6740.33,16838,15086,9673,0,20728,24399
2023-08-01,239,Core Platform,48926,4077.17,47082,9651,6263,0,18063,34789
2023-08-01,240,Security,42927,3577.25,41308,17378,4443,0,29839,18112
2023-08-01,241,Enterprise,103511,8625.92,15880,9805,4159,0,27883,34909
2023-08-01,242,Analytics,110345,9195.42,37495,15957,6571,0,2663,10025
2023-08-01,243,Security,67714,5642.83,42186,5641,7965,0,16872,24507
2023-08-01,244,AI Suite,13892,1157.67,43677,9020,5329,0,16730,24917
2023-08-01,245,Core Platform,109984,9165.33,38584,6191,4009,0,13781,21055
2023-08-01,246,AI Suite,108029,9002.42,36255,7126,7233,0,21329,5722
2023-08-01,247,Security,125899,10491.58,34943,13905,7497,0,24065,25415
2023-08-01,248,Security,46921,3910.08,14903,4227,6188,0,773,2804
2023-08-01,249,Analytics,14739,1228.25,24183,8963,5571,0,20114,25801
2023-08-01,250,Analytics,17433,1452.75,15735,4523,2258,0,297,28908
2023-08-01,251,Enterprise,52255,4354.58,22662,14388,6799,0,4160,505
2023-08-01,252,AI Suite,129048,10754.0,15815,17143,4351,0,9514,12130
2023-08-01,253,Core Platform,102157,8513.08,35598,17408,149,0,5175,30442
2023-08-01,254,Enterprise,79386,6615.5,33957,19877,9078,0,19449,24083
2023-08-01,255,Security,70568,5880.67,44512,3821,480,0,28863,20521
2023-08-01,256,Security,33957,2829.75,23181,8499,8453,0,20537,37630
2023-08-01,257,AI Suite,83829,6985.75,33050,15386,4521,0,3216,31278
2023-08-01,258,Enterprise,84235,7019.58,3443,186,3543,0,25960,17363
2023-08-01,259,AI Suite,66279,5523.25,16391,441,9707,0,28897,15404
2023-08-01,260,AI Suite,142769,11897.42,14777,15066,1473,0,22909,34571
2023-08-01,261,Core Platform,52818,4401.5,37874,798,6746,0,25824,11562
2023-08-01,262,AI Suite,101172,8431.0,23012,7288,1175,0,2666,13896
2023-08-01,263,Enterprise,136420,11368.33,49687,19962,1523,0,9975,20976
2023-08-01,264,Enterprise,93992,7832.67,29302,15575,2375,0,4739,7294
2023-08-01,265,Enterprise,16067,1338.92,45037,5327,9304,0,4904,8091
2023-08-01,266,Analytics,11395,949.58,36561,6840,9106,0,29470,34932
2023-08-01,267,Security,95871,7989.25,2440,1914,3979,0,21851,33480
2023-08-01,268,Enterprise,90383,7531.92,30922,269,1150,0,29840,17294
2023-08-01,269,Enterprise,138483,11540.25,43005,18342,2499,0,10015,16188
2023-08-01,270,Enterprise,73146,6095.5,12002,7160,2733,0,21683,30235
2023-08-01,271,Enterprise,71253,5937.75,17177,8012,6810,0,380,16847
2023-08-01,272,AI Suite,59388,4949.0,13717,5532,7234,0,28817,22325
2023-08-01,273,Analytics,80253,6687.75,23315,14765,7599,0,20616,7331
2023-08-01,274,Security,133309,11109.08,2057,13575,3645,0,11813,13839
2023-08-01,275,Analytics,88271,7355.92,31651,4902,8286,0,5944,16560
2023-08-01,276,Security,27959,2329.92,30981,18119,4636,0,2690,7943
2023-08-01,277,Enterprise,3983,331.92,38955,3127,6250,0,28869,8572
2023-08-01,278,Enterprise,64931,5410.92,4858,3978,3767,0,20831,22086
2023-08-01,279,AI Suite,156979,13081.58,21108,15479,4642,0,26621,31315
2023-08-01,280,Enterprise,135350,11279.17,34206,12161,4886,0,2333,28882
2023-08-01,281,Security,56503,4708.58,8165,6574,6341,0,19056,11944
2023-08-01,282,Core Platform,105969,8830.75,28491,3664,2275,0,1916,27041
2023-08-01,283,Security,68308,5692.33,10724,3903,2006,0,13284,14435
2023-08-01,284,Analytics,47553,3962.75,20284,9035,6126,0,12320,24159
2023-08-01,285,Security,21371,1780.92,23423,19329,7829,0,21456,24107
2023-08-01,286,AI Suite,151999,12666.58,22946,10350,799,0,9660,37706
2023-08-01,287,Core Platform,71071,5922.58,2516,677,6979,0,10844,37368
2023-08-01,288,Analytics,128020,10668.33,29171,7888,8740,0,9317,31936
2023-08-01,289,Security,142507,11875.58,47498,8332,7000,0,29308,11197
2023-08-01,290,Analytics,91786,7648.83,48572,9492,617,0,1125,5445
2023-08-01,291,Security,40188,3349.0,45871,2307,3853,0,9462,22954
2023-08-01,292,Analytics,88961,7413.42,13246,2499,780,0,24918,13413
2023-08-01,293,Security,154133,12844.42,44719,16886,9538,0,26968,27714
2023-08-01,294,Security,39884,3323.67,12260,10341,1651,0,27728,18153
2023-08-01,295,AI Suite,99963,8330.25,29010,16074,930,0,13482,34026
2023-08-01,296,AI Suite,92195,7682.92,42297,15034,26,0,26719,30192
2023-08-01,297,Analytics,12340,1028.33,22591,7529,6734,0,10643,33587
2023-08-01,298,Analytics,51323,4276.92,24986,5555,5801,0,15108,9688
2023-08-01,299,Analytics,93268,7772.33,39637,4156,1919,0,28219,2297
2023-08-01,300,Core Platform,129765,10813.75,36299,3799,4245,0,26887,18797
2023-08-01,301,Enterprise,43811,3650.92,15385,3847,1068,0,16009,2909
2023-08-01,302,Analytics,11823,985.25,14082,1893,2951,0,3413,23029
2023-08-01,303,Enterprise,115422,9618.5,10897,8931,7086,0,12228,11705
2023-08-01,304,Core Platform,29703,2475.25,24666,10832,1361,0,8055,4196
2023-08-01,305,Analytics,123966,10330.5,19546,3458,1590,0,17422,2704
2023-08-01,306,AI Suite,77693,6474.42,17790,10869,1326,0,7420,26421
2023-08-01,307,Enterprise,86091,7174.25,6132,16982,2142,0,18120,25732
2023-08-01,308,Enterprise,112934,9411.17,9111,16985,617,0,5743,28837
2023-08-01,309,Core Platform,72034,6002.83,9873,729,3300,0,20936,8765
2023-08-01,310,Security,0,0.0,31023,106,547,32549,23698,36352
2023-08-01,311,Analytics,121079,10089.92,41073,7663,6894,0,13067,20413
2023-08-01,312,AI Suite,97707,8142.25,25350,3012,8326,0,6089,32090
2023-08-01,313,AI Suite,43704,3642.0,22553,9230,4034,0,18994,3209
2023-08-01,314,Security,60808,5067.33,30327,13123,3743,0,12708,34818
2023-08-01,315,Enterprise,72442,6036.83,29284,5945,8950,0,24650,444
2023-08-01,316,Enterprise,100566,8380.5,30555,8138,5586,0,21999,15583
2023-08-01,317,Analytics,114616,9551.33,13456,11199,4084,0,6514,23891
2023-08-01,318,Analytics,62106,5175.5,20056,19232,2656,0,22750,26214
2023-08-01,319,Security,42607,3550.58,22823,3729,4858,0,1096,38493
2023-08-01,320,Analytics,132347,11028.92,29572,17360,4808,0,11132,27871
2023-08-01,321,Security,43327,3610.58,12952,18299,587,0,10095,12053
2023-08-01,322,Analytics,87112,7259.33,6807,4410,7871,0,25848,38732
2023-08-01,323,AI Suite,31658,2638.17,36998,3723,6946,0,19957,13552
2023-08-01,324,Core Platform,48826,4068.83,7404,17799,3123,0,6167,28299
2023-08-01,325,Enterprise,88291,7357.58,47815,1146,3458,0,7242,19654
2023-08-01,326,Core Platform,149587,12465.58,25451,4036,1176,0,13831,31004
2023-08-01,327,AI Suite,63493,5291.08,33499,10642,3122,0,5144,3119
2023-08-01,328,Core Platform,25058,2088.17,46938,17134,8529,0,8717,26061
2023-08-01,329,Enterprise,115321,9610.08,29174,19556,7477,0,26603,1079
2023-08-01,330,Security,102205,8517.08,3947,15650,6849,0,9759,6143
2023-08-01,331,Analytics,56434,4702.83,35419,227,468,0,29451,2904
2023-08-01,332,Analytics,66598,5549.83,28494,3244,3747,0,5587,18166
2023-08-01,333,Security,149876,12489.67,9178,14053,9421,0,25950,16463
2023-08-01,334,Security,145266,12105.5,11569,15732,7219,0,24868,26396
2023-08-01,335,Core Platform,68026,5668.83,3796,11340,6860,0,1105,11071
2023-08-01,336,Analytics,110655,9221.25,13381,12898,8856,0,5198,22052
2023-08-01,337,Analytics,28958,2413.17,20996,19903,5479,0,26510,34623
2023-08-01,338,Security,33679,2806.58,13523,16613,7851,0,3902,24763
2023-08-01,339,Security,30377,2531.42,2481,17089,2508,0,19383,33889
2023-08-01,340,AI Suite,12181,1015.08,35023,7362,941,0,377,23053
2023-08-01,341,AI Suite,27817,2318.08,1702,9339,2701,0,14784,5720
2023-08-01,342,Core Platform,142025,11835.42,16360,14915,529,0,26068,26928
2023-08-01,343,Security,94200,7850.0,18475,7867,1285,0,4301,25164
2023-08-01,344,Analytics,160432,13369.33,6539,18910,1181,0,25664,9737
2023-08-01,345,Security,70239,5853.25,5498,4288,4659,0,25696,29379
2023-08-01,346,Enterprise,47400,3950.0,2528,18627,577,0,2120,39396
2023-08-01,347,Security,83435,6952.92,19702,16841,2994,0,5880,23520
2023-08-01,348,Security,90584,7548.67,34089,4774,9537,0,4565,21231
2023-08-01,349,AI Suite,42789,3565.75,2156,13083,4686,0,228,39127
2023-08-01,350,Analytics,51778,4314.83,20524,13793,9974,0,8564,19822
2023-08-01,351,AI Suite,38068,3172.33,8454,12329,5754,0,25861,10829
2023-08-01,352,Core Platform,109774,9147.83,32528,13667,6732,0,14773,32947
2023-08-01,353,Enterprise,50936,4244.67,13741,13609,9179,0,12296,11526
2023-08-01,354,Security,14825,1235.42,27425,19864,5039,51225,19389,12513
2023-08-01,355,Analytics,112452,9371.0,17159,16062,482,0,17221,7148
2023-08-01,356,AI Suite,84258,7021.5,47517,7807,7239,0,26422,37104
2023-08-01,357,Enterprise,104924,8743.67,31795,5267,3097,0,1047,39137
2023-08-01,358,Enterprise,18438,1536.5,3412,1709,6448,0,1183,28953
2023-08-01,359,Core Platform,127727,10643.92,38615,1510,8101,0,29982,5169
2023-08-01,360,Analytics,141333,11777.75,9146,10367,1310,0,8389,10762
2023-08-01,361,Enterprise,41405,3450.42,12620,1627,9834,0,7195,25622
2023-08-01,362,AI Suite,21382,1781.83,13157,11403,9722,0,4635,33178
2023-08-01,363,Core Platform,13763,1146.92,7627,2965,874,0,26417,3130
2023-08-01,364,Enterprise,65224,5435.33,32614,17138,8647,0,11365,22590
2023-08-01,365,Enterprise,113821,9485.08,11245,3553,7724,0,12761,16447
2023-08-01,366,Analytics,79940,6661.67,7695,16694,6168,0,22069,20761
2023-08-01,367,Enterprise,104442,8703.5,46833,7039,5704,0,10155,14157
2023-08-01,368,AI Suite,40881,3406.75,2630,11737,3149,0,15876,18824
2023-08-01,369,Security,155156,12929.67,43032,11904,6271,0,12606,27188
2023-08-01,370,Core Platform,115527,9627.25,44145,13093,3634,0,27734,31949
2023-08-01,371,AI Suite,17232,1436.0,11222,14063,4084,0,13194,5757
2023-08-01,372,Security,45388,3782.33,34167,18161,8001,0,21887,6480
2023-08-01,373,Analytics,28576,2381.33,36083,6848,2258,0,19959,10517
2023-08-01,374,Core Platform,14352,1196.0,31683,16536,2184,10207,11866,5711
2023-08-01,375,AI Suite,0,0.0,23173,842,1751,138371,28735,13545
2023-08-01,376,AI Suite,79182,6598.5,38301,3945,2315,0,13454,21470
2023-08-01,377,Security,10498,874.83,44966,10045,8878,0,23465,32226
2023-08-01,378,Analytics,79164,6597.0,25584,12278,5986,0,20027,27868
2023-08-01,379,AI Suite,35736,2978.0,30579,17276,1599,0,10327,29136
2023-08-01,380,Core Platform,17692,1474.33,11825,11747,4173,0,412,36026
2023-08-01,381,Enterprise,120796,10066.33,29325,18705,1202,0,5774,25940
2023-08-01,382,AI Suite,77437,6453.08,8527,4367,2157,0,16290,30442
2023-08-01,383,Security,90102,7508.5,20536,10244,9812,0,6973,9391
2023-08-01,384,Analytics,58150,4845.83,38830,5514,4520,0,22398,34067
2023-08-01,385,Security,97481,8123.42,32619,18272,3285,0,28780,748
2023-08-01,386,Core Platform,78272,6522.67,32411,1388,840,0,4720,16992
2023-08-01,387,Security,95531,7960.92,15243,9957,4616,0,16921,9459
2023-08-01,388,Security,8840,736.67,28020,16387,7547,59494,28713,3563
2023-08-01,389,Core Platform,7267,605.58,27822,15939,8672,128645,23178,27050
2023-08-01,390,Core Platform,61723,5143.58,39876,14452,6594,0,15792,37017
2023-08-01,391,AI Suite,78662,6555.17,31453,2088,650,0,10694,12834
2023-08-01,392,Core Platform,62705,5225.42,4696,14799,5572,0,12802,8627
2023-08-01,393,AI Suite,109111,9092.58,39033,4419,4022,0,2182,20129
2023-08-01,394,Analytics,89262,7438.5,19641,14237,7774,0,1030,7254
2023-08-01,395,Analytics,146302,12191.83,39648,7416,8682,0,22596,25896
2023-08-01,396,Analytics,146653,12221.08,45307,725,2120,0,2247,31087
2023-08-01,397,Enterprise,38534,3211.17,28256,4657,1960,0,21227,10747
2023-08-01,398,Security,43522,3626.83,45724,9112,1836,0,29540,5673
2023-08-01,399,AI Suite,69013,5751.08,21994,660,5861,0,5048,29785
2023-08-01,400,Core Platform,26302,2191.83,2880,8725,7484,0,25570,6080
2023-08-01,401,Enterprise,28491,2374.25,5484,1216,7423,0,5959,22780
2023-08-01,402,Security,95248,7937.33,22782,6190,9410,0,3805,19351
2023-08-01,403,AI Suite,62421,5201.75,32633,12472,9538,0,6044,23633
2023-08-01,404,Enterprise,67886,5657.17,9042,4716,4197,0,21794,10879
2023-08-01,405,Enterprise,117695,9807.92,7685,4497,7951,0,15994,22582
2023-08-01,406,Enterprise,102627,8552.25,1724,1261,1835,0,20012,37406
2023-08-01,407,Analytics,0,0.0,34508,958,9755,0,10088,15701
2023-08-01,408,AI Suite,79899,6658.25,49996,3018,1221,0,4762,9694
2023-08-01,409,Core Platform,129173,10764.42,37797,17666,4550,0,7701,10011
2023-08-01,410,Analytics,152498,12708.17,40674,11439,7298,0,18772,32206
2023-08-01,411,Core Platform,154333,12861.08,8871,16487,9914,0,19015,33281
2023-08-01,412,Enterprise,117109,9759.08,42441,386,8901,0,26494,16123
2023-08-01,413,Enterprise,54026,4502.17,1353,16450,6927,0,23323,39118
2023-08-01,414,Enterprise,125669,10472.42,1782,7246,6896,0,17177,6814
2023-08-01,415,Enterprise,128626,10718.83,24081,2497,4842,0,503,6824
2023-08-01,416,Core Platform,110312,9192.67,27679,3659,4030,0,19029,23556
2023-08-01,417,Analytics,74289,6190.75,47720,770,2058,0,17871,35915
2023-08-01,418,Security,76647,6387.25,21452,4154,9588,0,8431,36866
2023-08-01,419,Enterprise,91343,7611.92,18922,10901,2723,0,15981,34269
2023-08-01,420,Security,158412,13201.0,12374,15652,6327,0,5315,6794
2023-08-01,421,Security,2222,185.17,39587,3785,9230,0,25984,26858
2023-08-01,422,Analytics,116726,9727.17,38636,19764,5485,0,29753,27639
2023-08-01,423,Analytics,136653,11387.75,2734,3881,5680,0,1770,32220
2023-08-01,424,Security,63860,5321.67,12858,15686,5851,0,27990,15377
2023-08-01,425,Enterprise,148665,12388.75,49302,8656,9715,0,29414,28395
2023-08-01,426,AI Suite,68294,5691.17,32823,424,5288,0,15699,28256
2023-08-01,427,Analytics,91595,7632.92,14446,12628,5241,0,3543,10094
2023-08-01,428,AI Suite,132008,11000.67,42300,1967,4943,0,20031,24404
2023-08-01,429,Core Platform,21538,1794.83,32125,3606,2847,0,5965,33240
2023-08-01,430,Enterprise,114458,9538.17,2963,4798,3303,0,337,29958
2023-08-01,431,Analytics,60407,5033.92,9679,17106,6318,0,26343,26501
2023-08-01,432,Enterprise,83077,6923.08,42287,13102,4309,0,26694,29303
2023-08-01,433,Enterprise,37511,3125.92,14646,5265,404,0,11648,7671
2023-08-01,434,Core Platform,119125,9927.08,31016,17520,731,0,14128,32452
2023-08-01,435,Enterprise,66288,5524.0,38047,463,3221,0,10327,34908
2023-08-01,436,Analytics,107490,8957.5,24312,5668,8948,0,4021,7296
2023-08-01,437,AI Suite,82227,6852.25,39380,2545,8512,0,150,38414
2023-08-01,438,Security,93727,7810.58,19264,11249,5830,0,18132,22834
2023-08-01,439,Enterprise,138695,11557.92,1514,10904,4306,0,3378,36530
2023-08-01,440,Analytics,31765,2647.08,9026,2389,6194,0,15799,10494
2023-08-01,441,Security,124994,10416.17,2953,2509,8103,0,13616,8160
2023-08-01,442,AI Suite,17636,1469.67,26315,9236,3267,0,10488,21162
2023-08-01,443,Security,2577,214.75,45103,11926,9349,96740,24197,16442
2023-08-01,444,Security,40341,3361.75,15449,8556,9563,0,25253,17283
2023-08-01,445,Analytics,9944,828.67,36905,1397,2366,0,2152,39892
2023-08-01,446,Core Platform,63201,5266.75,6790,1140,3505,0,8343,39687
2023-08-01,447,Analytics,26840,2236.67,21836,12077,661,0,11655,6738
2023-08-01,448,Analytics,49714,4142.83,44859,11006,5090,0,19999,39475
2023-08-01,449,Security,23648,1970.67,27922,17590,2042,0,8697,30595
2023-08-01,450,AI Suite,32746,2728.83,38482,9741,4293,0,28485,27620
2023-08-01,451,Core Platform,81163,6763.58,7083,14008,4110,0,3510,25566
2023-08-01,452,Core Platform,58038,4836.5,16669,3527,4012,0,14396,4868
2023-08-01,453,Analytics,106909,8909.08,23424,16445,6582,0,24785,26189
2023-08-01,454,Analytics,125936,10494.67,1015,12260,8801,0,8730,8232
2023-08-01,455,Security,138619,11551.58,17396,18431,20,0,10866,13618
2023-08-01,456,Enterprise,57820,4818.33,42789,11289,8005,0,15181,13966
2023-08-01,457,AI Suite,27179,2264.92,24780,2853,6386,0,26246,16083
2023-08-01,458,AI Suite,127539,10628.25,30978,11346,5226,0,10960,27345
2023-08-01,459,Security,127372,10614.33,14067,4208,4715,0,1248,33011
2023-08-01,460,AI Suite,161425,13452.08,14096,14119,739,0,24872,30602
2023-08-01,461,AI Suite,37182,3098.5,39613,17075,2833,0,9353,27846
2023-08-01,462,AI Suite,44187,3682.25,13013,5334,5883,0,12652,21846
2023-08-01,463,Core Platform,2415,201.25,34183,1316,4047,0,22372,13589
2023-08-01,464,Analytics,46692,3891.0,16152,5405,9686,0,1528,12172
2023-08-01,465,Analytics,107652,8971.0,8148,2137,7744,0,21125,20611
2023-08-01,466,Enterprise,126517,10543.08,36305,13659,3043,0,16288,38996
2023-08-01,467,AI Suite,103564,8630.33,33663,16119,2327,0,26950,22254
2023-08-01,468,Enterprise,22550,1879.17,25797,9841,7867,0,28337,27980
2023-08-01,469,AI Suite,0,0.0,28160,278,3508,106463,11575,30889
2023-08-01,470,Core Platform,60434,5036.17,6999,4721,2091,0,12918,14624
2023-08-01,471,Core Platform,87548,7295.67,35485,316,6445,0,3602,6898
2023-08-01,472,Enterprise,100993,8416.08,16509,18326,8690,0,3618,33817
2023-08-01,473,AI Suite,62707,5225.58,38646,12526,6142,0,12283,7048
2023-08-01,474,AI Suite,83698,6974.83,34483,14059,7721,0,6830,2273
2023-08-01,475,Analytics,153503,12791.92,15267,12428,5225,0,1601,12281
2023-08-01,476,Enterprise,25968,2164.0,5255,4385,9791,0,13861,6129
2023-08-01,477,Core Platform,48469,4039.08,21064,5845,8503,0,4115,30041
2023-08-01,478,Enterprise,62656,5221.33,7174,17312,7882,0,14357,4105
2023-08-01,479,Enterprise,88205,7350.42,7757,2478,9934,0,22870,27165
2023-08-01,480,Security,93217,7768.08,37332,4085,8054,0,10462,3813
2023-08-01,481,Enterprise,119028,9919.0,14311,564,4539,0,16431,34142
2023-08-01,482,Security,98184,8182.0,18108,2384,2308,0,2662,13496
2023-08-01,483,Core Platform,111320,9276.67,11183,3401,4665,0,26483,23738
2023-08-01,484,AI Suite,89296,7441.33,37257,16098,4699,0,5979,26474
2023-08-01,485,Core Platform,20043,1670.25,3575,876,7359,0,21913,12731
2023-08-01,486,Analytics,82450,6870.83,17886,16475,181,0,1926,14634
2023-08-01,487,AI Suite,45083,3756.92,25089,13755,6968,0,12230,37256
2023-08-01,488,Security,145052,12087.67,39750,11959,7877,0,26564,24262
2023-08-01,489,Enterprise,60531,5044.25,21983,626,7901,0,961,15794
2023-08-01,490,Analytics,20271,1689.25,40510,13331,7791,0,14807,25026
2023-08-01,491,Core Platform,122263,10188.58,44374,10230,4088,0,22393,32148
2023-08-01,492,Core Platform,117179,9764.92,45872,6506,459,0,17305,31220
2023-08-01,493,Analytics,51971,4330.92,19111,18062,3733,0,7324,34748
2023-08-01,494,Enterprise,70385,5865.42,48066,6787,6640,0,12559,16221
2023-08-01,495,Security,45101,3758.42,22198,1680,5015,0,12532,16270
2023-08-01,496,Analytics,118266,9855.5,26013,8959,1199,0,6633,24049
2023-08-01,497,AI Suite,146068,12172.33,37012,11929,3547,0,25046,28945
2023-08-01,498,Analytics,125287,10440.58,11377,6923,5148,0,17992,25291
2023-08-01,499,Enterprise,51489,4290.75,11923,5863,57,0,13102,30957
2023-08-01,500,Core Platform,140970,11747.5,22909,14376,4032,0,13564,19933
2023-09-01,1,Analytics,143126,11927.17,39258,6360,8835,0,1981,16364
2023-09-01,2,Core Platform,97501,8125.08,17662,7529,4557,0,10170,37389
2023-09-01,3,Core Platform,37452,3121.0,28067,6442,427,0,14345,1249
2023-09-01,4,Security,121054,10087.83,11960,13962,5048,0,27387,37593
2023-09-01,5,AI Suite,19738,1644.83,30310,3050,1025,0,20738,32024
2023-09-01,6,AI Suite,10532,877.67,44803,15970,5438,47822,23616,7959
2023-09-01,7,Core Platform,36635,3052.92,12512,6120,5580,0,22398,33582
2023-09-01,8,Analytics,125869,10489.08,42189,6670,4953,0,8439,19949
2023-09-01,9,Security,128710,10725.83,15626,10953,341,0,21592,12766
2023-09-01,10,Security,71686,5973.83,23298,344,344,0,6079,3163
2023-09-01,11,Security,79361,6613.42,20642,15439,5289,0,19709,10648
2023-09-01,12,Core Platform,125185,10432.08,19206,2902,1526,0,19888,19242
2023-09-01,13,Enterprise,113515,9459.58,15030,662,9430,0,26054,39703
2023-09-01,14,Security,117802,9816.83,9917,8632,1156,0,14800,34947
2023-09-01,15,Enterprise,12581,1048.42,3484,7773,4046,0,24430,19394
2023-09-01,16,Enterprise,24306,2025.5,24288,18215,1319,0,23129,19909
2023-09-01,17,AI Suite,34787,2898.92,25145,13980,232,0,1788,18914
2023-09-01,18,AI Suite,28983,2415.25,27964,7532,8034,0,9241,28860
2023-09-01,19,Security,33343,2778.58,48078,2639,304,0,7279,118
2023-09-01,20,Core Platform,20495,1707.92,13532,8770,8013,0,19784,36696
2023-09-01,21,AI Suite,90043,7503.58,4074,15744,983,0,2524,38521
2023-09-01,22,AI Suite,47577,3964.75,44339,1126,8357,0,22972,13231
2023-09-01,23,Enterprise,3771,314.25,30476,913,6860,0,13305,19954
2023-09-01,24,Analytics,26537,2211.42,45577,147,2776,0,28487,24447
2023-09-01,25,Core Platform,84435,7036.25,29358,15641,8546,0,3021,679
2023-09-01,26,Enterprise,96379,8031.58,35058,629,4171,0,8874,8707
2023-09-01,27,Enterprise,25588,2132.33,14375,1532,3780,0,447,15512
2023-09-01,28,Analytics,99814,8317.83,45691,18935,4804,0,22050,4473
2023-09-01,29,Analytics,155445,12953.75,13726,15698,6070,0,3966,31460
2023-09-01,30,AI Suite,116209,9684.08,48292,8969,9503,0,6034,24940
2023-09-01,31,Core Platform,157135,13094.58,2232,15542,4505,0,27437,15507
2023-09-01,32,AI Suite,129078,10756.5,3367,3016,8498,0,13244,21854
2023-09-01,33,AI Suite,144342,12028.5,11171,6840,1621,0,19397,39371
2023-09-01,34,AI Suite,88082,7340.17,20777,10997,5495,0,17575,28045
2023-09-01,35,Security,88226,7352.17,38206,19567,5733,0,21426,23015
2023-09-01,36,Analytics,38456,3204.67,35628,2304,5413,0,9919,36820
2023-09-01,37,Analytics,118031,9835.92,23129,19130,3927,0,14057,35780
2023-09-01,38,Security,92912,7742.67,22322,585,4588,0,10759,13903
2023-09-01,39,Analytics,76989,6415.75,6510,12301,667,0,8676,23311
2023-09-01,40,Enterprise,14918,1243.17,39605,6887,6968,0,19608,38452
2023-09-01,41,Enterprise,26532,2211.0,49566,1388,4287,0,14442,32940
2023-09-01,42,Enterprise,31359,2613.25,48283,11424,849,0,26476,8356
2023-09-01,43,Analytics,67774,5647.83,17394,19592,9816,0,6423,4361
2023-09-01,44,Enterprise,143493,11957.75,48789,2691,8082,0,25944,38421
2023-09-01,45,AI Suite,112356,9363.0,35970,4403,5266,0,25797,37441
2023-09-01,46,Enterprise,117576,9798.0,43058,2721,3517,0,10350,29223
2023-09-01,47,Core Platform,20398,1699.83,27440,19806,9306,0,19743,11013
2023-09-01,48,Security,45713,3809.42,45204,10789,5739,0,15368,558
2023-09-01,49,Analytics,144971,12080.92,25500,8220,3433,0,24485,25530
2023-09-01,50,Core Platform,40699,3391.58,25845,4127,5451,0,11700,26661
2023-09-01,51,Core Platform,119540,9961.67,39543,15904,6581,0,18833,3628
2023-09-01,52,Analytics,150487,12540.58,40985,7960,5543,0,11080,32350
2023-09-01,53,AI Suite,138254,11521.17,31308,6090,1102,0,6542,19537
2023-09-01,54,Security,8214,684.5,14875,7323,8088,0,99,6512
2023-09-01,55,Core Platform,39615,3301.25,13087,6795,5605,0,5663,6530
2023-09-01,56,Security,75736,6311.33,34218,4692,3087,0,25207,3214
2023-09-01,57,Enterprise,126738,10561.5,39967,2477,9917,0,9398,21107
2023-09-01,58,AI Suite,64225,5352.08,20587,2614,9005,0,3150,20262
2023-09-01,59,AI Suite,120385,10032.08,23939,8043,9293,0,27989,21109
2023-09-01,60,Enterprise,103967,8663.92,48518,16665,9912,0,29966,4601
2023-09-01,61,Analytics,127331,10610.92,7093,5146,7633,0,30000,19409
2023-09-01,62,Security,94650,7887.5,35669,851,6727,0,28819,28388
2023-09-01,63,Core Platform,94769,7897.42,37059,4321,2583,0,757,12272
2023-09-01,64,Core Platform,98096,8174.67,42878,6437,9418,0,25147,4294
2023-09-01,65,Analytics,91310,7609.17,36151,1732,6848,0,16683,10280
2023-09-01,66,Core Platform,120036,10003.0,31638,15212,5422,0,386,4679
2023-09-01,67,Enterprise,73085,6090.42,2787,6995,4239,0,29456,22274
2023-09-01,68,AI Suite,75903,6325.25,14187,2710,2789,0,2034,20721
2023-09-01,69,AI Suite,46091,3840.92,22050,3179,9605,0,20799,15938
2023-09-01,70,Analytics,101637,8469.75,4631,2810,9175,0,7829,27866
2023-09-01,71,Core Platform,69615,5801.25,48516,2890,8195,0,2796,9373
2023-09-01,72,Analytics,80144,6678.67,36468,16316,1469,0,20975,2662
2023-09-01,73,Core Platform,59388,4949.0,29403,7025,9778,0,2038,13395
2023-09-01,74,AI Suite,110566,9213.83,19669,13921,2403,0,11916,24058
2023-09-01,75,Core Platform,151226,12602.17,30142,17488,56,0,28773,32466
2023-09-01,76,Enterprise,48902,4075.17,11257,18030,5430,0,26251,16721
2023-09-01,77,Core Platform,82605,6883.75,2101,11148,1349,0,19931,27649
2023-09-01,78,AI Suite,34346,2862.17,13785,8769,1975,0,15332,7645
2023-09-01,79,Core Platform,133107,11092.25,39153,16719,4334,0,4493,13707
2023-09-01,80,Analytics,97577,8131.42,20514,11488,974,0,21641,598
2023-09-01,81,AI Suite,36635,3052.92,21613,2504,5759,0,8417,32489
2023-09-01,82,AI Suite,59729,4977.42,2108,17913,5279,0,20934,3547
2023-09-01,83,AI Suite,43471,3622.58,26885,5846,1501,0,25221,2958
2023-09-01,84,Enterprise,84132,7011.0,2409,7227,8898,0,24531,6812
2023-09-01,85,Security,67171,5597.58,7746,9873,4122,0,3476,13726
2023-09-01,86,Security,129604,10800.33,25163,14460,856,0,6749,14592
2023-09-01,87,Enterprise,20894,1741.17,49645,3880,1204,0,26027,19757
2023-09-01,88,Security,43478,3623.17,13762,17475,5608,0,859,32940
2023-09-01,89,Core Platform,7788,649.0,38418,2928,6714,0,20807,6003
2023-09-01,90,Security,101654,8471.17,34950,19143,298,0,24661,8877
2023-09-01,91,Core Platform,150714,12559.5,7925,15787,5910,0,28603,23618
2023-09-01,92,Core Platform,157021,13085.08,39501,17687,9086,0,27702,11786
2023-09-01,93,AI Suite,85648,7137.33,14057,11250,2064,0,8634,6613
2023-09-01,94,Security,21779,1814.92,12505,60,8069,0,17954,31327
2023-09-01,95,Analytics,91931,7660.92,36439,98,5877,0,12197,26875
2023-09-01,96,Security,82986,6915.5,41480,16749,9421,0,10940,39889
2023-09-01,97,Core Platform,47754,3979.5,44666,9766,7731,0,13769,8166
2023-09-01,98,Enterprise,91682,7640.17,27743,7289,8898,0,23185,24440
2023-09-01,99,Enterprise,123338,10278.17,7913,4907,3427,0,9695,36351
2023-09-01,100,Security,83202,6933.5,18323,18612,3845,0,27717,7049
2023-09-01,101,Enterprise,28067,2338.92,40098,8062,6951,0,12767,4123
2023-09-01,102,Security,106680,8890.0,18640,1344,4943,0,5320,38361
2023-09-01,103,Core Platform,143338,11944.83,2997,3734,8990,0,26469,3335
2023-09-01,104,Core Platform,19746,1645.5,37418,85,4108,0,24895,5068
2023-09-01,105,Enterprise,71517,5959.75,19946,8482,7986,0,28480,36616
2023-09-01,106,Enterprise,70718,5893.17,8591,4584,9973,0,21996,31266
2023-09-01,107,Security,147377,12281.42,32131,17334,9601,0,24587,18346
2023-09-01,108,Enterprise,141899,11824.92,23149,7902,3448,0,2877,29830
2023-09-01,109,Analytics,37919,3159.92,24218,15242,5466,0,9569,34715
2023-09-01,110,Analytics,152158,12679.83,29095,17816,1480,0,16165,3610
2023-09-01,111,AI Suite,48348,4029.0,23791,9465,9986,0,20961,21937
2023-09-01,112,Analytics,97622,8135.17,43822,10449,5798,0,9890,24905
2023-09-01,113,AI Suite,49735,4144.58,41458,2050,1573,0,9205,33581
2023-09-01,114,Core Platform,18682,1556.83,11853,13385,386,0,26285,1588
2023-09-01,115,AI Suite,77205,6433.75,29275,12384,5143,0,14832,38885
2023-09-01,116,AI Suite,121654,10137.83,29761,11767,6915,0,18780,22581
2023-09-01,117,Core Platform,29393,2449.42,25441,16891,6803,0,17149,132
2023-09-01,118,Enterprise,14827,1235.58,35795,2306,9307,0,26923,18051
2023-09-01,119,Analytics,12001,1000.08,28384,4129,5622,0,29482,27490
2023-09-01,120,AI Suite,93365,7780.42,47188,6282,5725,0,9044,35707
2023-09-01,121,Analytics,107423,8951.92,19387,489,7353,0,24949,15533
2023-09-01,122,Analytics,19798,1649.83,17977,560,7411,0,27524,39318
2023-09-01,123,Core Platform,79403,6616.92,27181,16578,6372,0,8671,18105
2023-09-01,124,Core Platform,64443,5370.25,15687,12104,2686,0,4088,38023
2023-09-01,125,Analytics,127099,10591.58,30299,14153,5095,0,14258,15822
2023-09-01,126,Analytics,50686,4223.83,20753,2260,6091,0,208,20296
2023-09-01,127,Enterprise,80449,6704.08,29992,121,6526,0,12570,34989
2023-09-01,128,Security,150069,12505.75,22324,3775,2104,0,27246,27168
2023-09-01,129,Enterprise,37107,3092.25,36836,6285,6339,0,26306,2068
2023-09-01,130,Core Platform,110311,9192.58,5728,17576,2294,0,7454,18632
2023-09-01,131,Analytics,20281,1690.08,39184,16947,3040,0,11192,34944
2023-09-01,132,Core Platform,64724,5393.67,22761,13374,2409,0,23527,20293
2023-09-01,133,Enterprise,135670,11305.83,23549,3219,6527,0,11017,25696
2023-09-01,134,Analytics,38782,3231.83,13106,3240,7414,0,10199,8068
2023-09-01,135,Core Platform,77207,6433.92,10589,4711,3360,0,9840,10656
2023-09-01,136,Security,105275,8772.92,10772,13100,5913,0,20171,33996
2023-09-01,137,Security,98321,8193.42,43493,12272,8581,0,29273,9953
2023-09-01,138,Enterprise,37010,3084.17,24665,12051,4273,0,14822,22400
2023-09-01,139,Enterprise,96319,8026.58,11191,10838,2944,0,768,22759
2023-09-01,140,Analytics,57190,4765.83,38221,1114,5918,0,11490,9705
2023-09-01,141,Enterprise,63828,5319.0,12344,996,3438,0,7160,9654
2023-09-01,142,Core Platform,79034,6586.17,46110,5918,2310,0,18732,11500
2023-09-01,143,Security,149479,12456.58,16043,6734,3586,0,3658,27997
2023-09-01,144,AI Suite,57690,4807.5,48931,1501,7663,0,9761,4587
2023-09-01,145,Analytics,74657,6221.42,46864,9286,3845,0,1841,29136
2023-09-01,146,Security,61479,5123.25,29374,17205,25,0,28182,3099
2023-09-01,147,Core Platform,13130,1094.17,48790,1157,693,0,7101,39419
2023-09-01,148,Enterprise,68355,5696.25,17758,10916,9335,0,15500,10721
2023-09-01,149,Analytics,150573,12547.75,43874,12571,8026,0,16713,848
2023-09-01,150,Core Platform,76707,6392.25,6073,4983,1549,0,17671,38754
2023-09-01,151,Analytics,50206,4183.83,25126,12712,2735,0,7308,38273
2023-09-01,152,Enterprise,93207,7767.25,33929,2651,1504,0,12704,34926
2023-09-01,153,Analytics,88954,7412.83,16635,19009,259,0,13152,23081
2023-09-01,154,Analytics,36009,3000.75,20304,16295,9840,0,14983,16565
2023-09-01,155,Security,102459,8538.25,28422,309,4675,0,21495,26255
2023-09-01,156,Analytics,124798,10399.83,30020,15562,2480,0,29172,35897
2023-09-01,157,Analytics,125569,10464.08,34218,10669,9210,0,19924,25096
2023-09-01,158,Core Platform,53938,4494.83,4655,9639,818,0,6541,38099
2023-09-01,159,Enterprise,19373,1614.42,41567,11031,1928,0,13256,8972
2023-09-01,160,Security,29269,2439.08,21480,1283,6807,0,21034,22053
2023-09-01,161,Enterprise,112513,9376.08,14900,11410,4300,0,22192,34565
2023-09-01,162,Enterprise,103161,8596.75,1014,18576,1525,0,10243,26691
2023-09-01,163,Security,37346,3112.17,1961,3170,8350,0,15546,15044
2023-09-01,164,Analytics,81438,6786.5,34863,13358,357,0,19876,11869
2023-09-01,165,AI Suite,18183,1515.25,25924,263,1797,0,9297,37949
2023-09-01,166,Security,77065,6422.08,44571,3530,3256,0,13499,34430
2023-09-01,167,Core Platform,0,0.0,34753,2064,3417,78241,19674,27563
2023-09-01,168,Analytics,52059,4338.25,42958,16844,1173,0,17238,27247
2023-09-01,169,Analytics,3229,269.08,16333,5356,8754,0,4124,11078
2023-09-01,170,Core Platform,126197,10516.42,42953,2624,5134,0,9458,6497
2023-09-01,171,Core Platform,18980,1581.67,21238,1144,4938,0,10930,22931
2023-09-01,172,Analytics,54163,4513.58,20592,15528,9951,0,10646,2594
2023-09-01,173,Analytics,15091,1257.58,29348,1331,5148,0,11337,27257
2023-09-01,174,AI Suite,74824,6235.33,48223,3570,3487,0,10940,33036
2023-09-01,175,Security,25175,2097.92,32578,9299,4550,0,10185,8765
2023-09-01,176,Security,29995,2499.58,23032,6027,2683,0,19144,19381
2023-09-01,177,Enterprise,54083,4506.92,11449,559,5977,0,28406,4631
2023-09-01,178,Analytics,89729,7477.42,9191,3682,7716,0,23616,10381
2023-09-01,179,Analytics,137994,11499.5,6791,15592,3937,0,12800,27546
2023-09-01,180,Analytics,28542,2378.5,44953,12023,4827,0,13123,17352
2023-09-01,181,Analytics,48628,4052.33,37096,7494,3437,0,6713,39417
2023-09-01,182,Core Platform,140754,11729.5,3763,4443,6935,0,26763,5505
2023-09-01,183,Core Platform,96703,8058.58,21377,7074,8227,0,14284,19701
2023-09-01,184,AI Suite,57541,4795.08,10598,15703,9812,0,22112,23928
2023-09-01,185,AI Suite,62356,5196.33,49848,19424,7205,0,16106,7931
2023-09-01,186,AI Suite,151424,12618.67,4864,9173,7660,0,10930,1939
2023-09-01,187,Enterprise,59141,4928.42,49061,15484,1773,0,9962,31718
2023-09-01,188,Analytics,23361,1946.75,10320,19937,6651,0,2919,7254
2023-09-01,189,Core Platform,47146,3928.83,46780,17406,1065,0,4740,18050
2023-09-01,190,Analytics,140076,11673.0,5906,1572,5840,0,23425,26744
2023-09-01,191,Core Platform,93228,7769.0,40933,18596,6952,0,18704,3423
2023-09-01,192,Core Platform,146897,12241.42,43221,8663,1325,0,4543,28256
2023-09-01,193,AI Suite,44696,3724.67,29323,9263,1520,0,6743,34344
2023-09-01,194,AI Suite,147966,12330.5,4253,14360,5145,0,29193,34196
2023-09-01,195,Analytics,138032,11502.67,13057,12006,320,0,9704,24811
2023-09-01,196,Core Platform,2142,178.5,1281,3333,9419,0,13956,24501
2023-09-01,197,Analytics,51269,4272.42,29452,11554,9629,0,12638,26833
2023-09-01,198,Enterprise,49299,4108.25,30316,14884,5939,0,3265,25099
2023-09-01,199,Security,36289,3024.08,3460,3288,1739,0,5424,29210
2023-09-01,200,Enterprise,1728,144.0,27012,10437,8709,138893,311,11580
2023-09-01,201,Analytics,143148,11929.0,12792,13193,9685,0,6222,36336
2023-09-01,202,Security,107887,8990.58,8664,17086,2795,0,18664,4448
2023-09-01,203,Core Platform,21472,1789.33,41354,7812,4485,0,16684,17699
2023-09-01,204,Core Platform,30184,2515.33,30330,7730,4790,0,26187,3509
2023-09-01,205,Security,16845,1403.75,28772,15136,7181,0,10299,21750
2023-09-01,206,Analytics,46522,3876.83,25559,19518,3550,0,22939,38583
2023-09-01,207,Core Platform,13519,1126.58,35886,3449,2262,0,5703,32845
2023-09-01,208,AI Suite,130471,10872.58,8353,7545,8123,0,24577,15310
2023-09-01,209,Analytics,57876,4823.0,6019,7075,6800,0,15362,28227
2023-09-01,210,Security,9712,809.33,11661,5893,6281,0,15584,19635
2023-09-01,211,AI Suite,87806,7317.17,31404,7380,6446,0,14670,17455
2023-09-01,212,Analytics,21484,1790.33,9950,12917,4598,0,14021,19330
2023-09-01,213,Core Platform,126621,10551.75,48951,15991,2390,0,1269,19846
2023-09-01,214,Security,38284,3190.33,1687,6896,8886,0,23419,9986
2023-09-01,215,Analytics,48644,4053.67,27197,6071,4760,0,16601,24226
2023-09-01,216,Enterprise,145651,12137.58,40906,15196,2446,0,25553,13613
2023-09-01,217,Analytics,13952,1162.67,30706,14985,1033,15779,9653,39402
2023-09-01,218,AI Suite,83410,6950.83,35752,4352,6621,0,1177,14734
2023-09-01,219,Analytics,43294,3607.83,17323,11126,4841,0,16013,35185
2023-09-01,220,Enterprise,66083,5506.92,7428,16644,9562,0,12444,35937
2023-09-01,221,Enterprise,52547,4378.92,3360,14203,2074,0,6052,13810
2023-09-01,222,AI Suite,49159,4096.58,39163,3614,6224,0,15190,13001
2023-09-01,223,Core Platform,39122,3260.17,3238,11683,112,0,3495,23664
2023-09-01,224,Analytics,129161,10763.42,10907,13790,3956,0,8596,8804
2023-09-01,225,Analytics,156698,13058.17,19947,15624,2525,0,29621,37193
2023-09-01,226,AI Suite,124013,10334.42,7317,5994,7313,0,5957,25862
2023-09-01,227,Analytics,90683,7556.92,14622,16304,2167,0,7481,32033
2023-09-01,228,AI Suite,89964,7497.0,29461,917,675,0,20416,6681
2023-09-01,229,Analytics,26413,2201.08,33652,2472,8255,0,12745,5039
2023-09-01,230,Core Platform,27899,2324.92,17753,5134,6096,0,15892,1398
2023-09-01,231,Core Platform,104652,8721.0,25455,18529,7020,0,23708,31607
2023-09-01,232,Analytics,131340,10945.0,11931,6692,1945,0,8340,36119
2023-09-01,233,Security,5799,483.25,13567,3091,5723,0,7036,23509
2023-09-01,234,AI Suite,144250,12020.83,14824,3499,2599,0,23787,17760
2023-09-01,235,Core Platform,128201,10683.42,22443,19710,7478,0,12046,3392
2023-09-01,236,Enterprise,22764,1897.0,21185,2555,4790,0,11750,37792
2023-09-01,237,Core Platform,55539,4628.25,38007,1839,5400,0,25767,17514
2023-09-01,238,Analytics,30652,2554.33,20062,18124,4054,0,832,31382
2023-09-01,239,Security,0,0.0,9285,6860,8082,31329,19993,1203
2023-09-01,240,Analytics,106130,8844.17,39640,6189,985,0,11988,22063
2023-09-01,241,AI Suite,67355,5612.92,18925,6978,8272,0,12314,21777
2023-09-01,242,Enterprise,17595,1466.25,26159,19678,2083,83344,5752,27423
2023-09-01,243,Core Platform,35521,2960.08,45856,15410,261,0,16041,9439
2023-09-01,244,Security,43057,3588.08,17520,5822,2349,0,5725,10079
2023-09-01,245,Analytics,90406,7533.83,49904,29,336,0,4860,38888
2023-09-01,246,AI Suite,29641,2470.08,24315,13335,5590,0,13739,31012
2023-09-01,247,Core Platform,50453,4204.42,29142,3974,501,0,29428,5779
2023-09-01,248,Security,59266,4938.83,23676,362,3320,0,23586,5460
2023-09-01,249,Security,142069,11839.08,16548,11391,5217,0,9888,25484
2023-09-01,250,Analytics,11136,928.0,44259,19826,8690,71218,13743,19989
2023-09-01,251,Enterprise,38439,3203.25,46352,4163,9046,0,13840,13836
2023-09-01,252,Security,1365,113.75,4263,571,7616,0,24298,26014
2023-09-01,253,AI Suite,147410,12284.17,40444,13797,1209,0,25687,20951
2023-09-01,254,AI Suite,38216,3184.67,42988,1249,8253,0,17551,26205
2023-09-01,255,Security,82304,6858.67,2602,18692,204,0,10045,5745
2023-09-01,256,Enterprise,58497,4874.75,18986,7540,519,0,678,19364
2023-09-01,257,Security,52843,4403.58,21804,13604,4558,0,17042,29858
2023-09-01,258,Analytics,111149,9262.42,11629,178,5498,0,1087,3229
2023-09-01,259,Core Platform,162011,13500.92,47464,16968,4027,0,19292,12338
2023-09-01,260,Analytics,93640,7803.33,35031,13823,1467,0,1976,25013
2023-09-01,261,Analytics,14454,1204.5,36325,3250,2604,0,24656,16451
2023-09-01,262,Enterprise,45943,3828.58,30856,14084,2137,0,13774,509
2023-09-01,263,AI Suite,32705,2725.42,42859,304,8716,0,11956,20996
2023-09-01,264,Analytics,41028,3419.0,45668,8641,8499,0,6082,23833
2023-09-01,265,Security,51585,4298.75,12932,10785,6431,0,1488,6332
2023-09-01,266,Core Platform,24170,2014.17,7629,8265,5459,0,24767,24513
2023-09-01,267,Security,69874,5822.83,9403,6901,819,0,29310,20625
2023-09-01,268,AI Suite,48494,4041.17,35560,10637,9138,0,14668,18931
2023-09-01,269,AI Suite,100173,8347.75,8117,9960,1880,0,26680,37770
2023-09-01,270,AI Suite,61766,5147.17,44263,2341,7079,0,14757,12418
2023-09-01,271,Analytics,34879,2906.58,23153,17341,9918,0,29725,4802
2023-09-01,272,AI Suite,90656,7554.67,19103,8199,6543,0,24737,24155
2023-09-01,273,AI Suite,78031,6502.58,2108,481,1177,0,27771,4218
2023-09-01,274,Enterprise,127355,10612.92,35732,7467,5121,0,8153,11472
2023-09-01,275,Security,34129,2844.08,11332,6352,1406,0,25849,38939
2023-09-01,276,Security,94068,7839.0,46685,2966,3728,0,11411,33141
2023-09-01,277,Core Platform,127789,10649.08,35537,8730,3969,0,23374,9436
2023-09-01,278,Core Platform,136610,11384.17,5026,11443,9882,0,7104,3932
2023-09-01,279,Security,57220,4768.33,43071,13163,9307,0,1600,19175
2023-09-01,280,Core Platform,53976,4498.0,37868,15354,4413,0,14246,32632
2023-09-01,281,Analytics,26420,2201.67,48039,6750,8336,0,14526,20172
2023-09-01,282,Enterprise,81761,6813.42,3791,9806,376,0,9670,12648
2023-09-01,283,Enterprise,16783,1398.58,25843,12354,3385,0,4239,27543
2023-09-01,284,Enterprise,106144,8845.33,28000,2690,6683,0,6491,24959
2023-09-01,285,Analytics,72877,6073.08,35139,9446,7876,0,2949,32407
2023-09-01,286,Core Platform,72062,6005.17,46116,9554,2325,0,18480,19897
2023-09-01,287,AI Suite,132757,11063.08,14004,19906,3896,0,22166,1732
2023-09-01,288,Enterprise,89771,7480.92,19407,10414,488,0,28060,26621
2023-09-01,289,Analytics,96022,8001.83,6843,6661,2863,0,287,22479
2023-09-01,290,Enterprise,131297,10941.42,29860,11447,8527,0,1183,19547
2023-09-01,291,Analytics,75086,6257.17,20015,11766,122,0,14525,23392
2023-09-01,292,Analytics,123639,10303.25,2675,17437,4232,0,12676,11459
2023-09-01,293,Security,146101,12175.08,2322,8797,5687,0,25802,2733
2023-09-01,294,Enterprise,96338,8028.17,38530,8664,2679,0,14455,5515
2023-09-01,295,Analytics,77599,6466.58,43706,5308,6863,0,24004,4592
2023-09-01,296,Security,37693,3141.08,38756,15584,2124,0,16457,3802
2023-09-01,297,Analytics,104834,8736.17,11919,7143,6646,0,12300,22694
2023-09-01,298,AI Suite,103634,8636.17,47515,14568,2661,0,18700,430
2023-09-01,299,Enterprise,66148,5512.33,45010,19570,4393,0,19999,5424
2023-09-01,300,Enterprise,161136,13428.0,10948,17410,5663,0,13769,6148
2023-09-01,301,Core Platform,137640,11470.0,36925,91,4210,0,25013,33392
2023-09-01,302,Enterprise,101222,8435.17,35719,1589,7837,0,4362,31189
2023-09-01,303,Core Platform,69619,5801.58,2061,8857,5848,0,5408,23608
2023-09-01,304,Analytics,38064,3172.0,44593,3725,4995,0,15616,21875
2023-09-01,305,AI Suite,34504,2875.33,39780,6638,6861,0,7068,23663
2023-09-01,306,Security,48389,4032.42,35985,13004,804,0,17384,28244
2023-09-01,307,Enterprise,81963,6830.25,43142,10555,6920,0,18888,35712
2023-09-01,308,Analytics,0,0.0,6987,4301,7634,121238,13224,20203
2023-09-01,309,Core Platform,28562,2380.17,28750,4574,3021,0,4395,20481
2023-09-01,310,Core Platform,12838,1069.83,27371,3828,1345,0,29397,23785
2023-09-01,311,Enterprise,32294,2691.17,14235,10812,8284,0,2644,36814
2023-09-01,312,AI Suite,124772,10397.67,21257,12948,3593,0,2631,15157
2023-09-01,313,Analytics,42961,3580.08,40927,16503,1594,0,1540,25295
2023-09-01,314,AI Suite,108074,9006.17,28080,17979,6786,0,7473,33702
2023-09-01,315,AI Suite,9336,778.0,28420,1404,2096,0,15967,18130
2023-09-01,316,Analytics,70961,5913.42,21633,10205,6421,0,2491,25070
2023-09-01,317,Analytics,46203,3850.25,7418,14430,9208,0,23772,6087
2023-09-01,318,AI Suite,144486,12040.5,31088,4951,1211,0,29529,7158
2023-09-01,319,Security,70694,5891.17,17949,19751,2486,0,29709,9159
2023-09-01,320,AI Suite,132649,11054.08,18105,2401,8304,0,23024,16432
2023-09-01,321,Analytics,34214,2851.17,27440,9141,5831,0,4163,28934
2023-09-01,322,Security,100434,8369.5,38738,18,5080,0,2835,23229
2023-09-01,323,Analytics,106950,8912.5,42726,10812,6270,0,13182,26208
2023-09-01,324,Security,111059,9254.92,2753,9617,672,0,8850,31810
2023-09-01,325,Core Platform,83870,6989.17,40129,6281,5404,0,22792,17186
2023-09-01,326,AI Suite,146305,12192.08,3586,6530,8388,0,7233,27116
2023-09-01,327,Security,30619,2551.58,40167,5277,3943,0,24599,31191
2023-09-01,328,Enterprise,5178,431.5,13341,3340,9136,0,10102,23741
2023-09-01,329,Enterprise,87658,7304.83,17710,1391,5825,0,1419,27800
2023-09-01,330,AI Suite,130060,10838.33,25416,1371,5054,0,22453,32743
2023-09-01,331,AI Suite,24784,2065.33,12888,9408,7992,0,21173,17009
2023-09-01,332,Core Platform,0,0.0,38832,2463,2632,50546,18687,26411
2023-09-01,333,Core Platform,99869,8322.42,48085,6618,3277,0,22319,32066
2023-09-01,334,Core Platform,126382,10531.83,3347,11112,6482,0,20134,29034
2023-09-01,335,Core Platform,77718,6476.5,48084,5082,9583,0,759,25288
2023-09-01,336,AI Suite,130514,10876.17,41749,5057,2522,0,16258,15823
2023-09-01,337,Security,149514,12459.5,10499,14965,2567,0,13941,14872
2023-09-01,338,Security,78672,6556.0,5075,2857,99,0,21057,21640
2023-09-01,339,Security,152366,12697.17,34068,11545,2116,0,28015,22042
2023-09-01,340,Enterprise,149692,12474.33,10494,5385,2896,0,21057,17296
2023-09-01,341,AI Suite,109042,9086.83,12031,19525,8392,0,3559,12306
2023-09-01,342,Security,11312,942.67,13467,4596,4786,0,18892,16444
2023-09-01,343,Security,21525,1793.75,36431,4804,9468,0,22087,10763
2023-09-01,344,AI Suite,148708,12392.33,18395,18087,5627,0,11018,18532
2023-09-01,345,AI Suite,60060,5005.0,27566,8227,1337,0,5793,32429
2023-09-01,346,AI Suite,29460,2455.0,20677,6022,9095,0,29348,7793
2023-09-01,347,Enterprise,30269,2522.42,13955,17127,3614,0,22857,33937
2023-09-01,348,Enterprise,114751,9562.58,19223,10436,1111,0,24863,28852
2023-09-01,349,Enterprise,125171,10430.92,16935,103,230,0,6129,23140
2023-09-01,350,Analytics,101518,8459.83,1084,14157,3315,0,25048,4809
2023-09-01,351,Analytics,147204,12267.0,30844,18617,1984,0,12123,32062
2023-09-01,352,AI Suite,45458,3788.17,42563,16448,3483,0,17708,7685
2023-09-01,353,AI Suite,27116,2259.67,10124,12393,7583,0,9965,35501
2023-09-01,354,AI Suite,142131,11844.25,4459,6420,7754,0,20065,38124
2023-09-01,355,Core Platform,70412,5867.67,16074,5795,5193,0,26503,27818
2023-09-01,356,Analytics,146109,12175.75,25161,12277,6919,0,1760,27496
2023-09-01,357,Core Platform,82054,6837.83,15961,6820,674,0,17641,34744
2023-09-01,358,Analytics,151993,12666.08,20040,13499,1152,0,19540,35828
2023-09-01,359,Enterprise,80594,6716.17,6838,7618,483,0,28507,7158
2023-09-01,360,Core Platform,57280,4773.33,13366,10602,402,0,5465,21079
2023-09-01,361,Analytics,18028,1502.33,28599,19213,1185,107549,6795,30404
2023-09-01,362,Security,45552,3796.0,33431,13571,6703,0,12510,18312
2023-09-01,363,Enterprise,121401,10116.75,48442,2021,4966,0,9242,17937
2023-09-01,364,Enterprise,72678,6056.5,15288,5061,299,0,19436,15859
2023-09-01,365,Analytics,85821,7151.75,10172,7564,2259,0,22454,20485
2023-09-01,366,Security,147305,12275.42,11393,16263,3819,0,2729,17919
2023-09-01,367,Analytics,61955,5162.92,49067,14859,6090,0,6626,36915
2023-09-01,368,AI Suite,61761,5146.75,45569,16834,4876,0,14726,36493
2023-09-01,369,Core Platform,116028,9669.0,47415,2539,8224,0,10562,22806
2023-09-01,370,Core Platform,64617,5384.75,48545,6127,7370,0,11192,11372
2023-09-01,371,Core Platform,119497,9958.08,33888,8367,6277,0,24227,32265
2023-09-01,372,Enterprise,24997,2083.08,41002,16444,9705,0,7876,6139
2023-09-01,373,Analytics,72474,6039.5,37419,3479,7002,0,10082,29443
2023-09-01,374,Analytics,79066,6588.83,23024,3158,2484,0,12957,18385
2023-09-01,375,AI Suite,93180,7765.0,33208,5732,9788,0,13796,2066
2023-09-01,376,Security,120030,10002.5,2625,19107,8551,0,22049,5925
2023-09-01,377,Security,42333,3527.75,10560,1864,2126,0,23205,32250
2023-09-01,378,Enterprise,112410,9367.5,10372,5329,9199,0,7545,13505
2023-09-01,379,Core Platform,58593,4882.75,37696,3289,4284,0,20636,31038
2023-09-01,380,Core Platform,120571,10047.58,5271,16470,2161,0,26053,13599
2023-09-01,381,Core Platform,92349,7695.75,8823,1535,468,0,4656,11697
2023-09-01,382,AI Suite,13817,1151.42,5713,2979,615,0,2502,28675
2023-09-01,383,Enterprise,156898,13074.83,46800,16872,7871,0,24247,13399
2023-09-01,384,AI Suite,102775,8564.58,35532,12825,549,0,514,34702
2023-09-01,385,AI Suite,114732,9561.0,14019,11192,7765,0,21514,36570
2023-09-01,386,Enterprise,124911,10409.25,23875,19704,3190,0,11449,8987
2023-09-01,387,AI Suite,26481,2206.75,38596,974,2691,0,27450,31221
2023-09-01,388,Enterprise,145002,12083.5,1006,2917,6041,0,21190,23995
2023-09-01,389,Core Platform,29177,2431.42,29319,16557,4982,0,7004,30038
2023-09-01,390,AI Suite,103914,8659.5,14448,6997,7937,0,22912,2443
2023-09-01,391,Analytics,58868,4905.67,33029,5764,7726,0,26475,15982
2023-09-01,392,Analytics,74688,6224.0,30383,13754,5411,0,7909,13474
2023-09-01,393,Core Platform,29866,2488.83,4468,5177,1095,0,15469,25808
2023-09-01,394,Analytics,133588,11132.33,25344,15861,8086,0,1355,36634
2023-09-01,395,AI Suite,65571,5464.25,43666,17913,9827,0,17728,28067
2023-09-01,396,Security,5539,461.58,10526,378,2353,0,11955,35963
2023-09-01,397,Analytics,74710,6225.83,42195,17271,9877,0,29446,8454
2023-09-01,398,Core Platform,27433,2286.08,29250,18592,2470,0,24121,3006
2023-09-01,399,Enterprise,37872,3156.0,39649,12911,385,0,24107,25060
2023-09-01,400,Analytics,140911,11742.58,43709,4418,9997,0,14920,18842
2023-09-01,401,Security,84771,7064.25,49555,18,3946,0,22147,17554
2023-09-01,402,Security,134020,11168.33,28010,14849,747,0,13623,4273
2023-09-01,403,Security,55611,4634.25,29418,9417,3500,0,18743,25720
2023-09-01,404,Core Platform,72828,6069.0,29089,10982,7528,0,25659,38993
2023-09-01,405,AI Suite,89104,7425.33,27545,19291,7643,0,23280,22812
2023-09-01,406,Enterprise,52857,4404.75,21385,4603,302,0,17895,1521
2023-09-01,407,Security,46631,3885.92,1964,6554,903,0,19054,7733
2023-09-01,408,Enterprise,14726,1227.17,40793,14187,4804,0,24481,20096
2023-09-01,409,Enterprise,109709,9142.42,27674,9923,6612,0,16766,27047
2023-09-01,410,Security,29008,2417.33,43717,12315,3991,0,17273,17678
2023-09-01,411,Security,132371,11030.92,26269,17459,7975,0,19407,8789
2023-09-01,412,Security,6512,542.67,22348,2300,5945,0,19307,39543
2023-09-01,413,Enterprise,3894,324.5,8456,10321,6427,43385,21074,38662
2023-09-01,414,Core Platform,107050,8920.83,40644,7573,9229,0,22922,31854
2023-09-01,415,Analytics,105015,8751.25,10173,3000,4832,0,25180,18943
2023-09-01,416,Analytics,70870,5905.83,46862,10140,3255,0,12387,39442
2023-09-01,417,Analytics,131033,10919.42,8982,6678,4035,0,25097,31120
2023-09-01,418,Enterprise,108400,9033.33,13404,726,4045,0,11812,32103
2023-09-01,419,Security,66754,5562.83,16354,18256,6819,0,25382,7183
2023-09-01,420,Analytics,73333,6111.08,45319,16137,2526,0,20881,1104
2023-09-01,421,AI Suite,19025,1585.42,6559,12460,5308,0,8202,34576
2023-09-01,422,Core Platform,96754,8062.83,13424,865,3383,0,19955,27521
2023-09-01,423,Enterprise,55697,4641.42,36877,8072,9091,0,1396,16908
2023-09-01,424,Enterprise,36215,3017.92,18642,11759,6462,0,10011,25636
2023-09-01,425,Security,13179,1098.25,12623,16069,2890,88294,12870,16496
2023-09-01,426,AI Suite,73893,6157.75,30173,13244,6001,0,2716,3791
2023-09-01,427,Analytics,79837,6653.08,17158,12001,982,0,9121,3052
2023-09-01,428,Enterprise,123295,10274.58,6461,12708,6726,0,1645,18503
2023-09-01,429,Core Platform,72477,6039.75,14021,3177,4431,0,24136,29511
2023-09-01,430,Core Platform,5291,440.92,46781,8788,3497,64643,20778,20907
2023-09-01,431,Security,18715,1559.58,18181,16996,3614,0,13402,31681
2023-09-01,432,AI Suite,134018,11168.17,40371,3217,6,0,2508,1953
2023-09-01,433,AI Suite,130520,10876.67,49275,1960,7341,0,25214,12535
2023-09-01,434,Security,56673,4722.75,11164,4039,7285,0,7985,8786
2023-09-01,435,Security,47105,3925.42,5875,215,5244,0,15183,8653
2023-09-01,436,Enterprise,99578,8298.17,23053,15320,8855,0,25996,9219
2023-09-01,437,Enterprise,23724,1977.0,17697,1701,9900,0,23132,34117
2023-09-01,438,Analytics,6217,518.08,32269,7234,6774,0,16243,21931
2023-09-01,439,Security,117291,9774.25,11536,11758,163,0,4457,20298
2023-09-01,440,Enterprise,114246,9520.5,29870,19896,8124,0,13491,39267
2023-09-01,441,Security,91863,7655.25,5512,6455,8320,0,7223,17032
2023-09-01,442,Core Platform,66513,5542.75,47501,16833,7344,0,27789,37500
2023-09-01,443,Core Platform,111222,9268.5,41836,3868,7911,0,9861,27844
2023-09-01,444,AI Suite,67569,5630.75,26673,2566,1664,0,18742,5115
2023-09-01,445,Enterprise,46156,3846.33,10752,550,7970,0,12474,26405
2023-09-01,446,AI Suite,133398,11116.5,4281,2562,4896,0,1938,2285
2023-09-01,447,Core Platform,74062,6171.83,5202,5156,7882,0,6487,8532
2023-09-01,448,Analytics,95977,7998.08,38078,11419,2230,0,22627,28764
2023-09-01,449,Core Platform,117991,9832.58,6620,19535,515,0,17271,4075
2023-09-01,450,Enterprise,91740,7645.0,47771,17866,6679,0,17190,4998
2023-09-01,451,Core Platform,32630,2719.17,17482,4689,3090,0,11404,2186
2023-09-01,452,AI Suite,31745,2645.42,14607,11857,2109,0,13442,31100
2023-09-01,453,AI Suite,3508,292.33,45142,9338,5830,30421,19114,6334
2023-09-01,454,Core Platform,131901,10991.75,33443,6638,638,0,26465,33529
2023-09-01,455,Security,120941,10078.42,12941,18020,258,0,3218,8048
2023-09-01,456,AI Suite,80775,6731.25,43166,4081,8397,0,28505,2568
2023-09-01,457,Enterprise,47773,3981.08,1565,218,1582,0,24572,31715
2023-09-01,458,Security,108516,9043.0,49081,7905,2711,0,6082,6306
2023-09-01,459,AI Suite,85558,7129.83,15481,17400,3971,0,20463,24219
2023-09-01,460,Core Platform,92222,7685.17,15205,4331,5687,0,29132,18009
2023-09-01,461,Analytics,39136,3261.33,30133,15650,1398,0,5941,9784
2023-09-01,462,Security,113589,9465.75,32005,9175,8698,0,359,38453
2023-09-01,463,AI Suite,137449,11454.08,17615,223,9719,0,25430,29517
2023-09-01,464,Enterprise,145866,12155.5,1140,9748,1083,0,16992,25513
2023-09-01,465,Core Platform,87542,7295.17,11299,16653,7845,0,13730,38811
2023-09-01,466,AI Suite,131193,10932.75,23752,17283,5832,0,11590,5673
2023-09-01,467,Enterprise,90119,7509.92,34021,7751,794,0,13412,23110
2023-09-01,468,Security,19089,1590.75,5260,1745,5717,0,13354,6052
2023-09-01,469,Core Platform,73979,6164.92,48880,13772,8765,0,14562,18747
2023-09-01,470,Security,133713,11142.75,23115,5937,2404,0,10915,36531
2023-09-01,471,Enterprise,35775,2981.25,26662,19791,1407,0,25160,7847
2023-09-01,472,Core Platform,63924,5327.0,1278,11002,7469,0,7556,7162
2023-09-01,473,Analytics,32074,2672.83,12996,12758,5113,0,22588,34355
2023-09-01,474,Core Platform,118526,9877.17,36841,1264,9348,0,12425,23218
2023-09-01,475,Enterprise,73908,6159.0,48393,13293,4617,0,9297,14663
2023-09-01,476,Security,25490,2124.17,35197,9365,2570,0,7953,7165
2023-09-01,477,Analytics,36083,3006.92,17059,1504,9657,0,15131,5856
2023-09-01,478,Core Platform,104276,8689.67,31032,15565,3068,0,875,20831
2023-09-01,479,AI Suite,18149,1512.42,36039,5870,5535,0,5357,16984
2023-09-01,480,Core Platform,79224,6602.0,48847,13753,9868,0,2379,20469
2023-09-01,481,AI Suite,119147,9928.92,12459,9224,8574,0,21017,36534
2023-09-01,482,Enterprise,76498,6374.83,46772,9975,3666,0,17996,685
2023-09-01,483,Enterprise,127103,10591.92,1817,8632,7564,0,26558,29680
2023-09-01,484,Core Platform,73310,6109.17,28193,5642,7259,0,10442,29043
2023-09-01,485,AI Suite,93833,7819.42,22600,15597,9515,0,7209,29945
2023-09-01,486,AI Suite,9628,802.33,30160,1366,8765,0,19524,8177
2023-09-01,487,Security,39070,3255.83,2180,6212,5311,0,13596,7106
2023-09-01,488,AI Suite,66257,5521.42,16697,13451,2598,0,20093,14077
2023-09-01,489,Enterprise,72186,6015.5,2753,14969,7265,0,5339,13752
2023-09-01,490,Analytics,131096,10924.67,3370,7699,4652,0,14796,21456
2023-09-01,491,Analytics,45598,3799.83,17103,8993,2293,0,3694,11305
2023-09-01,492,Security,18885,1573.75,46730,8855,6499,0,27685,19288
2023-09-01,493,Security,126588,10549.0,31355,18806,9057,0,17137,10319
2023-09-01,494,AI Suite,30639,2553.25,43294,10796,4768,0,6641,18375
2023-09-01,495,Core Platform,117633,9802.75,44849,7198,2692,0,28306,13621
2023-09-01,496,Core Platform,147671,12305.92,22215,12127,2978,0,13698,23729
2023-09-01,497,Analytics,130462,10871.83,45293,2023,7561,0,14882,2236
2023-09-01,498,Analytics,134684,11223.67,2704,19608,70,0,26942,11985
2023-09-01,499,Core Platform,63000,5250.0,8650,7065,675,0,11743,25822
2023-09-01,500,Analytics,7073,589.42,46101,11871,4798,44792,28260,20877
2023-10-01,1,Enterprise,96748,8062.33,39645,2733,7307,0,16822,34004
2023-10-01,2,Security,113013,9417.75,13009,13575,2289,0,10124,37660
2023-10-01,3,Analytics,31560,2630.0,36434,7249,9924,0,17867,31503
2023-10-01,4,AI Suite,40401,3366.75,19940,15704,2377,0,22100,16868
2023-10-01,5,Analytics,54244,4520.33,4576,17087,3942,0,17171,17102
2023-10-01,6,Core Platform,58460,4871.67,19043,1012,1583,0,20850,10511
2023-10-01,7,Security,124559,10379.92,36778,18119,3046,0,13725,11943
2023-10-01,8,Analytics,41837,3486.42,1692,12673,2956,0,27836,19204
2023-10-01,9,Enterprise,93007,7750.58,2313,12079,7817,0,28412,36908
2023-10-01,10,Enterprise,62306,5192.17,5467,14361,8316,0,6129,13219
2023-10-01,11,Enterprise,5824,485.33,12420,725,6431,0,5929,19635
2023-10-01,12,AI Suite,20619,1718.25,45051,14531,2313,0,19136,33075
2023-10-01,13,AI Suite,59901,4991.75,12445,3957,1239,0,1966,30777
2023-10-01,14,Security,153040,12753.33,39374,13905,9669,0,295,28470
2023-10-01,15,Security,125861,10488.42,35204,18906,8908,0,21866,17342
2023-10-01,16,Core Platform,70798,5899.83,22273,3917,2079,0,22467,3521
2023-10-01,17,Analytics,94354,7862.83,9865,13463,3088,0,3154,39485
2023-10-01,18,Analytics,138985,11582.08,11507,19950,6644,0,26322,21819
2023-10-01,19,Enterprise,148186,12348.83,30634,7672,1616,0,2163,28139
2023-10-01,20,AI Suite,85619,7134.92,1402,8141,3774,0,8208,31613
2023-10-01,21,Core Platform,120724,10060.33,12498,18615,8101,0,23175,29756
2023-10-01,22,Analytics,11329,944.08,1434,5635,6572,0,29035,2222
2023-10-01,23,Core Platform,90518,7543.17,35153,9456,1560,0,25277,38350
2023-10-01,24,Enterprise,59527,4960.58,10624,8765,8834,0,10688,1613
2023-10-01,25,Analytics,46073,3839.42,4132,13614,7513,0,2711,1755
2023-10-01,26,Enterprise,151981,12665.08,44291,9441,4682,0,9221,5637
2023-10-01,27,AI Suite,73904,6158.67,23398,13478,9467,0,23068,14419
2023-10-01,28,AI Suite,126890,10574.17,24711,13799,2810,0,25439,5404
2023-10-01,29,Analytics,21807,1817.25,29105,7477,5868,0,19206,21117
2023-10-01,30,Analytics,40635,3386.25,29146,17182,7864,0,24100,33370
2023-10-01,31,Core Platform,96207,8017.25,12527,17563,4982,0,14456,19386
2023-10-01,32,Security,72465,6038.75,30399,16467,4895,0,29921,9520
2023-10-01,33,Security,144563,12046.92,7506,10451,7327,0,18566,11800
2023-10-01,34,Analytics,99998,8333.17,31958,8214,5740,0,2467,11349
2023-10-01,35,Core Platform,111703,9308.58,43875,12991,265,0,24542,30301
2023-10-01,36,Enterprise,144117,12009.75,48349,16788,1443,0,22002,25223
2023-10-01,37,Enterprise,81708,6809.0,19342,10770,3554,0,16648,35536
2023-10-01,38,Core Platform,150821,12568.42,45754,17891,351,0,3577,26147
2023-10-01,39,Enterprise,104638,8719.83,49354,8853,4298,0,27518,7428
2023-10-01,40,Analytics,52678,4389.83,45325,14160,6253,0,9443,13979
2023-10-01,41,Security,36381,3031.75,7678,3448,9220,0,4123,10045
2023-10-01,42,AI Suite,126147,10512.25,44199,1996,3007,0,26310,19555
2023-10-01,43,Security,128731,10727.58,42013,633,8142,0,20685,8157
2023-10-01,44,Analytics,9656,804.67,4420,9745,89,50894,20811,38749
2023-10-01,45,Security,22167,1847.25,7160,8362,7805,0,6452,35925
2023-10-01,46,Security,27472,2289.33,8083,11927,3989,0,24343,31638
2023-10-01,47,AI Suite,83773,6981.08,6470,17847,9349,0,6108,6232
2023-10-01,48,AI Suite,2145,178.75,36475,2893,8470,0,4404,32072
2023-10-01,49,Core Platform,131794,10982.83,3456,17763,475,0,21341,9773
2023-10-01,50,Analytics,45694,3807.83,20827,16305,5231,0,21262,7511
2023-10-01,51,Security,51756,4313.0,3419,5716,2674,0,27152,14540
2023-10-01,52,Security,42061,3505.08,35363,707,4832,0,16710,30430
2023-10-01,53,Security,77021,6418.42,29435,15199,4351,0,29797,4278
2023-10-01,54,Security,88514,7376.17,35976,4206,193,0,14262,2039
2023-10-01,55,Analytics,138704,11558.67,33943,7807,8324,0,15584,13534
2023-10-01,56,Security,87457,7288.08,12752,15094,1816,0,15922,33127
2023-10-01,57,Analytics,120643,10053.58,15604,1823,9025,0,12228,39007
2023-10-01,58,Core Platform,59616,4968.0,28629,14195,4385,0,27187,10754
2023-10-01,59,Security,111503,9291.92,41820,17660,3857,0,11533,4394
2023-10-01,60,Analytics,59052,4921.0,25327,17598,4150,0,19654,13238
2023-10-01,61,Security,49084,4090.33,13520,12764,5524,0,3260,27503
2023-10-01,62,AI Suite,39491,3290.92,38742,8827,8512,0,9343,14997
2023-10-01,63,Security,26095,2174.58,27313,13988,9480,0,24986,25162
2023-10-01,64,Security,121562,10130.17,20418,3209,1154,0,16259,2930
2023-10-01,65,AI Suite,45772,3814.33,4029,7948,9164,0,15142,16335
2023-10-01,66,AI Suite,11128,927.33,28816,4845,8500,0,18487,18889
2023-10-01,67,Enterprise,96097,8008.08,23034,2629,9716,0,14317,8321
2023-10-01,68,Core Platform,23645,1970.42,5356,10236,9629,0,20481,11377
2023-10-01,69,Enterprise,98566,8213.83,12465,10039,4699,0,20582,2888
2023-10-01,70,Enterprise,145260,12105.0,49347,8081,7405,0,23133,11234
2023-10-01,71,AI Suite,85968,7164.0,3449,4205,187,0,26149,4458
2023-10-01,72,AI Suite,25044,2087.0,47228,221,7570,0,12049,22822
2023-10-01,73,Analytics,6887,573.92,8580,12201,5314,41225,970,7449
2023-10-01,74,Core Platform,62282,5190.17,14249,7120,2195,0,19241,22304
2023-10-01,75,Analytics,0,0.0,20672,164,2730,52275,12404,26521
2023-10-01,76,AI Suite,108175,9014.58,14669,8317,6855,0,19183,34234
2023-10-01,77,AI Suite,39527,3293.92,45201,2068,914,0,3681,31698
2023-10-01,78,Core Platform,29878,2489.83,22444,14526,5399,0,24319,16330
2023-10-01,79,Core Platform,41851,3487.58,31925,12487,9670,0,26662,3789
2023-10-01,80,Security,55505,4625.42,14636,2371,6054,0,23866,36425
2023-10-01,81,Core Platform,100431,8369.25,11846,14504,4805,0,18462,37485
2023-10-01,82,Core Platform,113209,9434.08,8644,15706,9920,0,2025,31488
2023-10-01,83,Core Platform,113121,9426.75,40122,2792,5921,0,6277,33561
2023-10-01,84,Analytics,26776,2231.33,15601,13959,6704,0,25542,14485
2023-10-01,85,AI Suite,97922,8160.17,27973,15737,9219,0,14462,25418
2023-10-01,86,AI Suite,129747,10812.25,39303,556,274,0,7690,2671
2023-10-01,87,AI Suite,34817,2901.42,18518,5246,3043,0,11153,17930
2023-10-01,88,AI Suite,55869,4655.75,44727,12148,8227,0,22775,8658
2023-10-01,89,Core Platform,100937,8411.42,36551,16190,4568,0,11410,20624
2023-10-01,90,Core Platform,112064,9338.67,17601,15100,2089,0,17428,7492
2023-10-01,91,Analytics,17060,1421.67,49473,6236,8346,0,19066,7477
2023-10-01,92,AI Suite,150209,12517.42,32949,16909,1011,0,1482,32822
2023-10-01,93,Enterprise,68482,5706.83,39620,13826,5780,0,21311,36878
2023-10-01,94,AI Suite,130959,10913.25,4770,6421,7702,0,14720,34713
2023-10-01,95,Enterprise,124497,10374.75,11183,12227,1319,0,19236,13693
2023-10-01,96,Analytics,59794,4982.83,32588,18443,2204,0,3225,10240
2023-10-01,97,AI Suite,146932,12244.33,21620,12188,2389,0,5798,10480
2023-10-01,98,Enterprise,144015,12001.25,33693,7752,1525,0,17049,13919
2023-10-01,99,Analytics,48776,4064.67,12358,6953,6797,0,16507,7547
2023-10-01,100,Enterprise,91455,7621.25,25399,7918,7666,0,21128,14726
2023-10-01,101,AI Suite,149937,12494.75,3485,19624,7559,0,29061,28750
2023-10-01,102,Enterprise,104000,8666.67,25279,5234,6620,0,6454,22656
2023-10-01,103,Enterprise,47403,3950.25,30059,1936,5720,0,29443,28408
2023-10-01,104,Core Platform,77895,6491.25,40166,16099,6699,0,10997,7935
2023-10-01,105,Enterprise,146150,12179.17,44822,14269,4043,0,27453,19351
2023-10-01,106,Security,30721,2560.08,41026,11491,4196,0,27652,23755
2023-10-01,107,Core Platform,80717,6726.42,11688,18885,6399,0,13699,21462
2023-10-01,108,Analytics,153082,12756.83,14529,17731,8026,0,3959,20672
2023-10-01,109,AI Suite,104796,8733.0,13621,17828,8114,0,3151,14025
2023-10-01,110,Core Platform,136152,11346.0,32582,2988,4949,0,2887,25599
2023-10-01,111,Enterprise,12750,1062.5,21778,18062,5312,131051,28997,4444
2023-10-01,112,AI Suite,15594,1299.5,40600,9282,3997,0,11062,28686
2023-10-01,113,Security,59957,4996.42,1036,11211,7009,0,13266,4121
2023-10-01,114,Analytics,115843,9653.58,43695,16030,977,0,10167,296
2023-10-01,115,AI Suite,117454,9787.83,43810,7435,7847,0,28884,27198
2023-10-01,116,Core Platform,40449,3370.75,23351,18125,6377,0,29058,25266
2023-10-01,117,AI Suite,88405,7367.08,21038,18120,5855,0,25505,35241
2023-10-01,118,Enterprise,65736,5478.0,35131,18428,5119,0,8365,14557
2023-10-01,119,Enterprise,126623,10551.92,48754,7547,7287,0,27836,20092
2023-10-01,120,Analytics,34424,2868.67,35909,18287,2725,0,8434,21877
2023-10-01,121,Enterprise,110601,9216.75,32323,16228,2717,0,27732,31812
2023-10-01,122,Enterprise,67528,5627.33,19845,10734,1411,0,25213,25638
2023-10-01,123,Analytics,152042,12670.17,31710,12850,5543,0,3049,22450
2023-10-01,124,AI Suite,43292,3607.67,41502,17494,9141,0,19129,7259
2023-10-01,125,Core Platform,41764,3480.33,16139,15390,9890,0,4448,6887
2023-10-01,126,AI Suite,99917,8326.42,13012,8375,8343,0,21435,16748
2023-10-01,127,Enterprise,0,0.0,49515,5457,9558,60281,26376,29913
2023-10-01,128,Enterprise,92030,7669.17,45298,9230,5753,0,2851,38469
2023-10-01,129,Analytics,19995,1666.25,25219,10590,5661,0,1433,10314
2023-10-01,130,Core Platform,110854,9237.83,35170,12945,422,0,19447,39830
2023-10-01,131,Security,31528,2627.33,14573,3791,9830,0,11516,11790
2023-10-01,132,Security,121198,10099.83,3309,6716,5047,0,19830,11375
2023-10-01,133,Enterprise,37917,3159.75,36638,13706,176,0,9221,1220
2023-10-01,134,AI Suite,120908,10075.67,49024,3787,4030,0,25624,26027
2023-10-01,135,Security,20013,1667.75,42155,2938,2023,0,4048,27370
2023-10-01,136,Enterprise,90257,7521.42,42773,2152,8980,0,13428,30958
2023-10-01,137,Enterprise,64539,5378.25,41401,18984,6876,0,16184,38093
2023-10-01,138,Analytics,54612,4551.0,1572,154,4264,0,12429,24104
2023-10-01,139,Enterprise,65879,5489.92,46371,7848,1427,0,10279,9590
2023-10-01,140,AI Suite,124741,10395.08,15677,5983,3381,0,24923,3081
2023-10-01,141,Security,93443,7786.92,20465,2373,9387,0,20800,11331
2023-10-01,142,AI Suite,72327,6027.25,41292,5626,4952,0,2875,23180
2023-10-01,143,Core Platform,141149,11762.42,28990,10979,1945,0,24434,10641
2023-10-01,144,AI Suite,64010,5334.17,44833,13846,7047,0,18790,25579
2023-10-01,145,Security,133412,11117.67,39023,19092,6284,0,29736,23937
2023-10-01,146,Enterprise,77441,6453.42,21285,12461,4302,0,29621,3412
2023-10-01,147,Enterprise,24197,2016.42,22739,1820,3123,0,24568,22081
2023-10-01,148,AI Suite,83024,6918.67,29539,3329,1991,0,4265,436
2023-10-01,149,Enterprise,66219,5518.25,34321,12081,2419,0,3704,31518
2023-10-01,150,Core Platform,141796,11816.33,8097,12834,7328,0,18830,3194
2023-10-01,151,Core Platform,49450,4120.83,21794,13682,2054,0,26159,28018
2023-10-01,152,Core Platform,111798,9316.5,6361,10253,8794,0,25204,8551
2023-10-01,153,Core Platform,56789,4732.42,24280,13308,9461,0,22808,34692
2023-10-01,154,Core Platform,123008,10250.67,10593,14478,9358,0,7128,24279
2023-10-01,155,AI Suite,24218,2018.17,19147,729,2751,0,24511,1275
2023-10-01,156,AI Suite,36259,3021.58,45233,12059,1632,0,13773,20588
2023-10-01,157,Security,40217,3351.42,32080,12575,2393,0,19296,10714
2023-10-01,158,Analytics,78228,6519.0,30009,12617,32,0,6520,26846
2023-10-01,159,Core Platform,4339,361.58,42193,1780,7553,0,16579,32672
2023-10-01,160,Analytics,26391,2199.25,37599,1951,512,0,18809,18466
2023-10-01,161,AI Suite,160381,13365.08,37263,19257,6304,0,26348,32799
2023-10-01,162,Analytics,77253,6437.75,31472,3418,9456,0,20999,8120
2023-10-01,163,Enterprise,24161,2013.42,41557,19486,4087,0,10077,37848
2023-10-01,164,AI Suite,104112,8676.0,15454,8300,4221,0,26633,29016
2023-10-01,165,Enterprise,126869,10572.42,15723,8030,8004,0,29450,12412
2023-10-01,166,Analytics,23254,1937.83,46529,16035,503,0,12851,3519
2023-10-01,167,Analytics,50392,4199.33,8881,8637,3420,0,18467,36376
2023-10-01,168,Enterprise,81523,6793.58,17459,11823,5966,0,11627,29109
2023-10-01,169,Analytics,59667,4972.25,43848,8930,626,0,18819,31750
2023-10-01,170,AI Suite,130520,10876.67,28742,19631,2641,0,22183,2851
2023-10-01,171,AI Suite,137142,11428.5,47046,3949,7149,0,14009,32249
2023-10-01,172,Core Platform,106820,8901.67,11987,19186,1641,0,27801,25964
2023-10-01,173,Core Platform,68122,5676.83,49664,4949,9800,0,18282,25540
2023-10-01,174,Security,78216,6518.0,30814,4109,2680,0,4460,27398
2023-10-01,175,Enterprise,91758,7646.5,3695,12288,34,0,29815,2925
2023-10-01,176,Analytics,38442,3203.5,49880,5847,8169,0,9204,24947
2023-10-01,177,AI Suite,53037,4419.75,22094,14290,958,0,20231,4026
2023-10-01,178,Analytics,94834,7902.83,24602,7585,3295,0,27619,14221
2023-10-01,179,Core Platform,131662,10971.83,25719,5618,5311,0,14058,5802
2023-10-01,180,Security,23251,1937.58,45769,4746,9859,0,8785,23793
2023-10-01,181,AI Suite,156985,13082.08,6322,19899,9866,0,4323,20406
2023-10-01,182,Analytics,86875,7239.58,44799,609,5502,0,25875,21133
2023-10-01,183,AI Suite,36343,3028.58,14027,7050,6452,0,19659,14912
2023-10-01,184,AI Suite,99217,8268.08,12551,15298,4030,0,20733,14536
2023-10-01,185,AI Suite,119503,9958.58,37223,2986,8464,0,4872,7056
2023-10-01,186,Enterprise,25160,2096.67,47673,9403,2576,0,3899,344
2023-10-01,187,Enterprise,63340,5278.33,11129,10335,6032,0,6808,8767
2023-10-01,188,Analytics,63914,5326.17,33651,4850,9357,0,5625,17616
2023-10-01,189,Analytics,48936,4078.0,20276,10663,5341,0,5089,12329
2023-10-01,190,Core Platform,33921,2826.75,39774,457,2774,0,866,37248
2023-10-01,191,AI Suite,110756,9229.67,5018,7430,4578,0,25128,37396
2023-10-01,192,Analytics,133040,11086.67,2591,10186,1359,0,27961,10059
2023-10-01,193,Core Platform,5617,468.08,28483,9114,3497,93142,689,4352
2023-10-01,194,Enterprise,19225,1602.08,45289,3974,7357,0,3133,6399
2023-10-01,195,Analytics,3444,287.0,12720,3847,9062,0,11044,11409
2023-10-01,196,Enterprise,140886,11740.5,6782,3133,3680,0,22272,1256
2023-10-01,197,Enterprise,93047,7753.92,11875,11646,3266,0,22916,1430
2023-10-01,198,Enterprise,18171,1514.25,34228,7842,9853,0,13768,6885
2023-10-01,199,Security,132971,11080.92,8408,1441,1263,0,3545,33063
2023-10-01,200,Analytics,30156,2513.0,21704,16446,1953,0,11291,3737
2023-10-01,201,Core Platform,49533,4127.75,41203,985,4971,0,26034,11520
2023-10-01,202,Security,106672,8889.33,49293,2011,3229,0,21092,28240
2023-10-01,203,Security,61368,5114.0,28487,15208,8794,0,2322,8799
2023-10-01,204,Analytics,60085,5007.08,46712,10780,7370,0,21400,10996
2023-10-01,205,Enterprise,85847,7153.92,23333,5090,4727,0,13756,5923
2023-10-01,206,Enterprise,36358,3029.83,39776,11889,3985,0,19578,6441
2023-10-01,207,Core Platform,42528,3544.0,17719,13971,1061,0,29894,19340
2023-10-01,208,Core Platform,135101,11258.42,16504,6551,8325,0,20277,35348
2023-10-01,209,Core Platform,741,61.75,46425,1696,9251,0,22317,9349
2023-10-01,210,Analytics,44307,3692.25,47676,2266,6633,0,9888,38024
2023-10-01,211,Analytics,116640,9720.0,28158,8133,2495,0,7848,14990
2023-10-01,212,Security,79512,6626.0,19164,10792,6167,0,26999,22602
2023-10-01,213,Analytics,101103,8425.25,32797,13139,2646,0,27783,30486
2023-10-01,214,AI Suite,42102,3508.5,6728,13927,8164,0,4379,4099
2023-10-01,215,Security,113370,9447.5,45290,14308,2065,0,13891,8780
2023-10-01,216,Security,29723,2476.92,29561,15572,614,0,3141,6745
2023-10-01,217,Core Platform,48965,4080.42,37132,18554,9121,0,24020,6935
2023-10-01,218,Enterprise,49619,4134.92,36437,12046,2700,0,15660,6832
2023-10-01,219,Security,99246,8270.5,24871,9526,1937,0,26094,11394
2023-10-01,220,Enterprise,131544,10962.0,35509,6402,3133,0,11412,8910
2023-10-01,221,Security,48572,4047.67,18811,17756,8601,0,11644,25218
2023-10-01,222,Core Platform,75650,6304.17,3648,19762,6215,0,21071,4993
2023-10-01,223,Security,19063,1588.58,20997,7505,2816,0,19623,24896
2023-10-01,224,Enterprise,135236,11269.67,25125,13108,7184,0,12779,25887
2023-10-01,225,Security,125188,10432.33,4399,6566,2580,0,23515,13533
2023-10-01,226,Core Platform,10481,873.42,45391,16694,6213,24470,4250,19964
2023-10-01,227,Security,22333,1861.08,16599,11341,6295,0,19349,6391
2023-10-01,228,AI Suite,135237,11269.75,49512,2138,2627,0,21801,18650
2023-10-01,229,Analytics,73162,6096.83,21540,3354,4691,0,2064,4388
2023-10-01,230,AI Suite,83106,6925.5,9263,18112,9911,0,25963,28823
2023-10-01,231,AI Suite,37032,3086.0,1764,8900,8668,0,2913,10880
2023-10-01,232,Security,96061,8005.08,4791,6755,4716,0,29944,2873
2023-10-01,233,Security,1288,107.33,20591,1805,7431,0,12293,20789
2023-10-01,234,Security,50582,4215.17,1984,17598,7173,0,8821,25601
2023-10-01,235,Core Platform,106159,8846.58,3190,17692,2762,0,588,27592
2023-10-01,236,Enterprise,104856,8738.0,20307,2962,6532,0,23967,21484
2023-10-01,237,Core Platform,62371,5197.58,2595,2727,822,0,1302,18512
2023-10-01,238,AI Suite,129950,10829.17,33967,16697,157,0,25624,37813
2023-10-01,239,Enterprise,102441,8536.75,4194,9240,7023,0,7099,12047
2023-10-01,240,Analytics,40155,3346.25,40023,29,5531,0,26711,1715
2023-10-01,241,Core Platform,139900,11658.33,3267,14928,2434,0,19217,5180
2023-10-01,242,Core Platform,165747,13812.25,25513,17984,1459,0,17092,34688
2023-10-01,243,Core Platform,30465,2538.75,22808,15182,5982,0,4832,39070
2023-10-01,244,Security,153913,12826.08,15688,15881,6482,0,16809,6717
2023-10-01,245,Enterprise,143385,11948.75,22674,15405,732,0,9263,17555
2023-10-01,246,Analytics,115600,9633.33,37425,15795,8068,0,6863,13770
2023-10-01,247,Enterprise,118378,9864.83,17533,8189,6081,0,23480,9782
2023-10-01,248,Analytics,143974,11997.83,40182,17807,8762,0,24036,21565
2023-10-01,249,AI Suite,54469,4539.08,2124,6132,1900,0,21249,892
2023-10-01,250,Security,35099,2924.92,44665,17220,9692,0,23631,38459
2023-10-01,251,AI Suite,96023,8001.92,2759,17529,7923,0,24003,25514
2023-10-01,252,Enterprise,144680,12056.67,28881,1392,6668,0,2348,7192
2023-10-01,253,Core Platform,133140,11095.0,25776,12114,3904,0,8363,26914
2023-10-01,254,Analytics,87597,7299.75,41634,16609,5740,0,21616,16268
2023-10-01,255,AI Suite,121643,10136.92,47579,14576,6248,0,2277,9023
2023-10-01,256,Security,65621,5468.42,36195,17336,4687,0,7268,18278
2023-10-01,257,AI Suite,27984,2332.0,7673,16765,2771,0,21225,39678
2023-10-01,258,Security,37785,3148.75,46301,7827,79,0,6060,10613
2023-10-01,259,Analytics,124556,10379.67,44580,5278,8523,0,23351,7801
2023-10-01,260,Enterprise,110428,9202.33,44335,19020,8344,0,2393,36671
2023-10-01,261,Enterprise,94974,7914.5,45505,14058,5845,0,24340,13160
2023-10-01,262,Core Platform,111075,9256.25,41460,7881,6245,0,26665,24124
2023-10-01,263,Security,722,60.17,3372,2322,1600,66026,24494,14520
2023-10-01,264,Analytics,15670,1305.83,35317,5946,8808,0,18244,491
2023-10-01,265,Core Platform,140089,11674.08,21578,11070,2092,0,13394,5440
2023-10-01,266,AI Suite,22597,1883.08,9999,19371,2653,0,12843,35250
2023-10-01,267,Analytics,120616,10051.33,21838,9875,9284,0,8768,12657
2023-10-01,268,Enterprise,35610,2967.5,6185,5851,8020,0,28424,9406
2023-10-01,269,Analytics,109989,9165.75,5414,12024,8765,0,13012,8218
2023-10-01,270,Security,133911,11159.25,10735,7857,6590,0,23944,5330
2023-10-01,271,Core Platform,134648,11220.67,27131,9924,4696,0,14359,3202
2023-10-01,272,Enterprise,62703,5225.25,47210,4283,5008,0,26565,31572
2023-10-01,273,Enterprise,51100,4258.33,42668,10888,1937,0,15004,18749
2023-10-01,274,Enterprise,121756,10146.33,38526,8906,8089,0,11134,7463
2023-10-01,275,Security,96289,8024.08,38084,10543,3210,0,3536,38267
2023-10-01,276,AI Suite,104767,8730.58,3494,6693,5662,0,4324,30819
2023-10-01,277,Core Platform,38851,3237.58,39782,5714,2908,0,21706,17536
2023-10-01,278,Security,116366,9697.17,9434,18741,6569,0,624,32641
2023-10-01,279,Core Platform,101270,8439.17,10635,16575,3476,0,3997,19378
2023-10-01,280,Analytics,13504,1125.33,13987,2926,1101,0,6862,6808
2023-10-01,281,Analytics,38674,3222.83,4780,15753,1250,0,29156,2351
2023-10-01,282,Security,40691,3390.92,18984,10996,4248,0,20570,20652
2023-10-01,283,Enterprise,1629,135.75,3931,6582,4953,45990,19217,3883
2023-10-01,284,Analytics,80016,6668.0,3387,15460,6463,0,13083,29448
2023-10-01,285,Security,138406,11533.83,47852,7054,740,0,29196,32855
2023-10-01,286,Core Platform,102510,8542.5,39284,8974,8521,0,28146,18413
2023-10-01,287,AI Suite,90584,7548.67,6069,19127,1406,0,28603,20720
2023-10-01,288,Security,104545,8712.08,49766,18844,6787,0,22337,33130
2023-10-01,289,Analytics,16937,1411.42,22730,19329,2392,35504,23294,1393
2023-10-01,290,AI Suite,50093,4174.42,39042,9746,8246,0,18207,12516
2023-10-01,291,AI Suite,95292,7941.0,14443,2017,5259,0,3621,784
2023-10-01,292,AI Suite,36292,3024.33,13897,8750,6779,0,14047,14459
2023-10-01,293,AI Suite,137592,11466.0,47722,6564,3921,0,6732,13232
2023-10-01,294,Security,83816,6984.67,6767,2568,3251,0,4193,30660
2023-10-01,295,Analytics,96756,8063.0,46606,6022,7418,0,28070,3917
2023-10-01,296,Enterprise,109593,9132.75,22555,10939,3450,0,5453,14053
2023-10-01,297,Enterprise,80405,6700.42,8345,5222,3487,0,7846,28979
2023-10-01,298,AI Suite,66753,5562.75,20737,16925,1247,0,21824,16484
2023-10-01,299,Enterprise,66962,5580.17,25254,7316,132,0,2728,12441
2023-10-01,300,Enterprise,57896,4824.67,20984,4921,8416,0,7682,35783
2023-10-01,301,AI Suite,0,0.0,27440,540,9782,0,4073,21042
2023-10-01,302,Security,133547,11128.92,46863,15447,9852,0,20816,23391
2023-10-01,303,Analytics,134092,11174.33,36647,7801,8927,0,18459,13530
2023-10-01,304,AI Suite,32878,2739.83,25974,11466,7293,0,29319,22428
2023-10-01,305,Core Platform,40990,3415.83,15641,17705,1838,0,1320,1678
2023-10-01,306,Security,94484,7873.67,16193,5304,4759,0,7023,39588
2023-10-01,307,Analytics,39223,3268.58,22140,14405,2637,0,22407,17277
2023-10-01,308,AI Suite,111531,9294.25,44470,18760,2404,0,28543,34236
2023-10-01,309,AI Suite,36192,3016.0,48773,12218,7145,0,27106,17749
2023-10-01,310,AI Suite,14381,1198.42,42548,1568,4185,0,26220,9475
2023-10-01,311,AI Suite,133134,11094.5,27059,5347,9132,0,27762,16266
2023-10-01,312,AI Suite,53498,4458.17,45466,11193,8773,0,3819,10406
2023-10-01,313,Core Platform,71262,5938.5,1382,8310,9311,0,26911,5583
2023-10-01,314,Core Platform,71129,5927.42,41761,8116,894,0,14186,17120
2023-10-01,315,Enterprise,121167,10097.25,26148,250,6769,0,18894,22310
2023-10-01,316,Analytics,22916,1909.67,19488,11304,3136,0,8761,20450
2023-10-01,317,AI Suite,0,0.0,43979,3497,4675,142160,25918,35317
2023-10-01,318,Analytics,53039,4419.92,3060,3056,8203,0,22730,28792
2023-10-01,319,AI Suite,93173,7764.42,30448,7395,7403,0,921,31647
2023-10-01,320,Analytics,82910,6909.17,44786,8273,2662,0,11606,31198
2023-10-01,321,Analytics,98651,8220.92,25267,18215,4986,0,3514,27669
2023-10-01,322,Analytics,31383,2615.25,8108,17721,1303,0,19067,34168
2023-10-01,323,Analytics,94751,7895.92,25713,11915,7380,0,16041,5829
2023-10-01,324,AI Suite,39620,3301.67,40666,17605,3267,0,15710,24491
2023-10-01,325,Enterprise,106171,8847.58,5412,16404,8501,0,435,12014
2023-10-01,326,Security,85733,7144.42,29067,8461,2517,0,29424,34119
2023-10-01,327,Analytics,39256,3271.33,24374,7797,908,0,19613,33474
2023-10-01,328,Security,59408,4950.67,22611,12138,3365,0,15354,37720
2023-10-01,329,Analytics,142722,11893.5,10039,12643,4580,0,14752,35120
2023-10-01,330,Security,144161,12013.42,15152,6757,446,0,886,16491
2023-10-01,331,Analytics,57056,4754.67,16798,18279,8027,0,17803,35025
2023-10-01,332,Security,81000,6750.0,10919,17184,825,0,2191,27365
2023-10-01,333,Analytics,77071,6422.58,47774,17785,8424,0,22027,14276
2023-10-01,334,Security,49907,4158.92,15219,12453,2191,0,13879,25624
2023-10-01,335,Security,90819,7568.25,47572,19091,5164,0,22658,5565
2023-10-01,336,Security,37804,3150.33,31763,19772,736,0,9324,23094
2023-10-01,337,Enterprise,85767,7147.25,41058,17124,9967,0,18338,38150
2023-10-01,338,Enterprise,117670,9805.83,20971,11920,7815,0,29317,37359
2023-10-01,339,Security,96613,8051.08,18447,11449,4277,0,24173,3963
2023-10-01,340,Analytics,36136,3011.33,3481,2755,4558,0,24130,15781
2023-10-01,341,Enterprise,39597,3299.75,36876,10300,3304,0,18013,33179
2023-10-01,342,Core Platform,83956,6996.33,32707,7209,5852,0,3975,3367
2023-10-01,343,Security,136768,11397.33,37142,12560,6247,0,16015,35344
2023-10-01,344,AI Suite,81494,6791.17,45350,8613,9630,0,15100,34956
2023-10-01,345,AI Suite,80440,6703.33,30614,990,5985,0,1596,15236
2023-10-01,346,AI Suite,141506,11792.17,39620,53,4890,0,13186,34230
2023-10-01,347,Enterprise,46811,3900.92,27479,23,6227,0,25999,27219
2023-10-01,348,Core Platform,130410,10867.5,8556,10976,97,0,22308,15700
2023-10-01,349,AI Suite,60052,5004.33,15423,6530,192,0,23648,4170
2023-10-01,350,Analytics,110068,9172.33,22994,9555,6329,0,5526,19223
2023-10-01,351,Enterprise,54200,4516.67,5233,2513,7965,0,20179,39838
2023-10-01,352,Core Platform,52695,4391.25,40561,8796,8248,0,7605,24941
2023-10-01,353,Security,3563,296.92,5064,2689,9285,0,15031,11521
2023-10-01,354,AI Suite,132144,11012.0,7529,15430,5007,0,5292,9905
2023-10-01,355,AI Suite,74144,6178.67,33477,15303,7743,0,19687,9955
2023-10-01,356,Core Platform,13176,1098.0,1688,11428,6802,0,18803,12324
2023-10-01,357,Enterprise,97412,8117.67,5162,12660,4319,0,19698,24703
2023-10-01,358,Enterprise,56127,4677.25,7625,3538,191,0,13815,37706
2023-10-01,359,Enterprise,6306,525.5,45776,3384,6902,0,16422,32518
2023-10-01,360,Core Platform,159882,13323.5,25819,17821,2088,0,20182,13794
2023-10-01,361,Core Platform,4017,334.75,45660,5074,7705,0,12849,7670
2023-10-01,362,Analytics,121455,10121.25,30004,12376,359,0,234,5831
2023-10-01,363,Core Platform,145518,12126.5,22960,15957,9870,0,29066,20485
2023-10-01,364,Security,88085,7340.42,25595,7063,2729,0,59,2622
2023-10-01,365,Analytics,62655,5221.25,12995,8459,4433,0,3737,33200
2023-10-01,366,AI Suite,14511,1209.25,31303,770,6950,0,16365,28213
2023-10-01,367,AI Suite,2133,177.75,36800,7362,5229,34174,7160,6953
2023-10-01,368,AI Suite,110580,9215.0,5202,6091,5428,0,418,32117
2023-10-01,369,AI Suite,55416,4618.0,4927,12188,8717,0,12943,13916
2023-10-01,370,Enterprise,91464,7622.0,49413,3136,3258,0,10917,26367
2023-10-01,371,Core Platform,134356,11196.33,24029,13729,102,0,889,5249
2023-10-01,372,AI Suite,68564,5713.67,21194,17434,3105,0,29738,27984
2023-10-01,373,Enterprise,52020,4335.0,24947,8481,580,0,14149,14015
2023-10-01,374,Enterprise,85548,7129.0,37711,123,8044,0,18495,11152
2023-10-01,375,AI Suite,127038,10586.5,41502,18781,9159,0,12397,19785
2023-10-01,376,Enterprise,134955,11246.25,41546,3373,9073,0,21982,39219
2023-10-01,377,Analytics,28430,2369.17,17069,12928,7360,0,10007,19126
2023-10-01,378,Analytics,62614,5217.83,6855,8888,1177,0,22101,2475
2023-10-01,379,AI Suite,13572,1131.0,49119,4132,4578,0,5464,2133
2023-10-01,380,Security,134053,11171.08,1638,15262,5229,0,6028,15746
2023-10-01,381,Security,9681,806.75,20061,3566,7833,0,22649,6895
2023-10-01,382,Analytics,47149,3929.08,18392,15270,8567,0,26033,36418
2023-10-01,383,Core Platform,77024,6418.67,2958,2455,8063,0,5397,14742
2023-10-01,384,Security,141016,11751.33,38417,18727,1218,0,16125,23795
2023-10-01,385,AI Suite,153192,12766.0,15605,13273,1827,0,17981,9676
2023-10-01,386,Enterprise,73863,6155.25,25565,13579,6267,0,17284,28021
2023-10-01,387,AI Suite,147644,12303.67,4671,12055,4564,0,14903,28025
2023-10-01,388,Analytics,144559,12046.58,24601,13251,236,0,13073,19284
2023-10-01,389,AI Suite,90256,7521.33,38083,5791,6922,0,13472,36839
2023-10-01,390,Analytics,103745,8645.42,45791,16843,9598,0,14459,14429
2023-10-01,391,AI Suite,34379,2864.92,45322,13337,7253,0,13792,38965
2023-10-01,392,Core Platform,103970,8664.17,1734,11288,3045,0,20009,36876
2023-10-01,393,Security,152140,12678.33,49384,7741,4414,0,25537,33391
2023-10-01,394,Security,68665,5722.08,32772,15676,8316,0,4999,5754
2023-10-01,395,AI Suite,62648,5220.67,21129,19612,315,0,211,32241
2023-10-01,396,AI Suite,51680,4306.67,32586,16590,6737,0,11498,27616
2023-10-01,397,Analytics,127099,10591.58,6111,18468,6012,0,11041,26645
2023-10-01,398,AI Suite,93801,7816.75,10694,12959,2060,0,8775,30588
2023-10-01,399,Core Platform,15916,1326.33,47480,5001,3391,0,19817,17546
2023-10-01,400,Core Platform,94982,7915.17,41458,13562,335,0,29856,33018
2023-10-01,401,Security,119455,9954.58,47363,19406,6669,0,17785,11262
2023-10-01,402,Security,93853,7821.08,1704,3017,147,0,11068,22043
2023-10-01,403,Enterprise,32147,2678.92,42167,7722,2780,0,17292,34301
2023-10-01,404,Security,35556,2963.0,8788,11026,969,0,3532,14190
2023-10-01,405,Core Platform,44411,3700.92,40219,7116,9824,0,17544,8894
2023-10-01,406,Enterprise,127474,10622.83,48494,4320,5481,0,29773,28936
2023-10-01,407,Core Platform,55433,4619.42,44817,12080,378,0,10392,34139
2023-10-01,408,Security,70858,5904.83,15138,14760,3043,0,6409,1679
2023-10-01,409,Analytics,124909,10409.08,5871,7623,7820,0,20183,9471
2023-10-01,410,Security,17642,1470.17,47375,10992,3786,0,5868,4040
2023-10-01,411,Core Platform,118117,9843.08,10355,3856,1688,0,11758,10248
2023-10-01,412,Core Platform,2568,214.0,19565,3677,1109,122265,14530,27996
2023-10-01,413,Core Platform,130450,10870.83,35494,17585,3779,0,2198,35866
2023-10-01,414,Security,27592,2299.33,39205,16611,8402,0,10774,36551
2023-10-01,415,AI Suite,56054,4671.17,21003,4388,3198,0,3081,9768
2023-10-01,416,Security,90419,7534.92,15145,18981,9033,0,20735,24038
2023-10-01,417,Security,132913,11076.08,9991,15119,2464,0,23657,28522
2023-10-01,418,AI Suite,0,0.0,16672,56,4352,119796,28869,38081
2023-10-01,419,Analytics,27369,2280.75,49213,8797,6492,0,3366,23897
2023-10-01,420,Enterprise,140192,11682.67,35380,8855,9977,0,24872,31286
2023-10-01,421,Analytics,124700,10391.67,24928,5439,1264,0,20539,13795
2023-10-01,422,Analytics,86724,7227.0,5202,1449,4652,0,10751,21308
2023-10-01,423,Security,52863,4405.25,7868,10089,7038,0,11284,523
2023-10-01,424,Analytics,44728,3727.33,1176,11487,7104,0,5691,30536
2023-10-01,425,Analytics,50716,4226.33,41193,5877,9073,0,28531,6032
2023-10-01,426,Enterprise,104853,8737.75,11811,9143,3438,0,10005,38285
2023-10-01,427,Security,67790,5649.17,14542,15208,9500,0,15609,4881
2023-10-01,428,Enterprise,103058,8588.17,30774,2786,469,0,2276,24321
2023-10-01,429,Security,1076,89.67,34039,6869,5793,126923,22127,18907
2023-10-01,430,Enterprise,39056,3254.67,12938,18772,4015,0,8517,31675
2023-10-01,431,Analytics,109612,9134.33,35419,4899,5409,0,9956,8835
2023-10-01,432,Analytics,140230,11685.83,44863,18764,4472,0,17155,35545
2023-10-01,433,Core Platform,127421,10618.42,5634,11677,8493,0,4696,22237
2023-10-01,434,AI Suite,55690,4640.83,19044,15707,7059,0,28073,37858
2023-10-01,435,Enterprise,73586,6132.17,46640,11244,9692,0,3883,13928
2023-10-01,436,Enterprise,84131,7010.92,31024,17665,2339,0,1405,24198
2023-10-01,437,Analytics,45431,3785.92,48140,3063,7892,0,27155,10411
2023-10-01,438,Core Platform,36992,3082.67,30982,14743,2192,0,25829,30264
2023-10-01,439,Security,83862,6988.5,12369,11962,2396,0,11462,31919
2023-10-01,440,Enterprise,132189,11015.75,1271,2252,4407,0,3262,2333
2023-10-01,441,AI Suite,121362,10113.5,15194,19123,6397,0,29053,23559
2023-10-01,442,Analytics,89089,7424.08,47365,644,634,0,3112,19522
2023-10-01,443,Core Platform,27434,2286.17,11255,19381,4662,0,25210,21131
2023-10-01,444,Security,40215,3351.25,23335,1116,8722,0,29990,36389
2023-10-01,445,Enterprise,87988,7332.33,33651,7421,2934,0,165,8307
2023-10-01,446,AI Suite,132625,11052.08,28028,12435,461,0,8704,21059
2023-10-01,447,Security,67664,5638.67,9764,3686,9954,0,29947,9920
2023-10-01,448,Core Platform,77907,6492.25,15142,246,8572,0,2484,8394
2023-10-01,449,Analytics,4510,375.83,12611,294,1240,0,3405,7950
2023-10-01,450,Analytics,72357,6029.75,18434,17733,2190,0,14762,27410
2023-10-01,451,Core Platform,21982,1831.83,4005,13607,8286,0,11044,19515
2023-10-01,452,Core Platform,93128,7760.67,8804,6205,5978,0,1528,15482
2023-10-01,453,Security,82034,6836.17,24221,13494,3146,0,18501,11987
2023-10-01,454,Security,26697,2224.75,44596,342,9895,0,8645,37976
2023-10-01,455,Analytics,100735,8394.58,10872,10368,2913,0,26381,14125
2023-10-01,456,Security,127818,10651.5,47276,4883,2638,0,22614,31673
2023-10-01,457,Enterprise,0,0.0,46672,5908,9824,68943,4859,29355
2023-10-01,458,AI Suite,80348,6695.67,13638,7282,2240,0,25388,8845
2023-10-01,459,Core Platform,154404,12867.0,36951,9605,2156,0,20806,34274
2023-10-01,460,Security,59968,4997.33,7434,13965,4618,0,5840,20024
2023-10-01,461,Security,114305,9525.42,27684,17583,3202,0,7149,31617
2023-10-01,462,Enterprise,128312,10692.67,18628,6705,650,0,17481,945
2023-10-01,463,AI Suite,100021,8335.08,15556,2463,1606,0,14705,12926
2023-10-01,464,AI Suite,126819,10568.25,4455,6650,632,0,7861,10143
2023-10-01,465,Core Platform,85973,7164.42,20422,5958,9365,0,1771,15220
2023-10-01,466,Analytics,152653,12721.08,11494,12763,7180,0,6274,27087
2023-10-01,467,Analytics,37121,3093.42,5211,6311,6400,0,5959,39800
2023-10-01,468,Core Platform,44241,3686.75,21855,1801,420,0,5708,21943
2023-10-01,469,Enterprise,123620,10301.67,8109,5753,301,0,26851,31848
2023-10-01,470,AI Suite,33680,2806.67,23951,9094,1065,0,21181,23167
2023-10-01,471,Enterprise,31100,2591.67,14029,4579,6540,0,5978,14586
2023-10-01,472,Security,94240,7853.33,21157,2425,446,0,14911,18813
2023-10-01,473,Enterprise,133449,11120.75,6807,18583,6847,0,25495,18935
2023-10-01,474,Enterprise,151409,12617.42,16863,11846,7077,0,7920,13523
2023-10-01,475,Security,30338,2528.17,2124,10690,8790,0,22077,2335
2023-10-01,476,Core Platform,71489,5957.42,5042,7753,6697,0,27564,16825
2023-10-01,477,AI Suite,107173,8931.08,24865,16495,2889,0,28309,4399
2023-10-01,478,Analytics,93963,7830.25,29348,8395,6545,0,29041,34794
2023-10-01,479,Security,22770,1897.5,23600,18015,1933,0,2176,9922
2023-10-01,480,Enterprise,149184,12432.0,19466,17794,4827,0,4971,31577
2023-10-01,481,Security,29912,2492.67,13094,14836,6719,0,22845,10038
2023-10-01,482,Enterprise,51056,4254.67,8445,6625,5585,0,5986,38795
2023-10-01,483,Core Platform,102996,8583.0,9090,6061,4494,0,23251,33314
2023-10-01,484,Analytics,0,0.0,16960,4629,8343,112356,27491,465
2023-10-01,485,Enterprise,76657,6388.08,15454,4242,6923,0,12162,31521
2023-10-01,486,AI Suite,79571,6630.92,13579,7433,2199,0,20233,29295
2023-10-01,487,Analytics,133382,11115.17,35518,11093,302,0,29884,31374
2023-10-01,488,Core Platform,159233,13269.42,18760,18964,2413,0,15627,21431
2023-10-01,489,AI Suite,69123,5760.25,1671,518,3888,0,6678,34177
2023-10-01,490,Core Platform,37769,3147.42,36776,3343,7798,0,12262,4005
2023-10-01,491,Enterprise,78324,6527.0,29859,7077,3205,0,8920,27299
2023-10-01,492,Core Platform,76232,6352.67,41246,5311,6607,0,29583,8794
2023-10-01,493,Analytics,78233,6519.42,28868,15739,6559,0,13567,25213
2023-10-01,494,AI Suite,7466,622.17,20035,5332,9511,0,29731,16103
2023-10-01,495,Security,7439,619.92,9331,726,5810,0,1570,3062
2023-10-01,496,AI Suite,106568,8880.67,8945,4903,4537,0,10761,16830
2023-10-01,497,Security,105265,8772.08,7635,9150,6356,0,20138,11872
2023-10-01,498,Core Platform,28769,2397.42,17643,16489,7266,0,28672,23290
2023-10-01,499,Enterprise,72649,6054.08,25075,9998,2503,0,14275,6039
2023-10-01,500,AI Suite,87929,7327.42,10075,5859,381,0,17049,33499
2023-11-01,1,Security,123865,10322.08,48684,9253,1598,0,15322,12990
2023-11-01,2,Enterprise,85640,7136.67,4827,15233,909,0,19478,23856
2023-11-01,3,Security,67543,5628.58,7464,12634,2629,0,7376,3354
2023-11-01,4,Core Platform,46277,3856.42,14097,3538,6673,0,3839,10711
2023-11-01,5,AI Suite,128444,10703.67,3103,2789,9358,0,3476,25473
2023-11-01,6,AI Suite,92308,7692.33,7774,12197,2634,0,18013,10063
2023-11-01,7,AI Suite,135661,11305.08,22870,6123,3138,0,4359,6720
2023-11-01,8,Core Platform,34299,2858.25,6426,14230,4594,0,16122,3935
2023-11-01,9,Core Platform,71189,5932.42,24249,355,6813,0,8255,11197
2023-11-01,10,Analytics,56087,4673.92,15415,2553,2525,0,19792,20335
2023-11-01,11,Analytics,122439,10203.25,22406,19111,471,0,19671,34757
2023-11-01,12,AI Suite,99909,8325.75,42643,1627,4092,0,11776,36224
2023-11-01,13,Core Platform,100181,8348.42,43191,3467,6746,0,524,16036
2023-11-01,14,Security,92671,7722.58,9795,4023,1826,0,12960,2737
2023-11-01,15,AI Suite,146207,12183.92,5372,2329,3112,0,16100,25047
2023-11-01,16,Security,105170,8764.17,46201,1352,5937,0,22581,38874
2023-11-01,17,Analytics,108461,9038.42,37995,6234,585,0,26169,9983
2023-11-01,18,Enterprise,131122,10926.83,46632,18549,3122,0,8814,32080
2023-11-01,19,Security,32512,2709.33,5422,9164,9968,0,11836,1210
2023-11-01,20,AI Suite,149213,12434.42,4343,13510,9788,0,5405,30900
2023-11-01,21,Enterprise,58781,4898.42,8873,12702,5418,0,4929,1687
2023-11-01,22,AI Suite,25957,2163.08,8788,4467,9552,0,16901,25295
2023-11-01,23,Core Platform,85619,7134.92,17950,19414,789,0,7542,33493
2023-11-01,24,Security,92947,7745.58,18111,1425,4612,0,25437,25881
2023-11-01,25,Core Platform,150870,12572.5,7917,8166,3769,0,1966,11525
2023-11-01,26,Security,51035,4252.92,2184,16029,1838,0,24449,26497
2023-11-01,27,Core Platform,81079,6756.58,35707,384,605,0,22536,7092
2023-11-01,28,Analytics,148736,12394.67,49467,19082,7967,0,21196,21736
2023-11-01,29,Enterprise,96505,8042.08,25893,876,1070,0,27569,8682
2023-11-01,30,Core Platform,12380,1031.67,9064,12070,7981,0,24293,27173
2023-11-01,31,Security,133545,11128.75,3527,19931,1151,0,1818,5270
2023-11-01,32,Enterprise,135634,11302.83,44941,19262,6916,0,4308,21468
2023-11-01,33,Enterprise,122128,10177.33,49472,11131,5907,0,7309,9596
2023-11-01,34,Enterprise,35959,2996.58,46326,6090,7538,0,28897,11507
2023-11-01,35,AI Suite,120281,10023.42,7205,4254,8165,0,15779,26803
2023-11-01,36,AI Suite,53356,4446.33,31996,6129,5002,0,26255,23034
2023-11-01,37,Enterprise,107246,8937.17,31201,268,411,0,13444,18143
2023-11-01,38,Analytics,145159,12096.58,11742,7760,4679,0,29645,13092
2023-11-01,39,AI Suite,137108,11425.67,4766,7721,235,0,2194,39395
2023-11-01,40,Enterprise,94961,7913.42,17304,7098,7997,0,27441,31973
2023-11-01,41,Enterprise,19604,1633.67,28763,2530,9719,0,12922,22968
2023-11-01,42,AI Suite,103640,8636.67,14201,3946,7307,0,3421,12613
2023-11-01,43,AI Suite,67091,5590.92,49315,14379,8160,0,28568,1261
2023-11-01,44,Enterprise,122319,10193.25,31851,10837,7009,0,19635,34986
2023-11-01,45,AI Suite,40458,3371.5,4704,16040,1128,0,18596,29619
2023-11-01,46,Core Platform,84825,7068.75,39828,17982,7422,0,7259,11333
2023-11-01,47,Security,94176,7848.0,23494,16756,2791,0,11878,23442
2023-11-01,48,Analytics,11784,982.0,10974,6568,3516,0,16507,30800
2023-11-01,49,Security,87227,7268.92,23977,16555,5876,0,10152,25526
2023-11-01,50,Core Platform,153168,12764.0,38976,13094,5048,0,13356,26612
2023-11-01,51,Analytics,48981,4081.75,20131,9338,5826,0,21085,28925
2023-11-01,52,Enterprise,98739,8228.25,4127,18068,2634,0,21742,14102
2023-11-01,53,Core Platform,150103,12508.58,44357,13551,8855,0,4981,32857
2023-11-01,54,Analytics,11681,973.42,33718,10471,6824,0,7762,29642
2023-11-01,55,Analytics,151370,12614.17,11197,5497,4013,0,3276,5426
2023-11-01,56,Enterprise,89977,7498.08,26846,8254,8020,0,16448,39298
2023-11-01,57,AI Suite,127639,10636.58,16057,16737,112,0,28132,2597
2023-11-01,58,AI Suite,54141,4511.75,45789,764,3760,0,6198,10183
2023-11-01,59,Core Platform,125365,10447.08,44179,7946,389,0,8447,21229
2023-11-01,60,Enterprise,15073,1256.08,46452,3398,1503,0,20402,15857
2023-11-01,61,Core Platform,68036,5669.67,22696,19073,8909,0,2103,16856
2023-11-01,62,AI Suite,34012,2834.33,13476,2047,359,0,6605,28599
2023-11-01,63,Core Platform,128052,10671.0,13577,13389,8611,0,21378,37909
2023-11-01,64,Core Platform,118886,9907.17,38539,3672,4754,0,8013,21869
2023-11-01,65,Security,89078,7423.17,47083,18887,5546,0,8257,976
2023-11-01,66,Analytics,117513,9792.75,16061,8186,1296,0,12632,30874
2023-11-01,67,Security,125751,10479.25,6040,15458,2361,0,15751,34013
2023-11-01,68,Core Platform,28700,2391.67,37481,3636,6191,0,22183,32760
2023-11-01,69,AI Suite,133421,11118.42,38593,10608,7693,0,16974,15259
2023-11-01,70,Enterprise,142649,11887.42,8583,18697,9678,0,20484,19606
2023-11-01,71,AI Suite,107043,8920.25,34409,12149,9315,0,17891,14139
2023-11-01,72,AI Suite,80790,6732.5,20573,11428,6544,0,27403,17949
2023-11-01,73,Core Platform,56608,4717.33,25452,19999,7796,0,22926,15775
2023-11-01,74,Security,92625,7718.75,25450,5840,3174,0,4857,20537
2023-11-01,75,AI Suite,118965,9913.75,39673,12301,1034,0,25533,36503
2023-11-01,76,AI Suite,132874,11072.83,38437,7260,9069,0,27384,7931
2023-11-01,77,Enterprise,79008,6584.0,28190,16289,2843,0,19279,7987
2023-11-01,78,Enterprise,96465,8038.75,16361,9246,3810,0,27644,28512
2023-11-01,79,Core Platform,133177,11098.08,6082,3442,7986,0,9865,12200
2023-11-01,80,Enterprise,3412,284.33,32189,4131,719,64172,21087,23090
2023-11-01,81,Analytics,61258,5104.83,23208,13636,889,0,14743,7154
2023-11-01,82,Security,117722,9810.17,9428,13940,4480,0,29733,33456
2023-11-01,83,Enterprise,27247,2270.58,45841,12479,632,0,1154,11232
2023-11-01,84,Enterprise,96213,8017.75,6717,4761,2850,0,28403,15716
2023-11-01,85,Enterprise,13516,1126.33,30952,1087,608,0,19640,28864
2023-11-01,86,Enterprise,130763,10896.92,38488,16941,3814,0,22050,34601
2023-11-01,87,AI Suite,36692,3057.67,19685,245,4630,0,3499,36648
2023-11-01,88,Security,45434,3786.17,20476,9758,2683,0,29636,5379
2023-11-01,89,Enterprise,105294,8774.5,40114,11989,7730,0,24444,38809
2023-11-01,90,Core Platform,158204,13183.67,17309,17901,6273,0,15610,14071
2023-11-01,91,Enterprise,24809,2067.42,16857,3570,3416,0,29442,6494
2023-11-01,92,Analytics,120870,10072.5,29011,8622,8971,0,25843,35014
2023-11-01,93,Core Platform,115187,9598.92,47991,6612,6540,0,16129,13921
2023-11-01,94,AI Suite,17371,1447.58,47212,6658,7521,0,5348,15601
2023-11-01,95,Core Platform,13169,1097.42,39076,16993,3824,109522,23239,33637
2023-11-01,96,AI Suite,62159,5179.92,12365,3280,1443,0,9399,35633
2023-11-01,97,Security,97074,8089.5,11829,16060,4264,0,1182,39189
2023-11-01,98,Security,71069,5922.42,24707,12176,2150,0,16919,33695
2023-11-01,99,Core Platform,38500,3208.33,26644,13886,6539,0,7156,30960
2023-11-01,100,Security,41628,3469.0,10328,9953,1247,0,29358,32546
2023-11-01,101,AI Suite,91838,7653.17,24692,6963,4403,0,1435,19767
2023-11-01,102,Analytics,30446,2537.17,46553,14269,5000,0,12096,5715
2023-11-01,103,AI Suite,5913,492.75,34063,14805,8892,109226,24872,19170
2023-11-01,104,Analytics,64103,5341.92,1531,14629,6572,0,28711,41
2023-11-01,105,Core Platform,10062,838.5,16332,692,8231,0,22617,24851
2023-11-01,106,AI Suite,36276,3023.0,18773,18692,5122,0,11405,3675
2023-11-01,107,Enterprise,139691,11640.92,35478,14390,5709,0,21033,12413
2023-11-01,108,Core Platform,117143,9761.92,41470,10067,3128,0,1405,36184
2023-11-01,109,Core Platform,95421,7951.75,17151,13105,6732,0,11618,28056
2023-11-01,110,AI Suite,91835,7652.92,10015,12361,4888,0,23061,13125
2023-11-01,111,Enterprise,141930,11827.5,37364,14387,9846,0,22713,22013
2023-11-01,112,Analytics,127502,10625.17,33727,341,2080,0,12576,11393
2023-11-01,113,AI Suite,25886,2157.17,40113,14530,75,0,28466,18504
2023-11-01,114,Core Platform,92009,7667.42,48893,6871,5028,0,13294,34100
2023-11-01,115,Security,0,0.0,35943,2665,7217,143525,2920,12185
2023-11-01,116,Security,2432,202.67,11681,4738,9374,0,21827,10185
2023-11-01,117,Analytics,68320,5693.33,16699,6340,1402,0,28861,35116
2023-11-01,118,Analytics,139878,11656.5,42381,19353,1242,0,29544,37893
2023-11-01,119,Analytics,80107,6675.58,5341,12358,5738,0,22422,1125
2023-11-01,120,AI Suite,68830,5735.83,21219,15071,2829,0,9006,12713
2023-11-01,121,Core Platform,142313,11859.42,31890,8834,6803,0,4260,38886
2023-11-01,122,Core Platform,71676,5973.0,2942,17237,9433,0,29241,8010
2023-11-01,123,Enterprise,74225,6185.42,12416,761,6598,0,21347,17599
2023-11-01,124,Enterprise,90803,7566.92,41270,10724,3035,0,6590,18522
2023-11-01,125,Analytics,32877,2739.75,23448,17437,5318,0,21983,37521
2023-11-01,126,Enterprise,58935,4911.25,2257,18724,4633,0,13045,21135
2023-11-01,127,AI Suite,151352,12612.67,20959,12923,3336,0,10197,17706
2023-11-01,128,Core Platform,120375,10031.25,20140,820,4553,0,7004,10982
2023-11-01,129,AI Suite,90656,7554.67,38775,4069,6354,0,13250,11692
2023-11-01,130,Enterprise,35559,2963.25,10364,12262,6180,0,685,14631
2023-11-01,131,Enterprise,103200,8600.0,29502,5061,1299,0,10678,13787
2023-11-01,132,Security,8113,676.08,20973,12496,9830,0,17839,4400
2023-11-01,133,AI Suite,26499,2208.25,32546,10871,7645,0,29334,20701
2023-11-01,134,Security,126009,10500.75,22352,5084,5850,0,26015,26980
2023-11-01,135,Analytics,22644,1887.0,41650,5668,1556,0,3703,11067
2023-11-01,136,AI Suite,141088,11757.33,28223,19960,1066,0,15260,1327
2023-11-01,137,Security,69363,5780.25,48860,89,15,0,1553,34961
2023-11-01,138,AI Suite,48350,4029.17,41238,4565,6181,0,24512,2706
2023-11-01,139,Enterprise,10638,886.5,36683,702,3483,0,17413,25668
2023-11-01,140,AI Suite,99285,8273.75,11202,19328,2366,0,20589,21745
2023-11-01,141,AI Suite,92593,7716.08,8715,129,543,0,9032,28608
2023-11-01,142,AI Suite,123266,10272.17,28500,12958,3787,0,4820,37840
2023-11-01,143,Security,52923,4410.25,30381,13192,5010,0,4761,15754
2023-11-01,144,Enterprise,120113,10009.42,23843,18109,8863,0,10200,6879
2023-11-01,145,Analytics,95122,7926.83,16536,16677,6405,0,7047,28319
2023-11-01,146,Analytics,5760,480.0,38441,4932,7407,0,847,21649
2023-11-01,147,Enterprise,55265,4605.42,4304,12791,1730,0,9388,20297
2023-11-01,148,Analytics,73667,6138.92,3201,15359,5663,0,17266,5224
2023-11-01,149,Analytics,134350,11195.83,35224,9100,5686,0,26214,15504
2023-11-01,150,Security,27729,2310.75,8206,19345,7318,0,25231,14433
2023-11-01,151,Core Platform,76271,6355.92,15262,16650,1113,0,6104,4373
2023-11-01,152,Analytics,92680,7723.33,29072,8732,7192,0,16300,3980
2023-11-01,153,AI Suite,53006,4417.17,6341,273,9427,0,24216,26091
2023-11-01,154,Enterprise,88254,7354.5,33989,18526,1116,0,14079,10730
2023-11-01,155,Security,141147,11762.25,20679,14768,5003,0,13005,39954
2023-11-01,156,Analytics,108768,9064.0,16089,5432,7793,0,18466,4249
2023-11-01,157,Core Platform,20603,1716.92,4798,6280,833,0,11129,20958
2023-11-01,158,Analytics,101255,8437.92,46106,7835,7594,0,29067,13560
2023-11-01,159,AI Suite,56010,4667.5,20612,6664,197,0,4242,27441
2023-11-01,160,Core Platform,120118,10009.83,3026,18183,7490,0,23765,23523
2023-11-01,161,Enterprise,104357,8696.42,41467,106,4526,0,22959,13192
2023-11-01,162,AI Suite,64456,5371.33,30640,13929,5706,0,21389,25494
2023-11-01,163,AI Suite,34807,2900.58,49094,19248,7369,0,7756,11523
2023-11-01,164,Enterprise,132739,11061.58,47063,10552,7798,0,8123,25250
2023-11-01,165,Enterprise,21254,1771.17,15904,15016,3693,0,3303,26495
2023-11-01,166,Analytics,52710,4392.5,42898,15425,6639,0,12640,31868
2023-11-01,167,Core Platform,74444,6203.67,42479,7333,4492,0,19981,4022
2023-11-01,168,Enterprise,113286,9440.5,12443,18242,3204,0,26038,15066
2023-11-01,169,Core Platform,134478,11206.5,23014,4817,6218,0,19562,7939
2023-11-01,170,Analytics,102108,8509.0,27962,9733,3604,0,19039,38677
2023-11-01,171,Security,116201,9683.42,28438,459,5513,0,993,32328
2023-11-01,172,Security,0,0.0,6174,746,8949,20251,18643,11273
2023-11-01,173,Analytics,52636,4386.33,6511,1430,1041,0,24998,17114
2023-11-01,174,AI Suite,114359,9529.92,10589,6597,3723,0,12327,7383
2023-11-01,175,Analytics,44509,3709.08,40085,17438,1343,0,15948,35456
2023-11-01,176,Enterprise,29127,2427.25,1028,19639,8303,0,15505,38951
2023-11-01,177,AI Suite,142550,11879.17,4449,2224,7780,0,12960,6961
2023-11-01,178,Security,54877,4573.08,23383,3302,7206,0,13649,18755
2023-11-01,179,Analytics,36443,3036.92,33377,4083,4042,0,7574,14297
2023-11-01,180,Security,33044,2753.67,2410,1556,9727,0,28875,23145
2023-11-01,181,Analytics,50794,4232.83,23983,1729,9326,0,6109,34129
2023-11-01,182,AI Suite,120374,10031.17,16958,926,6306,0,25600,21950
2023-11-01,183,AI Suite,106386,8865.5,39292,16379,3872,0,5333,21983
2023-11-01,184,Analytics,99674,8306.17,13826,7047,4278,0,15706,16538
2023-11-01,185,Enterprise,59595,4966.25,3541,6369,7259,0,22893,6751
2023-11-01,186,Security,89369,7447.42,12071,12338,9601,0,12575,11478
2023-11-01,187,Core Platform,34182,2848.5,48219,17502,7443,0,9715,33689
2023-11-01,188,Security,97344,8112.0,44593,19539,9551,0,7212,39812
2023-11-01,189,AI Suite,88434,7369.5,24886,8906,7273,0,11822,5998
2023-11-01,190,Security,71991,5999.25,12443,19579,4133,0,24133,32701
2023-11-01,191,AI Suite,31921,2660.08,34595,2888,3815,0,23726,10899
2023-11-01,192,Security,96453,8037.75,45972,6505,6338,0,21934,25774
2023-11-01,193,Security,141329,11777.42,13802,2716,3330,0,7645,11661
2023-11-01,194,Security,155448,12954.0,16070,11037,977,0,26623,1922
2023-11-01,195,Analytics,102242,8520.17,12835,16639,5059,0,2171,4636
2023-11-01,196,Core Platform,28506,2375.5,9490,1869,9492,0,29930,5038
2023-11-01,197,Enterprise,35810,2984.17,49502,13235,4405,0,15708,15966
2023-11-01,198,Analytics,112745,9395.42,20223,4202,9376,0,27113,30860
2023-11-01,199,AI Suite,65303,5441.92,16713,18362,9759,0,16784,32141
2023-11-01,200,AI Suite,44238,3686.5,18715,15286,1910,0,124,24295
2023-11-01,201,AI Suite,111023,9251.92,25542,1965,8123,0,15855,2449
2023-11-01,202,Analytics,14500,1208.33,28306,9128,6858,0,19768,25492
2023-11-01,203,Analytics,41488,3457.33,18832,10911,863,0,26413,19888
2023-11-01,204,Enterprise,116965,9747.08,22420,8308,2981,0,29247,6076
2023-11-01,205,Enterprise,105850,8820.83,2218,5279,8531,0,5599,1946
2023-11-01,206,AI Suite,97886,8157.17,4701,1754,204,0,25774,14469
2023-11-01,207,AI Suite,74712,6226.0,6893,5536,1623,0,15919,26638
2023-11-01,208,Analytics,143681,11973.42,26165,19093,1828,0,19128,23350
2023-11-01,209,Core Platform,5777,481.42,47028,2340,9895,0,24453,34269
2023-11-01,210,AI Suite,44744,3728.67,2629,10764,7218,0,10679,20177
2023-11-01,211,Security,102464,8538.67,15017,15564,6938,0,29088,33387
2023-11-01,212,Analytics,105589,8799.08,41335,7699,2050,0,17307,36735
2023-11-01,213,Core Platform,120312,10026.0,11532,2108,1502,0,15365,7335
2023-11-01,214,Core Platform,126206,10517.17,46216,11872,3118,0,13614,19794
2023-11-01,215,Security,108033,9002.75,48039,4639,5012,0,14470,19111
2023-11-01,216,Security,138418,11534.83,4859,7479,32,0,950,19930
2023-11-01,217,AI Suite,54975,4581.25,45934,841,7788,0,3478,27666
2023-11-01,218,Security,55228,4602.33,32924,3006,9755,0,23932,6025
2023-11-01,219,Enterprise,49751,4145.92,28452,10424,9021,0,2209,31322
2023-11-01,220,Enterprise,127186,10598.83,36047,5763,6698,0,4108,19500
2023-11-01,221,AI Suite,37908,3159.0,23954,17941,1495,0,10159,38894
2023-11-01,222,Core Platform,35954,2996.17,35741,10123,6932,0,2392,15953
2023-11-01,223,Core Platform,75001,6250.08,42558,3248,5752,0,18780,6135
2023-11-01,224,Analytics,88847,7403.92,42155,13533,1829,0,19980,30524
2023-11-01,225,Analytics,85514,7126.17,8098,7938,8660,0,28352,29045
2023-11-01,226,Enterprise,49740,4145.0,44309,12810,6179,0,26247,23911
2023-11-01,227,Analytics,66666,5555.5,9304,4011,7555,0,5751,21968
2023-11-01,228,Enterprise,47566,3963.83,9985,19844,3053,0,11324,37104
2023-11-01,229,Security,61420,5118.33,6142,2911,6090,0,13202,1963
2023-11-01,230,Security,73345,6112.08,46954,19877,5409,0,17693,22755
2023-11-01,231,Core Platform,79553,6629.42,2890,7377,4144,0,17908,3302
2023-11-01,232,AI Suite,36729,3060.75,13551,820,5771,0,1239,5789
2023-11-01,233,AI Suite,61697,5141.42,3318,3987,4833,0,25984,7846
2023-11-01,234,AI Suite,12565,1047.08,23332,19524,6959,44879,14776,27470
2023-11-01,235,Core Platform,49064,4088.67,12688,11362,5606,0,6759,37825
2023-11-01,236,AI Suite,29750,2479.17,34581,12740,157,0,4860,7610
2023-11-01,237,Security,30505,2542.08,38916,11905,7546,0,14468,37070
2023-11-01,238,Analytics,89620,7468.33,30148,11700,551,0,22163,34433
2023-11-01,239,Enterprise,23326,1943.83,18980,10054,7960,0,6003,1703
2023-11-01,240,AI Suite,79650,6637.5,18819,1069,3084,0,8072,31274
2023-11-01,241,Analytics,36484,3040.33,25411,5688,9072,0,13105,18887
2023-11-01,242,Analytics,82051,6837.58,21000,6236,4234,0,377,36029
2023-11-01,243,Security,136978,11414.83,47565,4606,5551,0,12111,34850
2023-11-01,244,Security,144826,12068.83,17501,9789,3703,0,23422,33522
2023-11-01,245,Core Platform,106814,8901.17,34893,5084,1877,0,23342,18642
2023-11-01,246,AI Suite,161961,13496.75,1681,19231,7182,0,11629,6103
2023-11-01,247,AI Suite,0,0.0,45291,2132,8534,0,19117,26115
2023-11-01,248,Core Platform,84990,7082.5,13474,15554,7065,0,24620,30690
2023-11-01,249,Security,80905,6742.08,6876,10331,4692,0,6601,10697
2023-11-01,250,AI Suite,152122,12676.83,29023,19319,8280,0,11703,31866
2023-11-01,251,Analytics,124147,10345.58,20162,12629,3269,0,2095,38207
2023-11-01,252,Analytics,94471,7872.58,21438,8784,9481,0,26407,27547
2023-11-01,253,AI Suite,63295,5274.58,7247,12815,2955,0,2651,11791
2023-11-01,254,Enterprise,36220,3018.33,21127,4368,6010,0,11015,33896
2023-11-01,255,Core Platform,94472,7872.67,11956,6023,7202,0,16750,13775
2023-11-01,256,Security,133888,11157.33,36665,14419,3571,0,24177,37222
2023-11-01,257,AI Suite,154429,12869.08,9175,14565,2367,0,19968,17215
2023-11-01,258,Security,72930,6077.5,33840,13624,8063,0,5317,22951
2023-11-01,259,Security,72066,6005.5,36732,15348,3248,0,5096,9141
2023-11-01,260,Core Platform,4545,378.75,38466,4857,312,88175,13557,36419
2023-11-01,261,Security,81866,6822.17,8106,8786,3538,0,6321,23721
2023-11-01,262,Analytics,85280,7106.67,21821,1302,9396,0,14252,19206
2023-11-01,263,Analytics,7130,594.17,21519,7254,124,104854,23481,23087
2023-11-01,264,Enterprise,22829,1902.42,28662,2350,1762,0,7306,688
2023-11-01,265,Security,130146,10845.5,44412,424,3117,0,17057,14918
2023-11-01,266,Analytics,33010,2750.83,39507,15589,8535,0,14822,4899
2023-11-01,267,Analytics,15423,1285.25,11403,10156,4587,0,29428,5677
2023-11-01,268,Core Platform,23728,1977.33,44772,18262,3321,0,21929,9810
2023-11-01,269,AI Suite,157523,13126.92,30620,19209,8964,0,12722,13095
2023-11-01,270,Core Platform,80748,6729.0,15253,16896,9070,0,27289,38969
2023-11-01,271,AI Suite,27302,2275.17,15072,17818,99,0,9013,32771
2023-11-01,272,Analytics,97809,8150.75,25179,10375,851,0,28460,37397
2023-11-01,273,AI Suite,133512,11126.0,7746,13638,5161,0,25992,37546
2023-11-01,274,Security,46767,3897.25,14560,17405,6081,0,23437,12524
2023-11-01,275,AI Suite,122835,10236.25,49104,16785,2433,0,327,13811
2023-11-01,276,Core Platform,106375,8864.58,23168,2895,3433,0,13567,8498
2023-11-01,277,Enterprise,144102,12008.5,1566,3943,5787,0,15546,21088
2023-11-01,278,Analytics,36159,3013.25,36972,84,9779,0,25257,1443
2023-11-01,279,Analytics,137444,11453.67,28129,16715,5179,0,24432,5977
2023-11-01,280,Analytics,84204,7017.0,37294,8735,9534,0,8271,4289
2023-11-01,281,Core Platform,109605,9133.75,45450,18278,3765,0,22219,18975
2023-11-01,282,Core Platform,62917,5243.08,31905,2076,6202,0,21381,35588
2023-11-01,283,AI Suite,120290,10024.17,8741,14053,7237,0,19732,2645
2023-11-01,284,Analytics,6949,579.08,48435,3850,8042,0,22205,21496
2023-11-01,285,Security,113389,9449.08,23168,863,2029,0,15902,37924
2023-11-01,286,Security,74700,6225.0,13583,185,3103,0,2583,8796
2023-11-01,287,Analytics,92338,7694.83,12042,16349,2278,0,16592,4831
2023-11-01,288,Analytics,60956,5079.67,36887,15495,545,0,27100,27669
2023-11-01,289,AI Suite,6341,528.42,19610,13213,6872,105307,18336,16594
2023-11-01,290,Enterprise,56239,4686.58,12820,17619,2377,0,22679,22894
2023-11-01,291,AI Suite,34862,2905.17,43800,6976,6868,0,11628,11006
2023-11-01,292,AI Suite,130515,10876.25,46676,3804,1084,0,19413,18176
2023-11-01,293,Enterprise,93814,7817.83,22438,952,319,0,23804,37722
2023-11-01,294,Enterprise,136446,11370.5,20983,13975,7634,0,13469,39097
2023-11-01,295,Enterprise,80391,6699.25,34106,18098,3939,0,17863,248
2023-11-01,296,Enterprise,117572,9797.67,31927,2668,8739,0,8011,9072
2023-11-01,297,Security,53881,4490.08,1281,17933,3953,0,29582,31811
2023-11-01,298,Analytics,33763,2813.58,23860,19719,499,0,28080,3494
2023-11-01,299,Analytics,23693,1974.42,21681,5305,8957,0,26713,5118
2023-11-01,300,Security,13418,1118.17,1540,11413,9821,0,11559,39129
2023-11-01,301,AI Suite,142761,11896.75,40755,3529,2966,0,2286,36292
2023-11-01,302,Enterprise,20060,1671.67,38052,6561,9873,0,30000,3608
2023-11-01,303,Core Platform,45921,3826.75,47223,5123,1815,0,22785,18758
2023-11-01,304,AI Suite,35737,2978.08,28743,18495,9956,0,17032,32851
2023-11-01,305,Core Platform,79135,6594.58,33966,4530,6173,0,9919,21185
2023-11-01,306,AI Suite,116317,9693.08,30867,16597,9911,0,22444,12799
2023-11-01,307,Enterprise,123443,10286.92,22721,9523,2383,0,21199,38459
2023-11-01,308,Analytics,119744,9978.67,21010,12984,5920,0,25687,15077
2023-11-01,309,Enterprise,30085,2507.08,15886,2333,9246,0,11840,17587
2023-11-01,310,Enterprise,42388,3532.33,29792,3101,7809,0,19839,32808
2023-11-01,311,Analytics,86926,7243.83,23913,14478,6779,0,4594,7438
2023-11-01,312,Security,138674,11556.17,4097,18780,5580,0,21399,10838
2023-11-01,313,Security,66269,5522.42,4649,7755,6583,0,24455,39400
2023-11-01,314,Analytics,83146,6928.83,39829,6535,6739,0,22787,35406
2023-11-01,315,Security,124752,10396.0,14175,3197,7124,0,25259,23631
2023-11-01,316,AI Suite,50851,4237.58,27909,19193,6155,0,21648,14178
2023-11-01,317,Security,79251,6604.25,13156,5294,9141,0,4833,9670
2023-11-01,318,Analytics,86445,7203.75,34925,6519,9160,0,3786,5860
2023-11-01,319,Enterprise,54894,4574.5,13891,9761,8932,0,11291,11138
2023-11-01,320,Security,105786,8815.5,18764,4196,1867,0,10118,28113
2023-11-01,321,Enterprise,92668,7722.33,13303,13453,9036,0,2586,37495
2023-11-01,322,Enterprise,11883,990.25,46877,2064,645,0,17810,31442
2023-11-01,323,Analytics,69305,5775.42,1894,16450,4624,0,11906,28312
2023-11-01,324,Security,143801,11983.42,3839,13291,4244,0,3943,32512
2023-11-01,325,Enterprise,32898,2741.5,32538,17671,9316,0,10521,23067
2023-11-01,326,Core Platform,3418,284.83,37980,3426,5615,0,16570,26592
2023-11-01,327,Analytics,66042,5503.5,42014,11119,1504,0,5480,5846
2023-11-01,328,AI Suite,123268,10272.33,44725,7433,5334,0,18560,26533
2023-11-01,329,Core Platform,4541,378.42,35897,13942,9401,137746,5699,34900
2023-11-01,330,Security,12374,1031.17,13217,12879,8719,0,24608,15702
2023-11-01,331,Enterprise,68634,5719.5,15442,2370,4502,0,15467,21562
2023-11-01,332,AI Suite,95315,7942.92,10412,15966,3304,0,1988,25754
2023-11-01,333,Core Platform,98882,8240.17,33813,11827,2960,0,940,24481
2023-11-01,334,Core Platform,139665,11638.75,30181,15434,6624,0,6104,13323
2023-11-01,335,Security,81918,6826.5,18570,18552,3038,0,17819,4387
2023-11-01,336,Analytics,88280,7356.67,46934,11480,1668,0,9233,25100
2023-11-01,337,AI Suite,29840,2486.67,34936,7960,8073,0,5196,27274
2023-11-01,338,Security,121612,10134.33,15124,19332,9353,0,5463,18268
2023-11-01,339,AI Suite,17609,1467.42,14462,2407,6099,0,3083,5240
2023-11-01,340,Core Platform,76174,6347.83,2608,6260,9279,0,23810,36608
2023-11-01,341,AI Suite,93478,7789.83,33100,10432,8609,0,26402,1821
2023-11-01,342,Security,125339,10444.92,45134,19510,3230,0,4016,2105
2023-11-01,343,Enterprise,95450,7954.17,10733,7475,5978,0,16274,21404
2023-11-01,344,Core Platform,80720,6726.67,14617,7369,8981,0,8606,21290
2023-11-01,345,Security,16484,1373.67,18248,11341,1858,0,13670,31882
2023-11-01,346,Enterprise,132244,11020.33,23852,13674,8486,0,2184,16839
2023-11-01,347,Enterprise,11448,954.0,48965,3426,5416,0,8243,13935
2023-11-01,348,Enterprise,74508,6209.0,9104,8687,5395,0,1882,30367
2023-11-01,349,Analytics,102712,8559.33,45149,15193,8752,0,23577,33858
2023-11-01,350,Core Platform,102384,8532.0,12089,84,45,0,12767,31134
2023-11-01,351,Core Platform,102604,8550.33,5631,13283,3415,0,12584,28355
2023-11-01,352,AI Suite,46340,3861.67,34412,15612,6637,0,11953,15391
2023-11-01,353,AI Suite,133027,11085.58,18222,5037,7079,0,1123,4646
2023-11-01,354,AI Suite,77480,6456.67,33738,19944,4446,0,24589,32820
2023-11-01,355,Enterprise,147392,12282.67,45172,10501,3544,0,8460,14712
2023-11-01,356,Security,71504,5958.67,37094,13214,5105,0,560,34394
2023-11-01,357,Core Platform,136068,11339.0,30439,14121,6579,0,2880,885
2023-11-01,358,Enterprise,103019,8584.92,41507,18520,3102,0,746,23418
2023-11-01,359,AI Suite,11500,958.33,31038,2398,9126,0,21641,38358
2023-11-01,360,Security,10525,877.08,47874,19319,8794,12501,10977,11049
2023-11-01,361,Enterprise,68625,5718.75,22831,5251,6526,0,10625,11483
2023-11-01,362,AI Suite,63685,5307.08,43162,12762,2975,0,7271,26502
2023-11-01,363,Security,116134,9677.83,18871,6042,6366,0,22912,5743
2023-11-01,364,Enterprise,106489,8874.08,45439,3273,3822,0,19725,2131
2023-11-01,365,Core Platform,150517,12543.08,17205,9065,1630,0,21814,22953
2023-11-01,366,Analytics,130818,10901.5,37068,11822,8722,0,27762,6781
2023-11-01,367,Core Platform,74488,6207.33,26291,6641,5559,0,24787,20777
2023-11-01,368,Analytics,64831,5402.58,37077,11365,6456,0,17180,34831
2023-11-01,369,Enterprise,23006,1917.17,18112,13609,585,0,8593,27936
2023-11-01,370,Core Platform,66770,5564.17,44788,19971,7816,0,26017,4659
2023-11-01,371,Analytics,59768,4980.67,5376,15980,3638,0,18050,28126
2023-11-01,372,AI Suite,30435,2536.25,32441,18286,7993,0,24948,8122
2023-11-01,373,Enterprise,98794,8232.83,6437,90,6534,0,23755,7222
2023-11-01,374,Enterprise,66226,5518.83,11652,17246,5113,0,21945,15411
2023-11-01,375,Enterprise,51774,4314.5,34368,798,5674,0,7861,4039
2023-11-01,376,Enterprise,94551,7879.25,35031,15296,9247,0,5568,17517
2023-11-01,377,Enterprise,110714,9226.17,47209,4367,120,0,26619,19900
2023-11-01,378,Security,94747,7895.58,39732,13040,6650,0,1759,13156
2023-11-01,379,AI Suite,136715,11392.92,33669,12412,622,0,5119,23725
2023-11-01,380,Core Platform,141319,11776.58,12159,7031,8713,0,10152,3519
2023-11-01,381,Security,63802,5316.83,19929,10845,6901,0,18279,28094
2023-11-01,382,Analytics,38050,3170.83,38586,8076,654,0,21364,26027
2023-11-01,383,Security,99224,8268.67,44402,13195,1134,0,4300,12067
2023-11-01,384,Enterprise,20130,1677.5,35723,16577,2503,0,17919,4061
2023-11-01,385,Security,114744,9562.0,10215,16461,4296,0,11517,28457
2023-11-01,386,Core Platform,37351,3112.58,36693,9436,312,0,7167,13011
2023-11-01,387,Enterprise,108392,9032.67,1791,1062,1315,0,4496,36816
2023-11-01,388,Analytics,55639,4636.58,7446,8541,2854,0,9778,22396
2023-11-01,389,Analytics,111552,9296.0,38572,11141,7292,0,18575,12332
2023-11-01,390,Enterprise,65231,5435.92,25716,4567,6340,0,20796,21225
2023-11-01,391,Enterprise,50449,4204.08,7634,10864,9414,0,19536,16756
2023-11-01,392,Core Platform,63556,5296.33,27890,7628,257,0,2547,12846
2023-11-01,393,Analytics,79860,6655.0,4329,6403,5172,0,2034,33330
2023-11-01,394,Core Platform,120449,10037.42,8882,5233,1342,0,10954,36608
2023-11-01,395,Security,154075,12839.58,15370,16361,971,0,16103,979
2023-11-01,396,Security,82811,6900.92,37386,13839,1852,0,17652,39576
2023-11-01,397,AI Suite,16415,1367.92,38231,3013,9757,0,2957,2197
2023-11-01,398,Security,77596,6466.33,46644,6644,6131,0,11105,29188
2023-11-01,399,Analytics,104157,8679.75,26038,8749,7298,0,2916,822
2023-11-01,400,AI Suite,55622,4635.17,15197,18687,4398,0,23221,4342
2023-11-01,401,Core Platform,121342,10111.83,6977,2361,1354,0,6356,28635
2023-11-01,402,Security,40206,3350.5,43228,14192,6370,0,12271,5166
2023-11-01,403,Security,32334,2694.5,9447,16299,9530,0,17543,13955
2023-11-01,404,Core Platform,69994,5832.83,32695,12594,9236,0,666,15665
2023-11-01,405,AI Suite,133826,11152.17,11900,1075,8616,0,3835,21141
2023-11-01,406,Core Platform,54932,4577.67,20541,16800,8780,0,15193,25161
2023-11-01,407,Security,106146,8845.5,37159,15952,5637,0,25843,36593
2023-11-01,408,AI Suite,70262,5855.17,6811,4254,6666,0,29881,24882
2023-11-01,409,Enterprise,50261,4188.42,20366,15128,7948,0,21463,20608
2023-11-01,410,Security,123370,10280.83,4842,11167,6922,0,20314,35065
2023-11-01,411,Analytics,41702,3475.17,31306,3181,1500,0,13548,10841
2023-11-01,412,Analytics,127652,10637.67,38716,11129,1846,0,23156,1973
2023-11-01,413,Enterprise,74973,6247.75,5583,4930,2345,0,11240,33448
2023-11-01,414,Security,109188,9099.0,36373,11676,1168,0,6523,38645
2023-11-01,415,Enterprise,63288,5274.0,16469,573,9506,0,28075,33953
2023-11-01,416,Core Platform,42475,3539.58,21705,4253,477,0,20108,19208
2023-11-01,417,Core Platform,54438,4536.5,40791,6722,3340,0,5053,3918
2023-11-01,418,Security,68174,5681.17,18426,10474,1386,0,16387,25078
2023-11-01,419,Enterprise,49383,4115.25,23270,10862,2799,0,293,8586
2023-11-01,420,AI Suite,117577,9798.08,9947,11264,5249,0,29677,36264
2023-11-01,421,AI Suite,114232,9519.33,3378,16283,5184,0,20597,34757
2023-11-01,422,Analytics,83689,6974.08,23839,12647,5215,0,14014,38875
2023-11-01,423,Core Platform,39477,3289.75,39370,2727,5027,0,19525,24958
2023-11-01,424,Core Platform,11851,987.58,18581,12631,8509,0,13124,39459
2023-11-01,425,Security,120687,10057.25,1825,14778,9620,0,18560,33851
2023-11-01,426,Enterprise,76868,6405.67,17276,7520,5451,0,10035,4850
2023-11-01,427,AI Suite,148408,12367.33,23187,11149,2701,0,24634,24722
2023-11-01,428,Core Platform,103173,8597.75,31202,11306,9653,0,5403,11499
2023-11-01,429,Core Platform,102251,8520.92,26335,18995,2588,0,29045,8620
2023-11-01,430,Analytics,43665,3638.75,6271,7277,4415,0,29957,340
2023-11-01,431,Enterprise,109332,9111.0,48124,4105,5542,0,9689,27127
2023-11-01,432,AI Suite,134985,11248.75,4978,15599,2649,0,14108,5750
2023-11-01,433,Analytics,15189,1265.75,21625,14059,8474,0,10955,15225
2023-11-01,434,Security,121932,10161.0,3078,5448,6525,0,9825,11717
2023-11-01,435,Enterprise,78727,6560.58,8629,10666,3504,0,8788,7152
2023-11-01,436,Enterprise,67777,5648.08,18444,14093,8511,0,15349,9636
2023-11-01,437,Core Platform,144996,12083.0,19650,15835,6880,0,18003,20405
2023-11-01,438,Core Platform,59898,4991.5,16289,7518,2314,0,14244,16698
2023-11-01,439,Core Platform,51679,4306.58,35100,16888,4611,0,17381,23406
2023-11-01,440,Enterprise,28173,2347.75,48083,270,4552,0,2448,11363
2023-11-01,441,AI Suite,100073,8339.42,24756,5134,7890,0,8381,37772
2023-11-01,442,AI Suite,140073,11672.75,39806,8791,9878,0,9249,6024
2023-11-01,443,AI Suite,11192,932.67,29012,1852,4784,0,24209,15795
2023-11-01,444,AI Suite,90990,7582.5,12874,6071,2328,0,25834,33367
2023-11-01,445,AI Suite,68336,5694.67,47686,12167,9926,0,11184,4868
2023-11-01,446,AI Suite,48410,4034.17,32633,12290,8713,0,3119,14430
2023-11-01,447,Enterprise,29781,2481.75,38321,10320,9984,0,20159,33363
2023-11-01,448,Analytics,50322,4193.5,1826,14160,2452,0,11347,31023
2023-11-01,449,Core Platform,86088,7174.0,12758,19922,4126,0,17702,35594
2023-11-01,450,AI Suite,45972,3831.0,25273,4713,2549,0,23589,33647
2023-11-01,451,Security,50557,4213.08,43889,423,784,0,12233,4900
2023-11-01,452,Security,125588,10465.67,45070,8897,1138,0,3038,37139
2023-11-01,453,Core Platform,84461,7038.42,38810,12365,8954,0,29524,3643
2023-11-01,454,AI Suite,52669,4389.08,41888,8065,8214,0,15867,29968
2023-11-01,455,Security,158677,13223.08,28565,19721,5178,0,23769,29322
2023-11-01,456,Security,129152,10762.67,18429,9110,6525,0,21939,6198
2023-11-01,457,AI Suite,108520,9043.33,26673,17115,6655,0,14443,34281
2023-11-01,458,Analytics,71944,5995.33,21000,10247,6978,0,23660,17605
2023-11-01,459,Analytics,65174,5431.17,32359,18444,1900,0,25163,151
2023-11-01,460,Security,98077,8173.08,23589,16690,8298,0,9061,4777
2023-11-01,461,Analytics,128139,10678.25,46289,4114,8908,0,9322,6385
2023-11-01,462,Core Platform,78577,6548.08,47676,17672,2341,0,9707,12462
2023-11-01,463,AI Suite,115089,9590.75,46616,3326,3524,0,27357,13832
2023-11-01,464,Core Platform,126155,10512.92,30085,19258,3260,0,15200,30410
2023-11-01,465,AI Suite,86727,7227.25,1457,19506,7828,0,8084,3361
2023-11-01,466,Security,84124,7010.33,15820,13331,9585,0,21315,2705
2023-11-01,467,Analytics,116441,9703.42,41826,7530,3331,0,20752,38523
2023-11-01,468,Security,50388,4199.0,41866,11494,3819,0,25432,34914
2023-11-01,469,Core Platform,154080,12840.0,22292,7082,2643,0,3148,8381
2023-11-01,470,Enterprise,24202,2016.83,24843,16443,9239,0,6483,3420
2023-11-01,471,Security,109551,9129.25,34805,12830,9760,0,14841,12458
2023-11-01,472,Enterprise,69387,5782.25,1347,17088,1829,0,26632,36066
2023-11-01,473,Core Platform,101427,8452.25,11935,4516,8020,0,29107,93
2023-11-01,474,Analytics,93722,7810.17,10422,2770,8874,0,18452,23567
2023-11-01,475,Core Platform,28026,2335.5,25002,15565,6906,0,20048,7901
2023-11-01,476,Core Platform,82074,6839.5,33597,8802,7387,0,28680,28367
2023-11-01,477,AI Suite,0,0.0,11229,2337,3613,15104,7712,15982
2023-11-01,478,AI Suite,145199,12099.92,26474,18989,6979,0,19676,36108
2023-11-01,479,Core Platform,72844,6070.33,43825,2311,1467,0,18205,2799
2023-11-01,480,AI Suite,50164,4180.33,35155,10348,209,0,15338,30643
2023-11-01,481,Security,116979,9748.25,42557,7597,4463,0,4722,25956
2023-11-01,482,Enterprise,115784,9648.67,8786,8092,6187,0,27561,21908
2023-11-01,483,Core Platform,81923,6826.92,31345,17365,9599,0,16365,26882
2023-11-01,484,Security,107035,8919.58,1023,10825,9263,0,4860,15478
2023-11-01,485,Security,43479,3623.25,14447,2723,1606,0,178,30960
2023-11-01,486,Security,93575,7797.92,34661,5504,327,0,24114,27184
2023-11-01,487,AI Suite,56475,4706.25,28200,11190,9195,0,26993,24117
2023-11-01,488,Enterprise,42921,3576.75,18725,1231,142,0,15645,13539
2023-11-01,489,AI Suite,43861,3655.08,42233,16898,2649,0,26209,7431
2023-11-01,490,Enterprise,73681,6140.08,42565,2861,385,0,19263,35954
2023-11-01,491,Enterprise,72220,6018.33,12944,286,566,0,7243,10736
2023-11-01,492,AI Suite,106663,8888.58,22494,12176,3240,0,16732,5614
2023-11-01,493,Analytics,10356,863.0,9162,2973,2615,0,8695,32037
2023-11-01,494,AI Suite,152390,12699.17,31452,18993,1618,0,12849,30968
2023-11-01,495,AI Suite,70562,5880.17,24229,18629,9488,0,6309,22749
2023-11-01,496,Core Platform,151184,12598.67,21355,15184,3585,0,12483,37911
2023-11-01,497,Analytics,82106,6842.17,19681,17472,9059,0,20370,14793
2023-11-01,498,AI Suite,129717,10809.75,13871,7014,8184,0,11374,16846
2023-11-01,499,Core Platform,105014,8751.17,26702,18106,8313,0,27444,3405
2023-11-01,500,Security,151266,12605.5,7543,14154,7058,0,20298,31032
2023-12-01,1,Analytics,147368,12280.67,45463,6617,7194,0,2466,24166
2023-12-01,2,AI Suite,136981,11415.08,7200,17118,4348,0,2869,24858
2023-12-01,3,AI Suite,115492,9624.33,33362,13106,3869,0,17916,26061
2023-12-01,4,AI Suite,130459,10871.58,44518,10748,8467,0,16451,35411
2023-12-01,5,Core Platform,46030,3835.83,14497,7520,8183,0,10949,19522
2023-12-01,6,Security,14847,1237.25,47165,15117,9389,0,519,32001
2023-12-01,7,Enterprise,121071,10089.25,39043,4852,3516,0,19818,30979
2023-12-01,8,Core Platform,104857,8738.08,47670,92,108,0,14716,4577
2023-12-01,9,Core Platform,149267,12438.92,30483,15894,7189,0,10039,12847
2023-12-01,10,Core Platform,143428,11952.33,15137,12492,9251,0,13790,5291
2023-12-01,11,Security,149967,12497.25,49803,17331,6363,0,4154,28330
2023-12-01,12,AI Suite,9111,759.25,39756,1,994,0,8758,36571
2023-12-01,13,Core Platform,12159,1013.25,15763,14010,9216,0,8203,36226
2023-12-01,14,Core Platform,19271,1605.92,18872,3017,9573,0,17227,30726
2023-12-01,15,Security,107177,8931.42,40708,15644,2649,0,23701,19956
2023-12-01,16,AI Suite,3459,288.25,14321,1428,3320,0,28260,10832
2023-12-01,17,Security,138971,11580.92,49028,11623,5697,0,9170,31928
2023-12-01,18,Enterprise,134759,11229.92,30949,15366,8165,0,3366,9137
2023-12-01,19,AI Suite,92910,7742.5,19343,14917,4104,0,4193,24699
2023-12-01,20,Security,82202,6850.17,43157,8358,4691,0,28049,2560
2023-12-01,21,AI Suite,121584,10132.0,23289,15092,5225,0,7536,10117
2023-12-01,22,Enterprise,79683,6640.25,43636,8002,83,0,20380,22587
2023-12-01,23,Enterprise,108888,9074.0,1318,7244,8721,0,26872,8900
2023-12-01,24,Analytics,58655,4887.92,26006,2752,6085,0,17617,20441
2023-12-01,25,Enterprise,51128,4260.67,25210,10559,434,0,23664,29675
2023-12-01,26,AI Suite,66232,5519.33,19929,18117,6998,0,9228,1663
2023-12-01,27,Core Platform,34716,2893.0,27792,1238,2230,0,9845,14550
2023-12-01,28,Security,133024,11085.33,6699,4687,8270,0,11164,10471
2023-12-01,29,Core Platform,83406,6950.5,10724,18406,4791,0,4551,34801
2023-12-01,30,AI Suite,133279,11106.58,42908,16324,1189,0,26244,34192
2023-12-01,31,AI Suite,64800,5400.0,38103,18980,7900,0,6714,20623
2023-12-01,32,Core Platform,129652,10804.33,41423,15518,6196,0,13067,28168
2023-12-01,33,Enterprise,152065,12672.08,22128,5279,312,0,13701,26046
2023-12-01,34,Security,92902,7741.83,46784,16720,6350,0,21360,29211
2023-12-01,35,Core Platform,93794,7816.17,20795,3159,7111,0,11163,35197
2023-12-01,36,AI Suite,5273,439.42,49367,6341,8308,0,5408,16562
2023-12-01,37,Enterprise,43987,3665.58,3806,10954,3343,0,9554,31575
2023-12-01,38,Enterprise,103762,8646.83,47768,6698,8381,0,1015,20706
2023-12-01,39,Core Platform,43404,3617.0,45630,17175,3096,0,4431,19497
2023-12-01,40,Core Platform,8793,732.75,30206,9763,970,89090,509,8011
2023-12-01,41,AI Suite,104373,8697.75,19091,8996,9437,0,5548,15192
2023-12-01,42,Security,113883,9490.25,47385,9796,3587,0,29885,8654
2023-12-01,43,Core Platform,110884,9240.33,48680,13594,9618,0,10750,25395
2023-12-01,44,Core Platform,109599,9133.25,47378,17965,267,0,6973,18853
2023-12-01,45,AI Suite,69499,5791.58,27046,5494,3526,0,22775,26044
2023-12-01,46,Core Platform,84323,7026.92,44357,19531,3508,0,16046,5990
2023-12-01,47,Enterprise,113645,9470.42,46576,8018,7185,0,20540,11985
2023-12-01,48,Security,104325,8693.75,25491,12765,5335,0,22727,11634
2023-12-01,49,Analytics,101621,8468.42,27992,18165,9817,0,13986,39498
2023-12-01,50,Enterprise,141586,11798.83,37676,5877,1829,0,18846,32825
2023-12-01,51,Analytics,104138,8678.17,25340,15359,3636,0,10608,11667
2023-12-01,52,Security,151043,12586.92,1176,5710,3204,0,21117,15655
2023-12-01,53,AI Suite,116325,9693.75,20085,11198,2386,0,4280,15458
2023-12-01,54,Enterprise,89837,7486.42,10946,9714,9048,0,14918,26907
2023-12-01,55,AI Suite,44010,3667.5,48991,19201,9644,0,19106,18552
2023-12-01,56,Security,84198,7016.5,40011,14107,4059,0,2656,8104
2023-12-01,57,Enterprise,144717,12059.75,33225,4075,891,0,11394,14539
2023-12-01,58,Security,120931,10077.58,44546,16196,4692,0,10279,19984
2023-12-01,59,Enterprise,99882,8323.5,15265,5944,6988,0,23615,25916
2023-12-01,60,Security,122294,10191.17,20649,16155,7337,0,6739,13460
2023-12-01,61,Enterprise,67447,5620.58,27356,14570,871,0,4378,23077
2023-12-01,62,AI Suite,144552,12046.0,49524,5375,3849,0,25537,20286
2023-12-01,63,Enterprise,67844,5653.67,43377,19300,514,0,2102,17624
2023-12-01,64,AI Suite,130451,10870.92,24882,9222,5105,0,8822,19672
2023-12-01,65,Security,28186,2348.83,47672,4964,9734,0,1194,20555
2023-12-01,66,Analytics,103873,8656.08,15414,19347,5989,0,2235,33912
2023-12-01,67,Security,45996,3833.0,15492,152,6843,0,28694,27233
2023-12-01,68,Enterprise,125164,10430.33,4081,2537,4659,0,12197,23391
2023-12-01,69,Core Platform,75177,6264.75,37694,10857,9643,0,5862,5476
2023-12-01,70,Analytics,53093,4424.42,43530,19832,3804,0,16486,28953
2023-12-01,71,Security,146877,12239.75,38536,6980,645,0,17761,35994
2023-12-01,72,Enterprise,0,0.0,33381,1610,4322,98321,7815,5869
2023-12-01,73,AI Suite,75870,6322.5,26257,16436,9585,0,2835,30803
2023-12-01,74,Enterprise,123065,10255.42,40087,514,7466,0,2467,35926
2023-12-01,75,Analytics,11889,990.75,21265,18747,6858,23988,15918,16735
2023-12-01,76,Security,75558,6296.5,2942,16532,9431,0,2485,33070
2023-12-01,77,Analytics,80221,6685.08,14320,8308,9555,0,16514,28386
2023-12-01,78,Core Platform,37343,3111.92,10419,16774,8828,0,10666,26228
2023-12-01,79,AI Suite,133857,11154.75,7555,6166,9126,0,5342,8271
2023-12-01,80,Core Platform,79455,6621.25,47606,18241,9201,0,4259,29699
2023-12-01,81,Core Platform,21009,1750.75,38351,111,3450,0,22239,35292
2023-12-01,82,AI Suite,44032,3669.33,49379,4955,8541,0,6133,26529
2023-12-01,83,Enterprise,13978,1164.83,10992,2117,9552,0,9293,4824
2023-12-01,84,AI Suite,38098,3174.83,35831,4997,4960,0,15282,29080
2023-12-01,85,AI Suite,101242,8436.83,46996,9627,1163,0,1693,38128
2023-12-01,86,Security,142237,11853.08,3595,17291,8942,0,26074,12776
2023-12-01,87,Analytics,119102,9925.17,12277,2603,997,0,11099,36706
2023-12-01,88,Core Platform,127359,10613.25,2687,637,4522,0,1503,1989
2023-12-01,89,Analytics,33559,2796.58,14865,8094,3355,0,13345,33254
2023-12-01,90,Core Platform,35353,2946.08,37836,18390,9300,0,5725,12708
2023-12-01,91,AI Suite,118251,9854.25,3859,1841,6367,0,29468,19627
2023-12-01,92,AI Suite,92226,7685.5,45652,8562,3854,0,20859,35588
2023-12-01,93,Analytics,31310,2609.17,46794,5342,7879,0,4728,35586
2023-12-01,94,Enterprise,60506,5042.17,6908,11607,2590,0,29347,39202
2023-12-01,95,Enterprise,118127,9843.92,37207,15796,8665,0,26952,30589
2023-12-01,96,Security,120334,10027.83,16628,2734,5094,0,5471,2730
2023-12-01,97,AI Suite,116730,9727.5,10311,6070,8519,0,16699,28127
2023-12-01,98,Enterprise,145779,12148.25,32593,13093,7015,0,9267,32786
2023-12-01,99,AI Suite,111764,9313.67,27245,6848,9442,0,12121,3560
2023-12-01,100,Security,143649,11970.75,15996,8345,6155,0,22898,30454
2023-12-01,101,Security,100110,8342.5,13830,10386,5822,0,10570,21163
2023-12-01,102,AI Suite,72653,6054.42,19837,968,9160,0,16986,20068
2023-12-01,103,Enterprise,22486,1873.83,48163,18267,5667,0,12667,17145
2023-12-01,104,Enterprise,121941,10161.75,36120,10444,2588,0,26515,3363
2023-12-01,105,Analytics,135325,11277.08,29854,16197,525,0,18537,1308
2023-12-01,106,Core Platform,115275,9606.25,17160,1892,7140,0,22291,27931
2023-12-01,107,Security,120065,10005.42,8900,747,4607,0,22123,21510
2023-12-01,108,Security,92355,7696.25,30020,12545,9675,0,7739,3115
2023-12-01,109,Enterprise,96831,8069.25,2542,14569,29,0,14410,2084
2023-12-01,110,Core Platform,0,0.0,4545,996,3607,35766,4104,1536
2023-12-01,111,Core Platform,42070,3505.83,7034,13882,3266,0,1004,31735
2023-12-01,112,Enterprise,32858,2738.17,11922,18236,7362,0,17993,26916
2023-12-01,113,Enterprise,132561,11046.75,33099,5299,410,0,14562,26297
2023-12-01,114,Enterprise,66223,5518.58,13961,16556,4619,0,1623,15389
2023-12-01,115,Enterprise,82272,6856.0,46528,5200,2287,0,23700,29809
2023-12-01,116,Enterprise,51580,4298.33,36873,12622,5253,0,7488,5343
2023-12-01,117,Analytics,139476,11623.0,24644,14639,8458,0,25600,8702
2023-12-01,118,Core Platform,13052,1087.67,34530,9940,2171,0,11694,25912
2023-12-01,119,AI Suite,121087,10090.58,11170,13310,1604,0,18327,29359
2023-12-01,120,Analytics,14168,1180.67,6308,6039,1975,0,2154,9912
2023-12-01,121,AI Suite,133147,11095.58,34371,11716,5666,0,23826,15886
2023-12-01,122,Security,138763,11563.58,13083,16847,2622,0,25253,23420
2023-12-01,123,Core Platform,52935,4411.25,38123,4757,1665,0,5329,33159
2023-12-01,124,Core Platform,42740,3561.67,21759,18433,5500,0,8598,10596
2023-12-01,125,Enterprise,136926,11410.5,6401,8229,9782,0,9780,10692
2023-12-01,126,Security,124671,10389.25,31846,11650,1286,0,26718,35785
2023-12-01,127,Analytics,103481,8623.42,2519,9786,7865,0,23535,35850
2023-12-01,128,Enterprise,119179,9931.58,6710,12708,7728,0,12124,33544
2023-12-01,129,Core Platform,31557,2629.75,37545,2072,9595,0,12650,34483
2023-12-01,130,AI Suite,14735,1227.92,16503,1986,3647,0,25361,20420
2023-12-01,131,Enterprise,35245,2937.08,28379,15860,7436,0,24524,33328
2023-12-01,132,AI Suite,19349,1612.42,10400,13307,262,0,11747,29184
2023-12-01,133,AI Suite,31055,2587.92,25949,15783,6689,0,3708,36699
2023-12-01,134,Security,85162,7096.83,34546,15987,2546,0,3279,27501
2023-12-01,135,Enterprise,79781,6648.42,4036,4645,2979,0,14219,37680
2023-12-01,136,AI Suite,117321,9776.75,37568,12748,9055,0,16442,26017
2023-12-01,137,AI Suite,127104,10592.0,44891,829,548,0,15255,22400
2023-12-01,138,AI Suite,95651,7970.92,10609,8411,5057,0,17599,31553
2023-12-01,139,Security,3512,292.67,7946,3371,5190,0,20914,16156
2023-12-01,140,Core Platform,149837,12486.42,4382,18029,6507,0,14633,27643
2023-12-01,141,Enterprise,86387,7198.92,10284,16192,508,0,1930,2744
2023-12-01,142,Security,131476,10956.33,6836,11633,6704,0,3140,37033
2023-12-01,143,Analytics,37086,3090.5,13982,9553,3654,0,3719,28375
2023-12-01,144,Security,86818,7234.83,7155,15953,164,0,5929,13754
2023-12-01,145,Core Platform,12601,1050.08,40540,10652,8672,0,18533,19795
2023-12-01,146,Enterprise,46108,3842.33,9456,14185,4891,0,26082,8781
2023-12-01,147,Core Platform,86280,7190.0,16449,14230,126,0,15572,21847
2023-12-01,148,Analytics,158216,13184.67,21363,19767,5014,0,29213,8905
2023-12-01,149,AI Suite,143569,11964.08,13719,12679,8198,0,29150,37537
2023-12-01,150,Core Platform,79033,6586.08,34350,10912,9061,0,11937,4513
2023-12-01,151,Core Platform,59846,4987.17,39460,9171,4919,0,10551,24094
2023-12-01,152,AI Suite,87346,7278.83,28810,8893,7915,0,3758,3867
2023-12-01,153,Security,135093,11257.75,33127,11168,8174,0,14077,7458
2023-12-01,154,Security,144505,12042.08,11113,3055,3630,0,18650,33787
2023-12-01,155,Security,62108,5175.67,32696,12116,8721,0,29184,31514
2023-12-01,156,Analytics,28129,2344.08,15866,12939,6922,0,19598,13827
2023-12-01,157,AI Suite,86795,7232.92,35309,2266,304,0,12849,20518
2023-12-01,158,Analytics,34136,2844.67,33878,5627,9971,0,4213,29817
2023-12-01,159,Enterprise,131171,10930.92,45305,3472,5147,0,15474,25195
2023-12-01,160,Core Platform,116795,9732.92,33248,8019,7138,0,27725,22681
2023-12-01,161,Analytics,77062,6421.83,46235,15431,7829,0,7590,22395
2023-12-01,162,Enterprise,106088,8840.67,25837,18791,8954,0,27664,32976
2023-12-01,163,Enterprise,18362,1530.17,10328,10095,3536,0,18988,25964
2023-12-01,164,Security,59838,4986.5,36272,7328,5392,0,21643,32055
2023-12-01,165,Core Platform,80909,6742.42,10710,18470,1372,0,26458,35187
2023-12-01,166,AI Suite,57209,4767.42,14309,7781,6570,0,445,8327
2023-12-01,167,Security,18143,1511.92,6461,5716,3969,0,12193,7106
2023-12-01,168,AI Suite,78855,6571.25,31793,1220,5442,0,23138,3206
2023-12-01,169,Analytics,42784,3565.33,42707,8907,9769,0,4530,18203
2023-12-01,170,AI Suite,131201,10933.42,14496,6280,7279,0,19030,34592
2023-12-01,171,Analytics,66044,5503.67,19749,1360,1654,0,7609,31001
2023-12-01,172,AI Suite,150859,12571.58,22883,5508,2520,0,25849,27538
2023-12-01,173,Analytics,62227,5185.58,22349,13505,2179,0,17872,1953
2023-12-01,174,AI Suite,112479,9373.25,1336,9291,9673,0,573,22247
2023-12-01,175,AI Suite,136128,11344.0,49511,6917,5930,0,29501,27582
2023-12-01,176,AI Suite,144619,12051.58,15071,4207,8596,0,5226,28728
2023-12-01,177,Enterprise,44099,3674.92,14002,18991,3908,0,28390,9190
2023-12-01,178,Core Platform,130850,10904.17,6208,9039,5784,0,3565,12937
2023-12-01,179,AI Suite,142848,11904.0,23556,8948,1669,0,18385,26758
2023-12-01,180,Core Platform,143053,11921.08,35351,17827,1896,0,23477,21631
2023-12-01,181,AI Suite,13568,1130.67,24549,15095,9643,0,12165,9513
2023-12-01,182,Core Platform,0,0.0,15435,2583,6471,23538,18386,14231
2023-12-01,183,Enterprise,110062,9171.83,35098,14270,6052,0,23053,33901
2023-12-01,184,Enterprise,131415,10951.25,6621,10224,9081,0,24118,9319
2023-12-01,185,Enterprise,31192,2599.33,42356,7104,5640,0,2946,36633
2023-12-01,186,Enterprise,61602,5133.5,31232,12876,815,0,20693,29053
2023-12-01,187,Core Platform,113920,9493.33,47066,3155,9741,0,23023,368
2023-12-01,188,Core Platform,117012,9751.0,36644,18123,9556,0,5311,25762
2023-12-01,189,Core Platform,137295,11441.25,43720,1623,9192,0,4457,6546
2023-12-01,190,Core Platform,54579,4548.25,3472,691,429,0,2812,1557
2023-12-01,191,Core Platform,44074,3672.83,36095,7710,1251,0,646,7816
2023-12-01,192,AI Suite,109565,9130.42,31955,8202,1912,0,25779,19857
2023-12-01,193,Security,58356,4863.0,5364,14487,9526,0,26985,38688
2023-12-01,194,Security,85225,7102.08,1063,13269,5237,0,9224,20970
2023-12-01,195,Analytics,64328,5360.67,24582,3283,2524,0,28708,16142
2023-12-01,196,Security,21899,1824.92,37750,13641,5547,0,8760,30545
2023-12-01,197,Security,16004,1333.67,3851,16748,744,34586,5368,13761
2023-12-01,198,Enterprise,132888,11074.0,29425,8045,8513,0,21152,12106
2023-12-01,199,AI Suite,134536,11211.33,2168,6159,154,0,814,16934
2023-12-01,200,Security,44473,3706.08,5255,5393,1869,0,12469,35162
2023-12-01,201,Security,11199,933.25,4643,4799,8019,0,23328,25127
2023-12-01,202,Security,61255,5104.58,22221,6506,3126,0,10958,13263
2023-12-01,203,Analytics,34353,2862.75,39940,18071,9428,0,11593,28419
2023-12-01,204,Core Platform,21956,1829.67,10507,18201,2476,0,25509,14242
2023-12-01,205,Core Platform,39655,3304.58,27189,5269,2211,0,22822,23070
2023-12-01,206,AI Suite,78146,6512.17,8073,1447,2243,0,11581,8631
2023-12-01,207,AI Suite,13208,1100.67,44375,9151,1916,0,9642,6303
2023-12-01,208,Core Platform,10764,897.0,6771,954,5756,0,15017,26908
2023-12-01,209,Enterprise,50524,4210.33,40916,14582,7990,0,12147,34700
2023-12-01,210,Security,55420,4618.33,29947,5650,2226,0,10915,20652
2023-12-01,211,Enterprise,139069,11589.08,35073,13458,2519,0,18604,38607
2023-12-01,212,Enterprise,142048,11837.33,49033,12388,8261,0,8701,13338
2023-12-01,213,Enterprise,44114,3676.17,24183,3117,3024,0,7229,17042
2023-12-01,214,Enterprise,68768,5730.67,47213,4511,1504,0,7662,18448
2023-12-01,215,Security,111826,9318.83,20698,11122,252,0,15125,8559
2023-12-01,216,AI Suite,68544,5712.0,28180,9924,8431,0,2877,14836
2023-12-01,217,AI Suite,14665,1222.08,49120,4167,6954,0,9545,35110
2023-12-01,218,Analytics,19211,1600.92,40769,1626,81,0,9873,14304
2023-12-01,219,Enterprise,133691,11140.92,41604,335,4414,0,23326,18571
2023-12-01,220,AI Suite,82926,6910.5,1712,11874,8722,0,5282,2100
2023-12-01,221,Core Platform,47569,3964.08,27748,12142,3507,0,17984,29731
2023-12-01,222,Enterprise,58056,4838.0,19278,14125,6884,0,24274,26078
2023-12-01,223,Core Platform,13356,1113.0,34889,15027,1671,135999,4175,9354
2023-12-01,224,Security,84148,7012.33,44812,2901,5432,0,7564,21231
2023-12-01,225,AI Suite,157666,13138.83,8093,16152,1834,0,26106,7667
2023-12-01,226,Security,62036,5169.67,18302,192,3779,0,16932,35719
2023-12-01,227,Security,9873,822.75,36667,2749,7811,0,19151,23140
2023-12-01,228,AI Suite,12125,1010.42,22750,5235,5621,0,4704,15714
2023-12-01,229,Core Platform,94601,7883.42,28494,18,732,0,24837,38404
2023-12-01,230,Core Platform,108573,9047.75,39714,8465,9028,0,602,21251
2023-12-01,231,Core Platform,116808,9734.0,27379,13663,251,0,20351,7665
2023-12-01,232,Enterprise,51128,4260.67,30741,10421,153,0,9524,22655
2023-12-01,233,Enterprise,81732,6811.0,22456,95,9330,0,622,15627
2023-12-01,234,AI Suite,127868,10655.67,15867,7626,128,0,6387,36258
2023-12-01,235,Core Platform,42535,3544.58,46500,7184,9944,0,9823,25683
2023-12-01,236,Enterprise,47689,3974.08,37345,7614,9692,0,24546,19509
2023-12-01,237,Enterprise,68620,5718.33,22019,2484,5752,0,14000,17551
2023-12-01,238,Security,113970,9497.5,33877,18043,9070,0,7423,26973
2023-12-01,239,Enterprise,68403,5700.25,19672,16893,1589,0,17261,10599
2023-12-01,240,Security,63204,5267.0,16571,7357,2262,0,26389,13609
2023-12-01,241,Security,13467,1122.25,31266,1679,2027,0,28504,32606
2023-12-01,242,Analytics,141605,11800.42,17016,377,958,0,9112,31801
2023-12-01,243,Analytics,109014,9084.5,23798,15152,9009,0,8734,32762
2023-12-01,244,AI Suite,136306,11358.83,20844,14136,5744,0,12569,16529
2023-12-01,245,Security,39046,3253.83,11725,15917,5016,0,17480,37063
2023-12-01,246,Core Platform,60823,5068.58,38313,786,6783,0,405,19949
2023-12-01,247,Core Platform,60593,5049.42,21184,16766,8192,0,5744,34169
2023-12-01,248,Enterprise,119047,9920.58,8048,13498,3970,0,25632,19718
2023-12-01,249,AI Suite,65874,5489.5,23999,13126,4236,0,27664,3974
2023-12-01,250,AI Suite,62136,5178.0,22412,16811,5225,0,8390,16905
2023-12-01,251,AI Suite,19784,1648.67,20822,1111,7088,0,20679,19940
2023-12-01,252,Security,118547,9878.92,37018,13576,7084,0,25368,20784
2023-12-01,253,Security,131726,10977.17,37231,10314,6615,0,817,18840
2023-12-01,254,Security,78986,6582.17,40227,5481,757,0,24336,30485
2023-12-01,255,Analytics,33444,2787.0,23449,9564,1327,0,23600,36334
2023-12-01,256,Enterprise,126902,10575.17,40385,12182,3759,0,4126,936
2023-12-01,257,Analytics,2626,218.83,22239,6119,3493,87320,29499,23022
2023-12-01,258,Security,103544,8628.67,47063,19769,453,0,15101,8866
2023-12-01,259,AI Suite,70750,5895.83,38851,12968,672,0,57,5798
2023-12-01,260,Security,117744,9812.0,43006,9009,7479,0,6401,1272
2023-12-01,261,Core Platform,85563,7130.25,34233,77,3343,0,17729,9153
2023-12-01,262,Security,85913,7159.42,41819,19799,4006,0,1448,11504
2023-12-01,263,Analytics,97791,8149.25,39225,4118,3299,0,29346,32776
2023-12-01,264,AI Suite,103286,8607.17,35549,17549,9291,0,6642,22389
2023-12-01,265,Analytics,90865,7572.08,6732,11820,225,0,20122,787
2023-12-01,266,AI Suite,15769,1314.08,7623,8415,2648,0,21769,10131
2023-12-01,267,Security,16296,1358.0,27565,19785,3489,57068,12683,31394
2023-12-01,268,Analytics,158349,13195.75,10599,18703,4306,0,8281,28298
2023-12-01,269,Security,44396,3699.67,49860,1344,3567,0,16446,6654
2023-12-01,270,Core Platform,135578,11298.17,7010,7125,5365,0,13663,26697
2023-12-01,271,AI Suite,37172,3097.67,20392,3382,7206,0,17666,4367
2023-12-01,272,Security,22454,1871.17,7837,10339,3215,0,17115,21635
2023-12-01,273,AI Suite,29572,2464.33,12179,17446,4825,0,14337,25841
2023-12-01,274,Enterprise,64559,5379.92,25210,16190,1351,0,2644,17222
2023-12-01,275,Enterprise,54873,4572.75,22308,9544,5193,0,598,8003
2023-12-01,276,Security,82118,6843.17,33297,17239,5032,0,18262,2901
2023-12-01,277,Core Platform,30739,2561.58,37986,13407,2698,0,22207,10175
2023-12-01,278,Core Platform,77672,6472.67,49166,10351,5570,0,11776,39232
2023-12-01,279,Enterprise,113224,9435.33,33971,1635,5424,0,25902,12942
2023-12-01,280,AI Suite,78100,6508.33,3593,16941,4552,0,22296,31836
2023-12-01,281,Enterprise,629,52.42,42913,1199,7870,0,26201,34179
2023-12-01,282,AI Suite,124334,10361.17,17795,4472,2694,0,25219,18740
2023-12-01,283,Core Platform,112690,9390.83,22868,11761,1916,0,23546,29348
2023-12-01,284,AI Suite,105627,8802.25,9133,6264,1221,0,29011,6245
2023-12-01,285,Analytics,21855,1821.25,26794,13552,2164,0,9834,22481
2023-12-01,286,Core Platform,46495,3874.58,45153,13282,7819,0,3544,32513
2023-12-01,287,Core Platform,53799,4483.25,9890,15609,5412,0,8554,7774
2023-12-01,288,Core Platform,0,0.0,10726,1708,3106,15887,29815,16531
2023-12-01,289,Enterprise,84837,7069.75,42404,18009,8688,0,7860,17645
2023-12-01,290,Enterprise,112410,9367.5,11003,15290,8948,0,10295,3398
2023-12-01,291,Analytics,135213,11267.75,7293,14382,1012,0,18223,36592
2023-12-01,292,Enterprise,145022,12085.17,36054,3951,996,0,20645,1550
2023-12-01,293,Enterprise,9622,801.83,44686,3856,3660,0,24598,71
2023-12-01,294,Core Platform,102947,8578.92,21528,9013,5589,0,13216,5472
2023-12-01,295,Core Platform,3410,284.17,36936,5229,9931,0,15575,7190
2023-12-01,296,Enterprise,37284,3107.0,49274,7548,5723,0,21206,32317
2023-12-01,297,Analytics,70008,5834.0,11916,15891,2844,0,15707,32320
2023-12-01,298,Enterprise,133509,11125.75,16485,16691,1736,0,17388,8884
2023-12-01,299,Analytics,149552,12462.67,21298,7046,7166,0,26993,29986
2023-12-01,300,Core Platform,67008,5584.0,5989,8329,1043,0,22115,27809
2023-12-01,301,Security,56710,4725.83,22247,16449,6206,0,27352,10808
2023-12-01,302,Security,25659,2138.25,46799,4521,9572,0,21027,27820
2023-12-01,303,Enterprise,4878,406.5,36373,1353,3994,0,1885,37083
2023-12-01,304,Analytics,63868,5322.33,33819,5956,6623,0,7000,17357
2023-12-01,305,Enterprise,43393,3616.08,26175,17493,7584,0,16146,11468
2023-12-01,306,Core Platform,81065,6755.42,40022,3684,6019,0,6737,25932
2023-12-01,307,AI Suite,133719,11143.25,24738,7894,3477,0,13129,16683
2023-12-01,308,AI Suite,145405,12117.08,48416,5870,3302,0,13468,39427
2023-12-01,309,Analytics,140087,11673.92,20699,4359,2037,0,1900,36067
2023-12-01,310,Core Platform,49731,4144.25,34128,17675,9888,0,10952,13269
2023-12-01,311,AI Suite,91837,7653.08,34548,3067,3830,0,2965,3799
2023-12-01,312,AI Suite,119818,9984.83,4660,1568,6657,0,15197,11685
2023-12-01,313,Core Platform,106928,8910.67,6393,3166,5895,0,29489,36633
2023-12-01,314,Analytics,71227,5935.58,28377,3044,5677,0,13431,39798
2023-12-01,315,Core Platform,132435,11036.25,13596,2101,6107,0,24321,6525
2023-12-01,316,Core Platform,105721,8810.08,10936,15049,4159,0,29684,12191
2023-12-01,317,Analytics,113872,9489.33,16975,13347,8705,0,3345,3633
2023-12-01,318,Core Platform,144818,12068.17,13316,4848,6381,0,4593,35607
2023-12-01,319,Security,83635,6969.58,15645,11662,9234,0,3894,21349
2023-12-01,320,AI Suite,45706,3808.83,36419,358,3376,0,647,13272
2023-12-01,321,AI Suite,99326,8277.17,14344,18760,4771,0,1743,39225
2023-12-01,322,Security,32238,2686.5,14943,3182,1558,0,26984,30940
2023-12-01,323,Analytics,104283,8690.25,3102,3519,6143,0,27461,32563
2023-12-01,324,Security,56776,4731.33,48551,1020,3408,0,8668,25272
2023-12-01,325,Security,126769,10564.08,34823,311,6213,0,2754,13483
2023-12-01,326,AI Suite,121252,10104.33,22448,2122,8683,0,10475,35987
2023-12-01,327,Enterprise,146475,12206.25,46184,7872,1942,0,113,37716
2023-12-01,328,AI Suite,129408,10784.0,40083,9359,8945,0,23370,33596
2023-12-01,329,Core Platform,98967,8247.25,35892,6517,9014,0,9124,10268
2023-12-01,330,AI Suite,100813,8401.08,35327,5544,4357,0,14402,22660
2023-12-01,331,Core Platform,109394,9116.17,25617,19171,4624,0,26440,22472
2023-12-01,332,Analytics,46320,3860.0,32677,4875,6799,0,563,37843
2023-12-01,333,AI Suite,53080,4423.33,45745,3222,2622,0,9334,38891
2023-12-01,334,Security,106844,8903.67,13331,11046,8258,0,12073,17831
2023-12-01,335,AI Suite,98574,8214.5,2350,6358,963,0,12464,19309
2023-12-01,336,AI Suite,37551,3129.25,42160,11702,7682,0,5649,6586
2023-12-01,337,Analytics,59288,4940.67,37982,2004,972,0,15418,29156
2023-12-01,338,Enterprise,12344,1028.67,25381,231,4373,0,6640,4004
2023-12-01,339,Enterprise,126508,10542.33,18724,2261,7949,0,1664,6448
2023-12-01,340,Analytics,11341,945.08,37049,4360,9932,0,16720,18913
2023-12-01,341,AI Suite,53011,4417.58,31532,10026,9738,0,14795,18407
2023-12-01,342,AI Suite,81487,6790.58,18067,13753,3394,0,4979,5480
2023-12-01,343,Core Platform,135594,11299.5,36773,15450,9934,0,27977,17391
2023-12-01,344,Security,142349,11862.42,24205,4405,3914,0,2255,39357
2023-12-01,345,Security,100206,8350.5,22967,8406,3241,0,15524,17567
2023-12-01,346,AI Suite,122606,10217.17,48737,14186,4439,0,24962,11719
2023-12-01,347,Enterprise,32144,2678.67,13650,12781,97,0,27388,4698
2023-12-01,348,AI Suite,35777,2981.42,10378,11080,2064,0,4645,34766
2023-12-01,349,Security,109414,9117.83,37044,5197,4587,0,28947,34273
2023-12-01,350,Security,65564,5463.67,12093,7804,1300,0,8933,13142
2023-12-01,351,Core Platform,37892,3157.67,45152,2914,8476,0,11055,26619
2023-12-01,352,Security,26916,2243.0,13139,16692,7013,0,25313,3847
2023-12-01,353,Analytics,116713,9726.08,28349,11075,8188,0,4627,12659
2023-12-01,354,Security,9079,756.58,3126,17939,8860,46137,640,10895
2023-12-01,355,AI Suite,55845,4653.75,27452,1072,8303,0,11107,9200
2023-12-01,356,Core Platform,118596,9883.0,5079,2668,4750,0,15100,14343
2023-12-01,357,Analytics,123864,10322.0,48539,7374,560,0,28598,29203
2023-12-01,358,Security,44730,3727.5,11767,15556,9746,0,29583,31909
2023-12-01,359,Security,119274,9939.5,38796,3123,4464,0,29175,16092
2023-12-01,360,Enterprise,12794,1066.17,14137,8658,6247,0,22605,1796
2023-12-01,361,Analytics,104518,8709.83,37303,14370,7174,0,13573,39199
2023-12-01,362,Security,31453,2621.08,31361,11125,2616,0,25281,8847
2023-12-01,363,Analytics,126829,10569.08,11951,8549,8,0,20769,38830
2023-12-01,364,Core Platform,45997,3833.08,39178,7507,1650,0,20058,13259
2023-12-01,365,Enterprise,93185,7765.42,8737,9117,5355,0,17,28464
2023-12-01,366,Security,141448,11787.33,49289,17964,9383,0,23242,34125
2023-12-01,367,Analytics,46136,3844.67,39106,1305,6729,0,26767,14516
2023-12-01,368,Security,60487,5040.58,21084,4860,1116,0,3161,11253
2023-12-01,369,Core Platform,35057,2921.42,26840,11648,1997,0,18098,39609
2023-12-01,370,Enterprise,92630,7719.17,47946,11462,5895,0,9700,4565
2023-12-01,371,Enterprise,70406,5867.17,22824,4740,3265,0,22027,25794
2023-12-01,372,Security,25394,2116.17,1582,1600,130,0,8524,7155
2023-12-01,373,Core Platform,11082,923.5,48209,4854,3568,0,24118,36645
2023-12-01,374,Core Platform,60933,5077.75,23583,17217,7107,0,28686,31900
2023-12-01,375,Enterprise,137260,11438.33,33292,3095,3775,0,25305,13748
2023-12-01,376,Analytics,76702,6391.83,32814,12100,4178,0,24098,31044
2023-12-01,377,Core Platform,127494,10624.5,36610,3125,566,0,11906,3052
2023-12-01,378,Enterprise,45998,3833.17,2470,5620,9939,0,11346,9449
2023-12-01,379,Analytics,102969,8580.75,6134,17436,3401,0,29055,8627
2023-12-01,380,Enterprise,73003,6083.58,44359,4963,1084,0,16132,27024
2023-12-01,381,AI Suite,145048,12087.33,42951,1631,5006,0,11502,21711
2023-12-01,382,Enterprise,62885,5240.42,19215,15275,2696,0,22832,30848
2023-12-01,383,AI Suite,159697,13308.08,12358,13736,2739,0,24777,1840
2023-12-01,384,Core Platform,146879,12239.92,46637,10271,9081,0,6383,20279
2023-12-01,385,AI Suite,143914,11992.83,9533,9844,937,0,14706,9319
2023-12-01,386,Enterprise,71370,5947.5,39843,18940,4493,0,20432,12375
2023-12-01,387,Security,128081,10673.42,45903,11412,5796,0,27968,19198
2023-12-01,388,AI Suite,95054,7921.17,5372,9217,8208,0,24041,23180
2023-12-01,389,Analytics,58668,4889.0,18683,14238,61,0,16455,20472
2023-12-01,390,Security,58593,4882.75,31241,1212,5755,0,8879,8702
2023-12-01,391,Enterprise,48784,4065.33,20592,9253,4141,0,7618,24852
2023-12-01,392,AI Suite,129320,10776.67,17297,3201,5497,0,20843,21980
2023-12-01,393,Analytics,89724,7477.0,10356,9968,1523,0,20542,17570
2023-12-01,394,Security,137081,11423.42,37977,12085,7041,0,13445,2096
2023-12-01,395,AI Suite,72825,6068.75,19502,3635,6820,0,8374,2283
2023-12-01,396,Analytics,135113,11259.42,5266,18456,9884,0,29482,14508
2023-12-01,397,Core Platform,31008,2584.0,3182,11994,7600,0,16259,18120
2023-12-01,398,Core Platform,13535,1127.92,7142,1193,4482,0,15711,19747
2023-12-01,399,Security,53189,4432.42,1625,18141,1932,0,6091,10922
2023-12-01,400,Analytics,144871,12072.58,13769,5945,9500,0,7039,35807
2023-12-01,401,Security,45197,3766.42,36362,6068,4385,0,7815,12058
2023-12-01,402,AI Suite,84033,7002.75,22936,4229,2376,0,20352,8911
2023-12-01,403,AI Suite,124632,10386.0,41848,2510,4059,0,28159,8060
2023-12-01,404,Core Platform,514,42.83,19484,974,460,138567,19658,7598
2023-12-01,405,Security,46880,3906.67,35610,15395,2415,0,4470,22288
2023-12-01,406,AI Suite,118113,9842.75,27173,16169,8904,0,11320,32707
2023-12-01,407,Core Platform,85202,7100.17,47114,18973,1571,0,18341,25476
2023-12-01,408,Enterprise,108182,9015.17,42952,5269,7763,0,18280,39629
2023-12-01,409,Core Platform,13374,1114.5,20454,5289,5477,0,13510,19005
2023-12-01,410,Enterprise,70389,5865.75,24002,8896,2759,0,1313,38242
2023-12-01,411,Analytics,105075,8756.25,35370,4859,9245,0,17351,23695
2023-12-01,412,Core Platform,27137,2261.42,25406,3570,5593,0,474,11365
2023-12-01,413,Security,57800,4816.67,3799,2131,2722,0,29175,31976
2023-12-01,414,Analytics,7214,601.17,44914,1328,8122,0,4970,8440
2023-12-01,415,Security,0,0.0,6006,1055,9287,74221,20984,11151
2023-12-01,416,AI Suite,30896,2574.67,9222,4356,2598,0,14218,1697
2023-12-01,417,Analytics,114320,9526.67,26631,6786,2900,0,6178,37862
2023-12-01,418,Security,20717,1726.42,37880,11694,9492,0,964,570
2023-12-01,419,AI Suite,100440,8370.0,18406,18016,867,0,2454,33841
2023-12-01,420,Enterprise,34530,2877.5,38729,12791,9220,0,28929,15486
2023-12-01,421,Security,32532,2711.0,47772,17213,6020,0,4642,39390
2023-12-01,422,Core Platform,50476,4206.33,16320,12864,3160,0,28575,27172
2023-12-01,423,AI Suite,100222,8351.83,28791,12921,3281,0,12807,15264
2023-12-01,424,Core Platform,137569,11464.08,37253,10421,3645,0,9841,12733
2023-12-01,425,Analytics,104373,8697.75,24206,7877,2843,0,28786,3272
2023-12-01,426,Security,110323,9193.58,19819,15520,9062,0,22806,30902
2023-12-01,427,Analytics,38699,3224.92,14727,8060,5595,0,10708,6653
2023-12-01,428,AI Suite,131890,10990.83,11182,4594,1760,0,6792,32826
2023-12-01,429,Security,50535,4211.25,22248,14001,6274,0,22797,11626
2023-12-01,430,Security,108207,9017.25,32607,18914,1647,0,5399,33928
2023-12-01,431,Analytics,46676,3889.67,29615,17386,1018,0,4566,32978
2023-12-01,432,Analytics,129927,10827.25,35632,2621,7062,0,1979,29622
2023-12-01,433,AI Suite,36541,3045.08,11450,15130,5849,0,5333,6007
2023-12-01,434,Core Platform,79826,6652.17,48162,17847,2607,0,29369,35094
2023-12-01,435,Security,9974,831.17,39947,19327,9353,83704,10844,9536
2023-12-01,436,Enterprise,109894,9157.83,48472,8377,3654,0,20986,9244
2023-12-01,437,Security,108688,9057.33,19005,16490,4592,0,16217,4928
2023-12-01,438,Enterprise,112624,9385.33,14691,10157,3925,0,4362,3367
2023-12-01,439,Core Platform,100271,8355.92,29554,531,3162,0,20557,12170
2023-12-01,440,Enterprise,39641,3303.42,5948,17051,7645,0,27170,38862
2023-12-01,441,Core Platform,153425,12785.42,35934,14534,1651,0,29043,12715
2023-12-01,442,AI Suite,46015,3834.58,30888,17870,3337,0,22926,34656
2023-12-01,443,AI Suite,134542,11211.83,29137,13515,537,0,22761,39310
2023-12-01,444,AI Suite,757,63.08,28744,2305,1548,50709,3922,35071
2023-12-01,445,AI Suite,60989,5082.42,42957,13568,4460,0,8680,23072
2023-12-01,446,Analytics,67479,5623.25,19084,15203,8252,0,3980,6189
2023-12-01,447,Enterprise,30899,2574.92,10155,8738,134,0,2659,11323
2023-12-01,448,Core Platform,38248,3187.33,18394,12103,2626,0,17571,13837
2023-12-01,449,AI Suite,104861,8738.42,43708,12569,6734,0,1153,33198
2023-12-01,450,AI Suite,93938,7828.17,12721,3514,5206,0,18742,34393
2023-12-01,451,AI Suite,32364,2697.0,40436,8352,3594,0,14164,30478
2023-12-01,452,AI Suite,18194,1516.17,18828,7405,6991,0,3347,4747
2023-12-01,453,Enterprise,159028,13252.33,14800,13657,1736,0,15496,24264
2023-12-01,454,AI Suite,45647,3803.92,5325,11192,9883,0,25689,31298
2023-12-01,455,Analytics,44916,3743.0,44684,1510,9068,0,6974,13940
2023-12-01,456,Analytics,77227,6435.58,45559,1716,2913,0,8461,5787
2023-12-01,457,Enterprise,123466,10288.83,13830,2622,2780,0,25320,39832
2023-12-01,458,Analytics,153210,12767.5,26318,9605,1731,0,17162,6310
2023-12-01,459,Enterprise,88781,7398.42,31880,6876,6821,0,12955,4802
2023-12-01,460,Analytics,139753,11646.08,24402,9313,4455,0,2864,11004
2023-12-01,461,Enterprise,143501,11958.42,29429,7487,4565,0,21300,6735
2023-12-01,462,AI Suite,22731,1894.25,28647,16040,924,0,15464,19917
2023-12-01,463,Security,72748,6062.33,14900,15077,8732,0,23947,9175
2023-12-01,464,Enterprise,135643,11303.58,5459,17927,3488,0,14576,33671
2023-12-01,465,Analytics,153220,12768.33,11894,19230,2315,0,21440,28585
2023-12-01,466,Core Platform,117206,9767.17,20539,2098,2926,0,4461,35523
2023-12-01,467,AI Suite,34404,2867.0,42980,12998,7569,0,4357,28519
2023-12-01,468,Core Platform,92808,7734.0,6144,19805,7926,0,20220,39204
2023-12-01,469,Core Platform,156296,13024.67,26726,7713,818,0,20314,1002
2023-12-01,470,AI Suite,5715,476.25,45446,6562,7393,0,16196,39523
2023-12-01,471,Security,57943,4828.58,29729,14700,8799,0,753,25661
2023-12-01,472,Enterprise,81024,6752.0,41886,11256,3284,0,20846,6708
2023-12-01,473,Security,58504,4875.33,11877,3134,1506,0,16531,35921
2023-12-01,474,Core Platform,5916,493.0,2401,7605,1689,146774,18272,25137
2023-12-01,475,Enterprise,48382,4031.83,46117,9571,78,0,19124,38125
2023-12-01,476,Enterprise,36594,3049.5,2911,13355,3766,0,26579,34175
2023-12-01,477,Security,27752,2312.67,8364,19039,5907,0,23071,24828
2023-12-01,478,Security,34730,2894.17,4831,18966,217,0,10235,5229
2023-12-01,479,Core Platform,126004,10500.33,31291,14272,6559,0,8580,18007
2023-12-01,480,Enterprise,68969,5747.42,32544,15084,8814,0,3174,29861
2023-12-01,481,Enterprise,105602,8800.17,17536,2467,3209,0,28712,15215
2023-12-01,482,Security,30093,2507.75,36924,4291,9770,0,20110,31600
2023-12-01,483,Analytics,34025,2835.42,5564,15589,3453,0,20594,25922
2023-12-01,484,AI Suite,49153,4096.08,32862,11659,9984,0,19661,17943
2023-12-01,485,Security,112016,9334.67,48385,17764,9373,0,4569,21955
2023-12-01,486,AI Suite,112921,9410.08,27405,252,2254,0,12896,24821
2023-12-01,487,Enterprise,14054,1171.17,7326,4424,1502,0,24177,24108
2023-12-01,488,Analytics,81769,6814.08,33360,8876,4838,0,26083,33959
2023-12-01,489,Core Platform,129401,10783.42,24815,17067,5977,0,14963,6292
2023-12-01,490,Enterprise,147435,12286.25,18655,8692,9897,0,366,12203
2023-12-01,491,Analytics,89667,7472.25,2665,11086,1247,0,27352,3490
2023-12-01,492,AI Suite,142062,11838.5,14198,10486,7975,0,5896,3625
2023-12-01,493,Enterprise,17677,1473.08,15254,965,223,0,13695,34403
2023-12-01,494,Analytics,25088,2090.67,46842,10135,8091,0,21851,22422
2023-12-01,495,AI Suite,154419,12868.25,27663,11687,4379,0,241,37379
2023-12-01,496,Security,50154,4179.5,36188,16551,905,0,26049,25437
2023-12-01,497,Security,19276,1606.33,40950,15840,5583,0,14046,29348
2023-12-01,498,Security,132104,11008.67,40527,19519,6818,0,28908,30732
2023-12-01,499,AI Suite,92667,7722.25,40258,19410,9854,0,26222,38564
2023-12-01,500,Analytics,55975,4664.58,23334,7447,4343,0,2313,29944
2024-01-01,1,Core Platform,31419,2618.25,6548,15871,807,0,22365,9644
2024-01-01,2,Core Platform,29260,2438.33,28070,967,8040,0,21151,4791
2024-01-01,3,Core Platform,110763,9230.25,41849,9719,2868,0,897,4897
2024-01-01,4,Analytics,16677,1389.75,36560,14619,9553,0,10995,24154
2024-01-01,5,Enterprise,34722,2893.5,41802,1039,676,0,5639,12832
2024-01-01,6,Analytics,100388,8365.67,19804,13074,8021,0,4712,12373
2024-01-01,7,Core Platform,138465,11538.75,16980,3001,4841,0,6781,35027
2024-01-01,8,Enterprise,64292,5357.67,10376,10015,6339,0,26472,18486
2024-01-01,9,Analytics,108075,9006.25,33892,6480,8433,0,19165,23025
2024-01-01,10,Analytics,71273,5939.42,43558,2902,3114,0,28896,1235
2024-01-01,11,Security,41456,3454.67,29770,603,2474,0,6728,37783
2024-01-01,12,Enterprise,124396,10366.33,41182,18640,9064,0,29078,1941
2024-01-01,13,Enterprise,76008,6334.0,19564,12146,439,0,7276,2339
2024-01-01,14,Security,30893,2574.42,40864,6182,6264,0,24877,33964
2024-01-01,15,Enterprise,99534,8294.5,15165,5312,1061,0,9779,15278
2024-01-01,16,AI Suite,115108,9592.33,29052,7288,1274,0,25435,5958
2024-01-01,17,Core Platform,76566,6380.5,44931,5378,1216,0,17822,6025
2024-01-01,18,Security,155908,12992.33,17477,13083,5011,0,1853,24609
2024-01-01,19,AI Suite,145430,12119.17,38989,13373,7474,0,4634,6772
2024-01-01,20,AI Suite,132349,11029.08,39088,15428,4999,0,9207,5504
2024-01-01,21,AI Suite,143285,11940.42,24983,16526,4719,0,455,27854
2024-01-01,22,Security,94299,7858.25,22437,8843,9742,0,6258,18348
2024-01-01,23,Enterprise,146998,12249.83,37771,19632,3923,0,27140,22787
2024-01-01,24,Security,43139,3594.92,27447,5789,1995,0,3150,37108
2024-01-01,25,Enterprise,51371,4280.92,21912,16336,2940,0,71,21145
2024-01-01,26,Enterprise,32480,2706.67,15659,4354,7830,0,9079,37322
2024-01-01,27,AI Suite,137641,11470.08,32240,7960,12,0,10063,13723
2024-01-01,28,AI Suite,158244,13187.0,23976,18259,9077,0,20584,18188
2024-01-01,29,Analytics,134011,11167.58,47360,3549,2556,0,1281,36753
2024-01-01,30,Analytics,97578,8131.5,18403,1654,2488,0,11674,2514
2024-01-01,31,Core Platform,118323,9860.25,19148,7196,4932,0,28582,10757
2024-01-01,32,Security,17607,1467.25,22413,14181,8980,0,13318,38522
2024-01-01,33,Core Platform,113752,9479.33,20995,3479,5093,0,22716,4402
2024-01-01,34,Enterprise,65078,5423.17,34689,15224,5497,0,10514,19318
2024-01-01,35,Analytics,80365,6697.08,35351,4252,6869,0,13281,12271
2024-01-01,36,Analytics,87118,7259.83,26789,9368,4577,0,12647,1620
2024-01-01,37,Analytics,66153,5512.75,34292,7001,3974,0,27462,2052
2024-01-01,38,AI Suite,57013,4751.08,34791,1351,4985,0,211,20490
2024-01-01,39,AI Suite,18100,1508.33,4171,8676,2918,0,9706,26118
2024-01-01,40,Core Platform,42729,3560.75,38223,1324,3220,0,2837,27489
2024-01-01,41,Enterprise,89597,7466.42,14209,13960,7826,0,12586,37141
2024-01-01,42,Enterprise,68924,5743.67,33685,6083,5489,0,22779,20866
2024-01-01,43,Analytics,102148,8512.33,11182,17786,2741,0,15849,5645
2024-01-01,44,Analytics,24896,2074.67,34224,19146,9038,0,29211,29869
2024-01-01,45,Core Platform,4456,371.33,2295,6931,2475,68853,8342,9974
2024-01-01,46,Enterprise,95034,7919.5,35844,6873,4704,0,16489,36774
2024-01-01,47,Core Platform,121641,10136.75,13159,4400,1919,0,9867,9503
2024-01-01,48,Analytics,5403,450.25,8814,7860,9807,0,25830,24029
2024-01-01,49,Core Platform,127757,10646.42,43354,17974,6517,0,20311,16106
2024-01-01,50,AI Suite,0,0.0,11539,1508,6993,62683,5305,28520
2024-01-01,51,Security,42248,3520.67,48329,5599,9809,0,11670,11158
2024-01-01,52,Core Platform,82315,6859.58,20514,11039,998,0,18555,33254
2024-01-01,53,Enterprise,54644,4553.67,16827,5417,1184,0,29918,2766
2024-01-01,54,Security,135200,11266.67,48559,2681,9894,0,19805,9906
2024-01-01,55,Analytics,102536,8544.67,11267,4660,2348,0,17236,30589
2024-01-01,56,AI Suite,63577,5298.08,25447,13271,2960,0,20487,38708
2024-01-01,57,Analytics,47894,3991.17,34762,3377,6906,0,17473,19371
2024-01-01,58,Analytics,86473,7206.08,33916,3218,2574,0,6002,9736
2024-01-01,59,Core Platform,30508,2542.33,30063,8498,8471,0,22309,30420
2024-01-01,60,Enterprise,85894,7157.83,19893,5121,5685,0,24658,20823
2024-01-01,61,Enterprise,81838,6819.83,47802,5680,5296,0,7064,18639
2024-01-01,62,Analytics,34801,2900.08,13149,8881,2112,0,11348,30987
2024-01-01,63,Core Platform,59543,4961.92,2039,1793,1343,0,28490,9557
2024-01-01,64,Analytics,127643,10636.92,25897,10371,9848,0,17500,36858
2024-01-01,65,Security,36853,3071.08,28932,6655,731,0,5561,39799
2024-01-01,66,Analytics,92628,7719.0,35417,14845,5316,0,22898,16440
2024-01-01,67,Core Platform,0,0.0,25985,1977,9601,131246,15647,17674
2024-01-01,68,AI Suite,45215,3767.92,11717,15954,2431,0,13420,20149
2024-01-01,69,Analytics,141921,11826.75,43110,4643,2340,0,23843,6373
2024-01-01,70,Enterprise,123265,10272.08,47412,18667,5158,0,13472,10887
2024-01-01,71,AI Suite,148993,12416.08,13559,5341,5074,0,29795,34900
2024-01-01,72,Security,33216,2768.0,15872,17927,3488,0,21674,22171
2024-01-01,73,Security,81797,6816.42,16764,14270,2724,0,7702,15593
2024-01-01,74,Core Platform,142231,11852.58,16399,5650,9600,0,26286,3980
2024-01-01,75,Enterprise,152530,12710.83,28792,6519,2271,0,27292,8453
2024-01-01,76,Core Platform,60270,5022.5,8102,2663,2277,0,21904,34090
2024-01-01,77,Analytics,34853,2904.42,45760,8513,8391,0,22498,17324
2024-01-01,78,Core Platform,83508,6959.0,12337,8301,9940,0,29637,14721
2024-01-01,79,Enterprise,101675,8472.92,25468,2246,4727,0,2946,28464
2024-01-01,80,Core Platform,104957,8746.42,1078,575,1174,0,29741,6517
2024-01-01,81,AI Suite,95547,7962.25,26117,19459,4180,0,28257,23189
2024-01-01,82,AI Suite,119344,9945.33,1611,9124,5518,0,13720,39045
2024-01-01,83,AI Suite,38185,3182.08,17738,2934,5612,0,18861,14110
2024-01-01,84,Analytics,115773,9647.75,1269,11904,3438,0,15611,9526
2024-01-01,85,Enterprise,60187,5015.58,5179,12757,1323,0,9154,6826
2024-01-01,86,Enterprise,75722,6310.17,42346,13715,6043,0,1951,17478
2024-01-01,87,AI Suite,132092,11007.67,29539,1292,7845,0,18645,13043
2024-01-01,88,AI Suite,84515,7042.92,21323,8260,3761,0,15158,21765
2024-01-01,89,Core Platform,138105,11508.75,10502,9926,7960,0,6154,28373
2024-01-01,90,AI Suite,24481,2040.08,29155,13229,4662,0,17468,5005
2024-01-01,91,Core Platform,136444,11370.33,18543,14957,7870,0,20498,23513
2024-01-01,92,Analytics,51332,4277.67,19648,14345,7078,0,7046,11765
2024-01-01,93,Enterprise,113656,9471.33,13155,14868,3076,0,1163,34185
2024-01-01,94,Security,20019,1668.25,17873,5521,589,0,12151,1768
2024-01-01,95,Enterprise,119710,9975.83,48932,12063,864,0,3314,12060
2024-01-01,96,Core Platform,59132,4927.67,44390,69,2996,0,24627,15254
2024-01-01,97,Enterprise,21592,1799.33,15662,7496,9299,0,16921,34370
2024-01-01,98,Enterprise,41207,3433.92,18589,8337,4047,0,13328,35561
2024-01-01,99,Core Platform,42133,3511.08,34166,3844,9612,0,11162,39694
2024-01-01,100,AI Suite,8802,733.5,10499,2091,8480,0,2511,23780
2024-01-01,101,Enterprise,84564,7047.0,29423,244,3578,0,10789,9175
2024-01-01,102,AI Suite,48043,4003.58,48276,17211,6428,0,12493,7251
2024-01-01,103,Core Platform,70652,5887.67,27759,4382,9648,0,18229,24848
2024-01-01,104,AI Suite,129863,10821.92,17942,8649,6817,0,4677,16957
2024-01-01,105,Security,2656,221.33,2732,12632,9976,48410,5546,28827
2024-01-01,106,Enterprise,124462,10371.83,48010,5531,5417,0,2589,7736
2024-01-01,107,Enterprise,79964,6663.67,1253,335,903,0,17364,25209
2024-01-01,108,Enterprise,42109,3509.08,46029,2976,25,0,21300,35059
2024-01-01,109,Security,134052,11171.0,20461,6935,1331,0,28045,27186
2024-01-01,110,Enterprise,26716,2226.33,15766,2535,9142,0,9652,12096
2024-01-01,111,Enterprise,3439,286.58,16235,9758,6319,55708,29363,13676
2024-01-01,112,AI Suite,137300,11441.67,29187,16970,4017,0,913,4126
2024-01-01,113,Security,141227,11768.92,9748,10437,8486,0,14112,5954
2024-01-01,114,Analytics,81664,6805.33,20451,8181,9078,0,28350,9543
2024-01-01,115,AI Suite,70128,5844.0,12387,18256,624,0,4751,17753
2024-01-01,116,Enterprise,142961,11913.42,49986,16708,3223,0,17343,14229
2024-01-01,117,AI Suite,108801,9066.75,1994,14658,3672,0,11551,15260
2024-01-01,118,Security,136022,11335.17,34566,5587,8340,0,16623,38537
2024-01-01,119,Enterprise,105207,8767.25,23270,4110,4115,0,2302,12287
2024-01-01,120,Analytics,30067,2505.58,10294,1706,1710,0,9217,17116
2024-01-01,121,Security,158262,13188.5,35333,18582,4752,0,22501,4220
2024-01-01,122,Core Platform,13507,1125.58,42006,6712,8177,0,27119,21275
2024-01-01,123,Enterprise,100090,8340.83,48628,3261,8206,0,5644,9134
2024-01-01,124,Enterprise,149203,12433.58,7153,11123,6197,0,6002,35201
2024-01-01,125,Analytics,72140,6011.67,24792,11048,417,0,20585,19086
2024-01-01,126,Analytics,36632,3052.67,39815,9771,1606,0,11372,7424
2024-01-01,127,AI Suite,63655,5304.58,27212,8853,5479,0,25807,15368
2024-01-01,128,Core Platform,128313,10692.75,12311,11195,416,0,6771,34996
2024-01-01,129,Core Platform,52979,4414.92,11997,16377,5768,0,19351,25330
2024-01-01,130,Enterprise,112331,9360.92,11951,8190,4902,0,23592,6139
2024-01-01,131,Core Platform,114713,9559.42,27401,3411,2616,0,4194,36539
2024-01-01,132,Core Platform,30566,2547.17,13369,3075,4964,0,5401,3074
2024-01-01,133,Analytics,124689,10390.75,41328,17639,1068,0,18736,21654
2024-01-01,134,Security,132344,11028.67,6400,9464,1824,0,3898,795
2024-01-01,135,Core Platform,156537,13044.75,27933,16333,444,0,14144,903
2024-01-01,136,Core Platform,38813,3234.42,19083,3285,1500,0,21703,11530
2024-01-01,137,Core Platform,147340,12278.33,12295,16647,2192,0,7555,9726
2024-01-01,138,AI Suite,108942,9078.5,17995,6313,1610,0,27008,20872
2024-01-01,139,Security,82643,6886.92,28566,1231,3608,0,9957,5325
2024-01-01,140,AI Suite,66369,5530.75,45143,13729,3467,0,6708,1603
2024-01-01,141,AI Suite,62432,5202.67,21591,13241,3846,0,13000,30595
2024-01-01,142,Analytics,51175,4264.58,44076,16982,5169,0,5575,36263
2024-01-01,143,Enterprise,22613,1884.42,32375,337,6589,0,4383,30520
2024-01-01,144,Analytics,63405,5283.75,30104,1202,6968,0,18846,16493
2024-01-01,145,Analytics,24092,2007.67,48181,12613,7883,0,18044,15940
2024-01-01,146,Core Platform,9656,804.67,2830,3109,9944,0,471,9010
2024-01-01,147,Enterprise,70171,5847.58,44387,3085,8744,0,19103,38099
2024-01-01,148,Core Platform,38052,3171.0,2019,146,3873,0,29859,17911
2024-01-01,149,Enterprise,98293,8191.08,13648,11956,3123,0,25686,17474
2024-01-01,150,Security,122984,10248.67,37631,3369,8106,0,1866,37723
2024-01-01,151,Enterprise,105465,8788.75,35128,18760,9336,0,27080,6187
2024-01-01,152,Security,85761,7146.75,26190,9243,6586,0,27614,16321
2024-01-01,153,Security,90102,7508.5,45651,13835,7275,0,18786,21316
2024-01-01,154,Enterprise,10792,899.33,37573,13064,2272,85429,16281,21121
2024-01-01,155,Security,50927,4243.92,40820,5440,193,0,631,25321
2024-01-01,156,Enterprise,122668,10222.33,36881,17764,6213,0,3460,38177
2024-01-01,157,Security,85673,7139.42,35294,6413,327,0,16059,11220
2024-01-01,158,Security,67616,5634.67,34552,12747,9615,0,1630,23407
2024-01-01,159,Analytics,79476,6623.0,22612,4822,622,0,6556,1194
2024-01-01,160,Core Platform,27898,2324.83,9049,15210,1525,0,28225,27262
2024-01-01,161,Core Platform,15293,1274.42,17602,18023,9885,0,16095,2055
2024-01-01,162,AI Suite,18353,1529.42,39953,7527,2583,0,28543,27522
2024-01-01,163,Core Platform,130453,10871.08,45369,17514,45,0,4603,17964
2024-01-01,164,Core Platform,122087,10173.92,41607,14724,8008,0,7275,10227
2024-01-01,165,Enterprise,100181,8348.42,20918,18562,4660,0,430,13681
2024-01-01,166,AI Suite,29391,2449.25,44844,19642,4633,0,17387,36398
2024-01-01,167,Security,13701,1141.75,33358,8915,6182,0,17720,5032
2024-01-01,168,Enterprise,118744,9895.33,7660,7083,5070,0,29411,21088
2024-01-01,169,Core Platform,27930,2327.5,33379,8234,7034,0,21890,24797
2024-01-01,170,Security,21352,1779.33,32654,9068,6812,0,29939,22468
2024-01-01,171,Security,141555,11796.25,41830,14193,3007,0,14315,32508
2024-01-01,172,AI Suite,152834,12736.17,29909,17940,2362,0,10771,7206
2024-01-01,173,Enterprise,91980,7665.0,45789,15688,962,0,17662,18554
2024-01-01,174,Core Platform,44966,3747.17,7416,7445,9921,0,28282,19736
2024-01-01,175,AI Suite,122587,10215.58,6090,1156,959,0,2418,36106
2024-01-01,176,Analytics,44780,3731.67,39176,17708,4947,0,15875,11457
2024-01-01,177,Enterprise,117097,9758.08,5159,4386,7940,0,22804,30163
2024-01-01,178,Analytics,135241,11270.08,35150,3372,8517,0,23301,25311
2024-01-01,179,Security,87623,7301.92,16469,3618,1767,0,10857,16445
2024-01-01,180,Security,87471,7289.25,1320,3964,8713,0,26924,17704
2024-01-01,181,Enterprise,36561,3046.75,19115,11106,1965,0,28871,2040
2024-01-01,182,Core Platform,124894,10407.83,10100,11683,2472,0,9657,34170
2024-01-01,183,Core Platform,0,0.0,48186,3362,4012,120817,4640,24104
2024-01-01,184,Core Platform,12291,1024.25,48011,6458,4576,0,16732,27887
2024-01-01,185,Analytics,25697,2141.42,34076,14339,8661,0,27292,9877
2024-01-01,186,Analytics,138741,11561.75,20597,1005,5391,0,16838,37189
2024-01-01,187,Security,14802,1233.5,42947,9938,2938,0,3550,34996
2024-01-01,188,Security,104249,8687.42,21467,15696,2955,0,20091,3150
2024-01-01,189,Enterprise,157236,13103.0,31806,14137,1788,0,14833,33834
2024-01-01,190,Security,94547,7878.92,34990,16149,9980,0,2232,7663
2024-01-01,191,Core Platform,101376,8448.0,36769,15544,4909,0,27321,38437
2024-01-01,192,Enterprise,23212,1934.33,22472,18580,652,0,26511,5817
2024-01-01,193,Core Platform,97873,8156.08,12463,19797,7767,0,23794,20343
2024-01-01,194,Analytics,116036,9669.67,35931,18437,7617,0,11067,28941
2024-01-01,195,AI Suite,13354,1112.83,35947,7160,3361,0,27054,30843
2024-01-01,196,Core Platform,45942,3828.5,46774,8835,344,0,14085,17637
2024-01-01,197,Analytics,34424,2868.67,20066,10000,3701,0,9355,34257
2024-01-01,198,Security,67873,5656.08,34029,4772,4425,0,7361,13403
2024-01-01,199,Analytics,49380,4115.0,10186,3967,6695,0,23842,8884
2024-01-01,200,Core Platform,81613,6801.08,39660,7465,3068,0,29830,405
2024-01-01,201,Enterprise,79369,6614.08,9144,15835,4634,0,11406,3394
2024-01-01,202,Core Platform,84963,7080.25,23938,5492,1608,0,12708,11858
2024-01-01,203,AI Suite,156368,13030.67,2249,18668,9607,0,29972,9679
2024-01-01,204,Core Platform,72025,6002.08,41627,13317,4003,0,13915,19152
2024-01-01,205,Core Platform,48694,4057.83,15172,12424,3440,0,25711,4975
2024-01-01,206,Security,108101,9008.42,19069,17881,9974,0,4272,27261
2024-01-01,207,Enterprise,65637,5469.75,17099,14550,4922,0,10562,8028
2024-01-01,208,Core Platform,120854,10071.17,12707,7703,6025,0,9431,6350
2024-01-01,209,Security,94978,7914.83,43205,10404,9613,0,215,35415
2024-01-01,210,AI Suite,49602,4133.5,4470,18333,5415,0,15153,13384
2024-01-01,211,AI Suite,154305,12858.75,48829,17615,4234,0,28274,35728
2024-01-01,212,Security,32166,2680.5,44164,19049,3692,0,29735,18744
2024-01-01,213,Analytics,37860,3155.0,18515,8596,4556,0,18959,2262
2024-01-01,214,Enterprise,117780,9815.0,35640,128,7388,0,4551,508
2024-01-01,215,Security,104333,8694.42,15754,6604,2802,0,15259,26391
2024-01-01,216,AI Suite,47875,3989.58,10737,18303,5620,0,28245,29256
2024-01-01,217,Enterprise,78158,6513.17,39307,9887,1355,0,2988,32343
2024-01-01,218,Core Platform,133554,11129.5,18724,7625,3031,0,21055,39109
2024-01-01,219,Analytics,40639,3386.58,23796,16014,3665,0,10347,25014
2024-01-01,220,Enterprise,83891,6990.92,36339,5123,8552,0,1952,16268
2024-01-01,221,Analytics,2763,230.25,6746,6662,3899,80406,6458,9985
2024-01-01,222,Enterprise,47782,3981.83,13152,17040,3499,0,24090,7375
2024-01-01,223,Enterprise,155044,12920.33,46324,19033,1802,0,16451,17089
2024-01-01,224,Security,125148,10429.0,17288,14697,1454,0,19406,22705
2024-01-01,225,Analytics,98231,8185.92,20299,5337,5823,0,22156,9589
2024-01-01,226,Analytics,118020,9835.0,46720,16283,207,0,20942,15644
2024-01-01,227,Security,123079,10256.58,20677,15249,8402,0,25157,35783
2024-01-01,228,AI Suite,71324,5943.67,26603,14126,1999,0,5904,25540
2024-01-01,229,AI Suite,113786,9482.17,25779,8859,4216,0,18293,15511
2024-01-01,230,Security,70432,5869.33,27187,3473,8194,0,2327,18464
2024-01-01,231,Core Platform,4259,354.92,4640,8012,3753,18352,4103,9993
2024-01-01,232,AI Suite,21774,1814.5,11739,2836,6608,0,1184,30291
2024-01-01,233,Core Platform,45666,3805.5,14792,13207,4332,0,2023,12976
2024-01-01,234,Security,137205,11433.75,43987,8628,5413,0,21970,2816
2024-01-01,235,Security,31115,2592.92,31159,15101,639,0,8148,26626
2024-01-01,236,Security,98311,8192.58,38745,5627,3447,0,29531,21848
2024-01-01,237,Core Platform,31692,2641.0,12980,16494,4867,0,6575,18819
2024-01-01,238,AI Suite,81531,6794.25,42499,8965,9210,0,24328,19678
2024-01-01,239,AI Suite,156235,13019.58,46207,13660,6863,0,2017,10252
2024-01-01,240,AI Suite,107659,8971.58,35875,8754,7362,0,4488,16676
2024-01-01,241,Enterprise,54438,4536.5,43244,7567,3239,0,9548,38976
2024-01-01,242,AI Suite,97350,8112.5,26576,756,4666,0,21415,21884
2024-01-01,243,Security,66786,5565.5,16915,6521,9318,0,22197,29814
2024-01-01,244,Analytics,111572,9297.67,49447,16955,8423,0,10291,14232
2024-01-01,245,AI Suite,139788,11649.0,15904,13445,5008,0,25709,9327
2024-01-01,246,Security,156130,13010.83,24632,11178,2335,0,8823,27184
2024-01-01,247,Analytics,85476,7123.0,8949,9891,8736,0,22916,3377
2024-01-01,248,Enterprise,61894,5157.83,42008,18689,1666,0,24325,13320
2024-01-01,249,Enterprise,72712,6059.33,45182,855,8422,0,27551,27391
2024-01-01,250,Security,141215,11767.92,47197,481,2087,0,26414,35256
2024-01-01,251,Security,97118,8093.17,30990,16369,84,0,21824,28886
2024-01-01,252,Core Platform,31204,2600.33,28981,9901,1189,0,19508,35345
2024-01-01,253,Analytics,38879,3239.92,44988,9615,4491,0,16660,30056
2024-01-01,254,AI Suite,54413,4534.42,34367,13221,3481,0,27276,38265
2024-01-01,255,Enterprise,61840,5153.33,12716,7317,6413,0,3664,22086
2024-01-01,256,Analytics,140943,11745.25,48110,9491,4749,0,5226,12879
2024-01-01,257,Security,64768,5397.33,7492,17459,6239,0,16890,13321
2024-01-01,258,Core Platform,106747,8895.58,28505,19267,4706,0,4350,3754
2024-01-01,259,Core Platform,150787,12565.58,1968,18120,3091,0,28216,31905
2024-01-01,260,Analytics,110595,9216.25,31269,15050,2838,0,1781,17821
2024-01-01,261,AI Suite,26115,2176.25,25223,11519,2356,0,10251,24820
2024-01-01,262,Enterprise,134623,11218.58,7180,2629,8523,0,14566,34605
2024-01-01,263,AI Suite,103365,8613.75,40788,14975,8849,0,22956,27539
2024-01-01,264,Core Platform,148639,12386.58,44904,15443,3962,0,25883,4090
2024-01-01,265,Analytics,132312,11026.0,32491,6133,1735,0,20007,1716
2024-01-01,266,Security,14782,1231.83,49799,4488,8156,0,6004,166
2024-01-01,267,Core Platform,69738,5811.5,46488,17258,8343,0,27568,9161
2024-01-01,268,AI Suite,114689,9557.42,4215,7024,8943,0,29731,19811
2024-01-01,269,AI Suite,123908,10325.67,23205,16192,5493,0,2457,21725
2024-01-01,270,AI Suite,83671,6972.58,36630,11242,9922,0,27500,31842
2024-01-01,271,Analytics,144292,12024.33,46942,17021,4067,0,24001,262
2024-01-01,272,AI Suite,13910,1159.17,33950,16343,8559,0,2715,6833
2024-01-01,273,Core Platform,124821,10401.75,13061,11467,3804,0,24257,2751
2024-01-01,274,Security,141289,11774.08,12861,8391,4571,0,16714,38324
2024-01-01,275,Analytics,24569,2047.42,10163,1874,2348,0,25218,38620
2024-01-01,276,Core Platform,63622,5301.83,48679,8867,879,0,2326,14076
2024-01-01,277,AI Suite,90430,7535.83,48418,783,3075,0,6777,7039
2024-01-01,278,Enterprise,13797,1149.75,18789,11913,3129,0,20353,38786
2024-01-01,279,Core Platform,81275,6772.92,31348,18898,7974,0,29296,39986
2024-01-01,280,Enterprise,116717,9726.42,25247,1763,5467,0,23584,36938
2024-01-01,281,Core Platform,53803,4483.58,2490,15831,1926,0,10719,6546
2024-01-01,282,Security,53759,4479.92,5271,6258,3776,0,12592,25814
2024-01-01,283,Security,112795,9399.58,38443,13220,7227,0,28588,8677
2024-01-01,284,Analytics,137996,11499.67,2428,19050,8777,0,10267,17709
2024-01-01,285,Analytics,54156,4513.0,25686,12679,3301,0,23868,23084
2024-01-01,286,Core Platform,42053,3504.42,17745,12970,4975,0,13973,1472
2024-01-01,287,Core Platform,49221,4101.75,21221,3131,8588,0,15682,16734
2024-01-01,288,AI Suite,40740,3395.0,14159,6181,7931,0,26612,4729
2024-01-01,289,AI Suite,102308,8525.67,32768,13480,1625,0,6740,15177
2024-01-01,290,Core Platform,121638,10136.5,21864,5872,7603,0,28682,16340
2024-01-01,291,Security,132767,11063.92,5602,1294,2165,0,14717,29913
2024-01-01,292,AI Suite,95925,7993.75,41908,1449,2252,0,376,34320
2024-01-01,293,AI Suite,82555,6879.58,20979,2490,8585,0,12291,18928
2024-01-01,294,Enterprise,51848,4320.67,5167,2463,6362,0,10350,29199
2024-01-01,295,Enterprise,42875,3572.92,1642,18672,2174,0,15856,2001
2024-01-01,296,Core Platform,108437,9036.42,37381,6900,5631,0,25951,12207
2024-01-01,297,AI Suite,158268,13189.0,23696,12442,1708,0,3151,39149
2024-01-01,298,Analytics,107134,8927.83,32897,3908,6674,0,23143,6668
2024-01-01,299,Security,105688,8807.33,5609,9378,7494,0,3018,3656
2024-01-01,300,AI Suite,85847,7153.92,27045,15306,9425,0,20606,29285
2024-01-01,301,Enterprise,100526,8377.17,34191,12563,662,0,23976,33829
2024-01-01,302,Security,143539,11961.58,12381,18442,8348,0,5027,35849
2024-01-01,303,Core Platform,139037,11586.42,24395,13876,3032,0,13403,29601
2024-01-01,304,Security,124366,10363.83,35171,14536,1382,0,23686,37438
2024-01-01,305,Security,102539,8544.92,41163,16721,1812,0,6367,13280
2024-01-01,306,Analytics,0,0.0,1161,2179,6125,129238,26604,37844
2024-01-01,307,AI Suite,68930,5744.17,18921,14018,1486,0,19468,19962
2024-01-01,308,Analytics,37197,3099.75,32623,3876,9585,0,18958,9393
2024-01-01,309,Enterprise,35067,2922.25,15445,6851,7003,0,15740,1161
2024-01-01,310,Enterprise,81943,6828.58,1271,19379,5354,0,26264,23309
2024-01-01,311,Analytics,77151,6429.25,44602,3690,3055,0,19544,6490
2024-01-01,312,Enterprise,76375,6364.58,29534,7672,4251,0,9348,31366
2024-01-01,313,Core Platform,140362,11696.83,43951,5699,9826,0,29302,2841
2024-01-01,314,Security,118793,9899.42,44478,3349,5433,0,13522,4841
2024-01-01,315,Enterprise,23642,1970.17,36860,1418,1665,0,14490,24796
2024-01-01,316,Enterprise,77104,6425.33,32001,1247,1655,0,5674,1205
2024-01-01,317,AI Suite,19576,1631.33,13856,18450,7161,0,12210,11527
2024-01-01,318,Enterprise,24665,2055.42,12579,7725,338,0,16325,9380
2024-01-01,319,Enterprise,28091,2340.92,33306,16313,6185,0,23887,26223
2024-01-01,320,AI Suite,74658,6221.5,26593,18310,2643,0,17094,31989
2024-01-01,321,Core Platform,64467,5372.25,2421,1513,6719,0,6198,30384
2024-01-01,322,AI Suite,140760,11730.0,25851,9611,143,0,23544,12750
2024-01-01,323,Core Platform,113467,9455.58,15126,7416,1065,0,9015,16969
2024-01-01,324,Enterprise,73864,6155.33,15836,10631,4646,0,14751,12567
2024-01-01,325,AI Suite,127328,10610.67,17361,1638,8705,0,6075,2282
2024-01-01,326,Analytics,11600,966.67,40608,3669,2510,0,170,17763
2024-01-01,327,Enterprise,119863,9988.58,30683,4119,8912,0,15457,25932
2024-01-01,328,Analytics,52933,4411.08,1198,17449,2282,0,25721,19396
2024-01-01,329,Enterprise,48473,4039.42,20847,4765,113,0,29927,21024
2024-01-01,330,Enterprise,83605,6967.08,31328,9371,3141,0,12257,6007
2024-01-01,331,AI Suite,86049,7170.75,35315,11560,2539,0,17239,9495
2024-01-01,332,Analytics,104355,8696.25,46619,5535,2486,0,14033,25927
2024-01-01,333,Analytics,86145,7178.75,30067,8856,5863,0,29367,2064
2024-01-01,334,Enterprise,10354,862.83,35992,10400,9009,0,18321,20943
2024-01-01,335,Core Platform,121644,10137.0,37411,14577,334,0,21833,35331
2024-01-01,336,Analytics,141980,11831.67,3828,19677,7672,0,24788,32477
2024-01-01,337,Enterprise,86507,7208.92,46592,1667,4679,0,15934,10442
2024-01-01,338,Analytics,140925,11743.75,32952,12951,1373,0,27486,13596
2024-01-01,339,AI Suite,112162,9346.83,26441,9684,8683,0,13323,26733
2024-01-01,340,Core Platform,121530,10127.5,30144,6646,9339,0,11712,7904
2024-01-01,341,AI Suite,136167,11347.25,48030,14387,2510,0,16140,29068
2024-01-01,342,Analytics,99378,8281.5,48466,578,8594,0,28076,19391
2024-01-01,343,Core Platform,134192,11182.67,49095,1204,53,0,25170,17096
2024-01-01,344,AI Suite,73986,6165.5,10595,14985,5328,0,58,10708
2024-01-01,345,Core Platform,22919,1909.92,31681,8799,4358,0,22819,4276
2024-01-01,346,AI Suite,79453,6621.08,11570,9301,4415,0,24455,33450
2024-01-01,347,Security,136336,11361.33,13274,6907,3903,0,17537,34102
2024-01-01,348,AI Suite,128433,10702.75,28534,16580,5473,0,4108,35326
2024-01-01,349,Enterprise,130414,10867.83,29531,14456,3604,0,5032,36310
2024-01-01,350,Enterprise,81346,6778.83,17117,13094,8850,0,19981,29064
2024-01-01,351,AI Suite,55881,4656.75,28645,5780,1317,0,25394,32463
2024-01-01,352,Analytics,53695,4474.58,9343,5780,638,0,5784,28106
2024-01-01,353,Core Platform,13618,1134.83,8118,17185,3567,110041,29213,27072
2024-01-01,354,AI Suite,61640,5136.67,1630,19625,5939,0,19834,510
2024-01-01,355,Analytics,113754,9479.5,3466,3030,608,0,12201,26739
2024-01-01,356,Core Platform,114694,9557.83,7680,6213,5162,0,12245,14942
2024-01-01,357,Core Platform,26835,2236.25,39408,6521,268,0,22896,32154
2024-01-01,358,Analytics,76165,6347.08,18083,3757,1662,0,3176,36210
2024-01-01,359,Security,147313,12276.08,13507,16195,8196,0,28283,14309
2024-01-01,360,Security,63871,5322.58,20004,6704,4522,0,3371,26294
2024-01-01,361,Core Platform,6580,548.33,34298,3881,7000,0,12239,14466
2024-01-01,362,Core Platform,20178,1681.5,4176,4288,8700,0,20435,12753
2024-01-01,363,Analytics,53249,4437.42,25261,7239,3188,0,20588,15819
2024-01-01,364,Enterprise,104249,8687.42,7718,17019,7081,0,2011,32968
2024-01-01,365,Security,160008,13334.0,48717,17158,5853,0,8267,24378
2024-01-01,366,Enterprise,145013,12084.42,22477,6888,6335,0,11597,8431
2024-01-01,367,Security,36400,3033.33,20813,1450,7471,0,19295,35298
2024-01-01,368,Security,100080,8340.0,10970,2614,1955,0,1966,24045
2024-01-01,369,Core Platform,71341,5945.08,24374,12117,2678,0,22561,30298
2024-01-01,370,Enterprise,72011,6000.92,8172,19330,2494,0,18158,13269
2024-01-01,371,Enterprise,83476,6956.33,34663,7638,9464,0,28868,17941
2024-01-01,372,Enterprise,33147,2762.25,8065,4171,277,0,24918,9731
2024-01-01,373,AI Suite,40586,3382.17,44849,4642,4277,0,12090,24143
2024-01-01,374,Enterprise,146042,12170.17,46711,17651,359,0,17773,4863
2024-01-01,375,Enterprise,101975,8497.92,4857,4813,3117,0,27857,21488
2024-01-01,376,Security,46991,3915.92,47941,15329,2599,0,22251,22288
2024-01-01,377,Analytics,12520,1043.33,27027,3698,9361,0,20243,32037
2024-01-01,378,AI Suite,147514,12292.83,26455,13423,8910,0,16986,6536
2024-01-01,379,AI Suite,151131,12594.25,32079,12274,9354,0,8983,32743
2024-01-01,380,Security,61353,5112.75,1628,9170,563,0,10157,1319
2024-01-01,381,Core Platform,107262,8938.5,37894,2832,2714,0,11044,15701
2024-01-01,382,Core Platform,145486,12123.83,1594,7990,2663,0,29094,6671
2024-01-01,383,Core Platform,86482,7206.83,35357,7158,661,0,120,16346
2024-01-01,384,Enterprise,88853,7404.42,16872,9917,8957,0,3313,16532
2024-01-01,385,Enterprise,123495,10291.25,43490,3558,4170,0,13346,8516
2024-01-01,386,Analytics,87071,7255.92,22301,4139,9443,0,6075,3413
2024-01-01,387,Core Platform,21797,1816.42,9383,4005,4379,0,16038,15758
2024-01-01,388,Security,37389,3115.75,48480,6371,8555,0,14445,3257
2024-01-01,389,AI Suite,49600,4133.33,46750,9316,1956,0,23943,28414
2024-01-01,390,AI Suite,32164,2680.33,32054,11711,9069,0,25634,11278
2024-01-01,391,Security,50461,4205.08,40342,19212,9665,0,20682,3940
2024-01-01,392,Core Platform,121837,10153.08,32572,13741,6879,0,12155,9146
2024-01-01,393,Security,30425,2535.42,12998,9015,2263,0,22682,19015
2024-01-01,394,Security,140471,11705.92,5915,13791,2379,0,10357,16926
2024-01-01,395,AI Suite,33392,2782.67,1075,2661,4244,0,4846,16735
2024-01-01,396,Core Platform,47686,3973.83,22953,10482,2055,0,9308,16208
2024-01-01,397,Analytics,58078,4839.83,46681,15474,8277,0,5846,30046
2024-01-01,398,Security,143168,11930.67,33987,17486,3485,0,12355,33014
2024-01-01,399,Core Platform,125332,10444.33,33547,19667,2642,0,1311,38691
2024-01-01,400,Enterprise,17020,1418.33,11356,7485,7714,0,29976,11398
2024-01-01,401,Core Platform,61168,5097.33,6881,13927,6332,0,5161,13250
2024-01-01,402,AI Suite,117885,9823.75,6480,341,6559,0,12857,16994
2024-01-01,403,Enterprise,32671,2722.58,16105,15631,3817,0,832,35185
2024-01-01,404,Security,86976,7248.0,44686,15698,6338,0,23495,15552
2024-01-01,405,Enterprise,30021,2501.75,44360,7845,9286,0,4981,15541
2024-01-01,406,Analytics,32154,2679.5,22824,7677,2726,0,18448,36977
2024-01-01,407,AI Suite,70442,5870.17,48374,16184,3537,0,8914,27541
2024-01-01,408,Security,148307,12358.92,35558,11510,6058,0,7784,16794
2024-01-01,409,Analytics,132439,11036.58,44526,4231,7556,0,17949,16298
2024-01-01,410,Security,84050,7004.17,29935,4181,9843,0,2607,11481
2024-01-01,411,Enterprise,4698,391.5,8895,8325,8908,0,5769,25104
2024-01-01,412,Analytics,96303,8025.25,47503,4976,2191,0,18848,27674
2024-01-01,413,Security,82713,6892.75,34795,2328,9777,0,10431,22374
2024-01-01,414,Enterprise,123785,10315.42,26407,743,1814,0,5062,5723
2024-01-01,415,Core Platform,101142,8428.5,20824,18957,8310,0,28124,34017
2024-01-01,416,Security,84117,7009.75,45738,8656,8077,0,16758,12552
2024-01-01,417,Core Platform,21636,1803.0,14903,16331,7056,0,15220,912
2024-01-01,418,Core Platform,122415,10201.25,15950,4947,2018,0,28768,35552
2024-01-01,419,Analytics,116249,9687.42,39469,13559,3551,0,14095,38901
2024-01-01,420,Core Platform,359,29.92,15167,1181,822,126868,1901,24389
2024-01-01,421,Security,82922,6910.17,45957,14874,3640,0,13414,37085
2024-01-01,422,Enterprise,81598,6799.83,45217,17425,3182,0,13852,21243
2024-01-01,423,Enterprise,11361,946.75,8799,11416,55,21279,28616,18373
2024-01-01,424,Enterprise,35586,2965.5,20545,19475,2530,0,28497,29370
2024-01-01,425,Enterprise,70391,5865.92,42080,1998,5925,0,19823,20051
2024-01-01,426,Analytics,133549,11129.08,5495,17751,6879,0,3177,5355
2024-01-01,427,Security,89741,7478.42,23098,12391,6251,0,15706,37871
2024-01-01,428,Enterprise,47492,3957.67,35526,4766,142,0,18420,25475
2024-01-01,429,Core Platform,140475,11706.25,16216,11757,5952,0,12109,28642
2024-01-01,430,AI Suite,85309,7109.08,13729,676,2005,0,15303,425
2024-01-01,431,Enterprise,99955,8329.58,26153,5538,1320,0,7916,805
2024-01-01,432,Analytics,94778,7898.17,16303,13894,2704,0,22616,36430
2024-01-01,433,Core Platform,133898,11158.17,6853,2334,4931,0,4052,24190
2024-01-01,434,Enterprise,69833,5819.42,11238,11548,1300,0,13423,19968
2024-01-01,435,Security,37756,3146.33,38065,5601,6556,0,26697,27279
2024-01-01,436,Analytics,92992,7749.33,37050,9141,6479,0,29871,24372
2024-01-01,437,Security,139779,11648.25,18667,9235,1000,0,1175,32496
2024-01-01,438,Security,49735,4144.58,37311,12991,4851,0,14248,5645
2024-01-01,439,Enterprise,22455,1871.25,33001,18197,7416,0,23582,8407
2024-01-01,440,Security,47414,3951.17,14872,16154,4921,0,21025,27758
2024-01-01,441,AI Suite,92582,7715.17,43591,2407,2730,0,18895,34274
2024-01-01,442,Security,84812,7067.67,37416,9523,655,0,13144,30893
2024-01-01,443,Analytics,105306,8775.5,30495,3358,1532,0,11899,8132
2024-01-01,444,AI Suite,66579,5548.25,24679,1099,9874,0,1347,12960
2024-01-01,445,AI Suite,58911,4909.25,31399,10103,5097,0,6936,34900
2024-01-01,446,Core Platform,73628,6135.67,1536,14863,2284,0,26163,36546
2024-01-01,447,Core Platform,2064,172.0,7867,6106,4042,105471,27607,17721
2024-01-01,448,AI Suite,50554,4212.83,10687,3242,264,0,29663,22496
2024-01-01,449,Analytics,50262,4188.5,26500,5992,6910,0,27181,28991
2024-01-01,450,Core Platform,106330,8860.83,42846,13550,4140,0,27954,28458
2024-01-01,451,Analytics,44441,3703.42,4892,19123,7108,0,11612,22742
2024-01-01,452,Core Platform,25179,2098.25,21022,9542,9928,0,27070,10509
2024-01-01,453,AI Suite,4946,412.17,36126,6025,1079,25891,7603,18443
2024-01-01,454,Core Platform,125381,10448.42,8245,19811,2769,0,5529,2462
2024-01-01,455,Analytics,72168,6014.0,45483,17544,4331,0,26436,6632
2024-01-01,456,Core Platform,15350,1279.17,15909,498,854,0,9775,25750
2024-01-01,457,AI Suite,98340,8195.0,25013,834,792,0,18515,36641
2024-01-01,458,Core Platform,95777,7981.42,21415,1525,1651,0,8445,1930
2024-01-01,459,Core Platform,136643,11386.92,35725,8757,2497,0,17195,18170
2024-01-01,460,Analytics,38960,3246.67,49757,10820,2537,0,20651,2196
2024-01-01,461,Core Platform,118547,9878.92,20199,11046,8131,0,1341,1394
2024-01-01,462,AI Suite,49468,4122.33,5147,9544,1052,0,25104,5309
2024-01-01,463,AI Suite,32641,2720.08,21231,16358,4373,0,17860,1568
2024-01-01,464,Security,72127,6010.58,37827,14050,9286,0,27281,18002
2024-01-01,465,Core Platform,25423,2118.58,30629,985,8059,0,26595,14145
2024-01-01,466,Core Platform,79285,6607.08,6395,9314,9303,0,13616,7616
2024-01-01,467,AI Suite,140420,11701.67,20114,6082,8406,0,10881,22626
2024-01-01,468,Enterprise,109466,9122.17,14741,1704,5264,0,23783,2360
2024-01-01,469,Analytics,138871,11572.58,18167,9875,3881,0,16546,19380
2024-01-01,470,AI Suite,39897,3324.75,26584,19125,5903,0,9515,31259
2024-01-01,471,AI Suite,114310,9525.83,19021,14998,9371,0,13611,31249
2024-01-01,472,Core Platform,73867,6155.58,13119,8875,8039,0,2982,15478
2024-01-01,473,Analytics,121759,10146.58,38968,12459,7043,0,449,4005
2024-01-01,474,Analytics,83885,6990.42,20842,18377,9829,0,15893,13647
2024-01-01,475,AI Suite,68395,5699.58,48758,12628,984,0,1639,33469
2024-01-01,476,Security,41343,3445.25,20146,10689,5459,0,18328,35550
2024-01-01,477,Security,7864,655.33,26495,4499,8442,0,16745,10438
2024-01-01,478,Security,36192,3016.0,42158,13148,228,0,13789,25690
2024-01-01,479,AI Suite,136228,11352.33,3132,841,7789,0,4145,37053
2024-01-01,480,Security,9321,776.75,6709,6722,8703,0,22468,10088
2024-01-01,481,Analytics,48669,4055.75,32609,5454,5961,0,29478,10318
2024-01-01,482,Security,79999,6666.58,1590,19227,7988,0,9006,16109
2024-01-01,483,Analytics,99189,8265.75,45927,5961,9092,0,26705,6043
2024-01-01,484,AI Suite,71250,5937.5,5096,13161,7484,0,11080,4719
2024-01-01,485,Core Platform,90481,7540.08,21717,10825,9693,0,17998,5819
2024-01-01,486,AI Suite,137053,11421.08,43927,16669,8734,0,21744,33123
2024-01-01,487,Core Platform,142173,11847.75,44734,9348,8818,0,12341,34023
2024-01-01,488,Enterprise,69469,5789.08,29919,14641,3088,0,26180,30374
2024-01-01,489,Core Platform,79886,6657.17,16493,2078,9994,0,24293,11476
2024-01-01,490,Security,73636,6136.33,25878,13617,5485,0,17618,317
2024-01-01,491,AI Suite,9674,806.17,10158,10725,1051,121803,10202,22214
2024-01-01,492,Security,55305,4608.75,11152,17443,4576,0,9923,20477
2024-01-01,493,Analytics,103496,8624.67,37821,708,5484,0,2818,32627
2024-01-01,494,Core Platform,44873,3739.42,32741,1200,3608,0,1782,6488
2024-01-01,495,Core Platform,97401,8116.75,39465,1841,7147,0,3354,9673
2024-01-01,496,Enterprise,19659,1638.25,29820,14835,7550,0,9171,35183
2024-01-01,497,Enterprise,143840,11986.67,35088,5843,4009,0,16567,18681
2024-01-01,498,Enterprise,87850,7320.83,44139,17535,1902,0,4903,19628
2024-01-01,499,AI Suite,39974,3331.17,19976,1227,4960,0,7503,23779
2024-01-01,500,Analytics,89411,7450.92,20936,14141,5776,0,3292,32729
2024-02-01,1,Analytics,5753,479.42,24257,13953,8200,109831,1839,1773
2024-02-01,2,Analytics,43788,3649.0,48746,5591,8609,0,16712,27808
2024-02-01,3,Core Platform,42873,3572.75,18080,6048,7276,0,4105,736
2024-02-01,4,Analytics,117827,9818.92,5332,8124,4541,0,28323,29056
2024-02-01,5,Analytics,82350,6862.5,33983,18914,9339,0,18640,35087
2024-02-01,6,Core Platform,41564,3463.67,46632,2554,928,0,21452,33803
2024-02-01,7,AI Suite,97785,8148.75,31298,5271,794,0,5461,26990
2024-02-01,8,Security,57814,4817.83,21276,12209,1751,0,5766,7870
2024-02-01,9,Core Platform,21175,1764.58,21670,17609,2563,0,7370,22731
2024-02-01,10,Enterprise,102080,8506.67,4883,18528,9337,0,22923,14257
2024-02-01,11,Core Platform,130685,10890.42,11270,2273,1549,0,1045,22474
2024-02-01,12,Security,78919,6576.58,4937,10852,9380,0,28991,3470
2024-02-01,13,AI Suite,73308,6109.0,35207,12743,696,0,17593,5306
2024-02-01,14,Core Platform,9687,807.25,34623,5089,3745,0,27438,18451
2024-02-01,15,Analytics,33716,2809.67,22715,581,1943,0,20503,36190
2024-02-01,16,Analytics,57027,4752.25,20315,12839,2497,0,20460,17033
2024-02-01,17,Core Platform,138331,11527.58,31003,14848,9732,0,28436,33913
2024-02-01,18,Enterprise,18878,1573.17,37908,7933,8485,0,2122,7232
2024-02-01,19,AI Suite,112174,9347.83,20726,17162,2024,0,16864,35971
2024-02-01,20,Enterprise,156328,13027.33,28965,17083,4668,0,13700,10983
2024-02-01,21,Analytics,59490,4957.5,20159,10005,8885,0,28186,29690
2024-02-01,22,Enterprise,120933,10077.75,44452,19823,7798,0,29631,6722
2024-02-01,23,Enterprise,91179,7598.25,41080,13400,22,0,24662,17190
2024-02-01,24,Core Platform,68160,5680.0,23764,11593,1166,0,10104,405
2024-02-01,25,AI Suite,95428,7952.33,31176,11785,5630,0,12969,37332
2024-02-01,26,Analytics,158780,13231.67,23395,16776,1872,0,5395,9498
2024-02-01,27,AI Suite,124545,10378.75,4929,8197,1010,0,22971,34174
2024-02-01,28,Enterprise,43488,3624.0,4760,15385,3858,0,17953,21850
2024-02-01,29,Security,133051,11087.58,10824,8905,3343,0,17815,32757
2024-02-01,30,Enterprise,129217,10768.08,10035,15818,1466,0,22788,33379
2024-02-01,31,AI Suite,12036,1003.0,8525,3573,353,0,16655,10095
2024-02-01,32,Analytics,109105,9092.08,20056,19595,7425,0,892,4554
2024-02-01,33,Analytics,46233,3852.75,3729,15451,2225,0,17175,15687
2024-02-01,34,Security,88749,7395.75,33266,19805,372,0,13581,26990
2024-02-01,35,AI Suite,61826,5152.17,24514,16176,8682,0,6797,27406
2024-02-01,36,Analytics,79711,6642.58,32743,18125,359,0,20356,39992
2024-02-01,37,Analytics,77484,6457.0,47783,3170,2264,0,3202,35187
2024-02-01,38,Analytics,140226,11685.5,31296,17972,8064,0,7282,25886
2024-02-01,39,AI Suite,126175,10514.58,40253,3847,2928,0,19160,20862
2024-02-01,40,Security,32619,2718.25,15695,8967,3095,0,29114,2030
2024-02-01,41,Enterprise,114893,9574.42,42426,5047,3363,0,1441,23005
2024-02-01,42,AI Suite,84409,7034.08,24971,10526,7764,0,24389,35545
2024-02-01,43,Analytics,2883,240.25,24195,11234,8351,40740,14821,37353
2024-02-01,44,Security,27777,2314.75,37711,13458,4542,0,2693,33000
2024-02-01,45,AI Suite,41650,3470.83,40776,15952,9305,0,20726,24383
2024-02-01,46,Analytics,85516,7126.33,36095,16719,2075,0,15716,12025
2024-02-01,47,Analytics,40544,3378.67,7169,4713,9737,0,2583,10821
2024-02-01,48,Security,150379,12531.58,47930,7986,6735,0,3981,17741
2024-02-01,49,Core Platform,77493,6457.75,2582,10159,1188,0,29177,26975
2024-02-01,50,Security,44459,3704.92,20283,3759,1365,0,19757,23020
2024-02-01,51,Enterprise,97479,8123.25,8914,8904,6566,0,354,37299
2024-02-01,52,Enterprise,49593,4132.75,16660,11415,4382,0,19729,7052
2024-02-01,53,AI Suite,142174,11847.83,24094,8572,1801,0,15612,18915
2024-02-01,54,Core Platform,50231,4185.92,43438,14770,1136,0,1176,21929
2024-02-01,55,Analytics,123428,10285.67,11047,6274,8253,0,16956,25829
2024-02-01,56,AI Suite,21886,1823.83,16468,1033,4441,0,28382,31689
2024-02-01,57,Core Platform,152887,12740.58,34040,5497,752,0,28649,29771
2024-02-01,58,Analytics,125866,10488.83,34485,10379,7690,0,28277,30845
2024-02-01,59,Core Platform,86957,7246.42,32715,12699,7407,0,23830,2487
2024-02-01,60,Enterprise,130384,10865.33,25955,14132,8907,0,24224,1220
2024-02-01,61,Analytics,87916,7326.33,21768,1991,8931,0,10991,35829
2024-02-01,62,Core Platform,21054,1754.5,24688,17539,4300,0,22037,12904
2024-02-01,63,Core Platform,100803,8400.25,36265,17871,6831,0,13641,9295
2024-02-01,64,Security,43689,3640.75,45337,8880,7653,0,2152,20901
2024-02-01,65,Core Platform,65264,5438.67,46804,4337,5082,0,12909,34344
2024-02-01,66,Security,83987,6998.92,24425,9285,2630,0,1258,9556
2024-02-01,67,Security,10816,901.33,13371,17356,6540,148381,7676,912
2024-02-01,68,Core Platform,62526,5210.5,4469,4767,4174,0,17328,7680
2024-02-01,69,Security,29990,2499.17,28204,17414,4289,0,6441,12551
2024-02-01,70,Security,64842,5403.5,8168,6586,4383,0,2817,28737
2024-02-01,71,Enterprise,103473,8622.75,12725,8576,2181,0,18492,13811
2024-02-01,72,Analytics,38475,3206.25,28093,3583,2876,0,28645,30830
2024-02-01,73,Core Platform,73972,6164.33,5359,7668,2531,0,4775,35882
2024-02-01,74,Enterprise,128687,10723.92,27203,13985,6478,0,15523,17122
2024-02-01,75,AI Suite,383,31.92,11021,8485,8102,106274,7536,37162
2024-02-01,76,Enterprise,55353,4612.75,2859,4006,5296,0,19833,36753
2024-02-01,77,Security,149014,12417.83,5614,17194,7248,0,4459,4806
2024-02-01,78,Enterprise,76303,6358.58,3448,12463,26,0,19928,19508
2024-02-01,79,Security,137053,11421.08,16065,121,7766,0,16668,32834
2024-02-01,80,Analytics,45454,3787.83,22832,9693,7119,0,25271,10240
2024-02-01,81,AI Suite,64439,5369.92,10571,8986,5550,0,23370,19745
2024-02-01,82,Enterprise,54070,4505.83,46202,2697,9015,0,28754,5334
2024-02-01,83,Enterprise,135751,11312.58,10327,14033,2867,0,27321,37597
2024-02-01,84,Core Platform,57946,4828.83,35626,2976,7257,0,7231,14139
2024-02-01,85,Core Platform,97062,8088.5,7186,7147,8912,0,19457,9165
2024-02-01,86,AI Suite,82601,6883.42,44288,17590,8420,0,2687,25333
2024-02-01,87,Analytics,138216,11518.0,7531,16866,5849,0,20202,4704
2024-02-01,88,Enterprise,147437,12286.42,4287,13572,1008,0,10229,23560
2024-02-01,89,Security,118528,9877.33,12435,17748,9800,0,11299,17619
2024-02-01,90,Enterprise,148400,12366.67,22667,13392,4367,0,1327,122
2024-02-01,91,Security,131878,10989.83,45745,17322,6349,0,4817,20607
2024-02-01,92,Analytics,15965,1330.42,4369,10433,1775,0,29437,11413
2024-02-01,93,AI Suite,65535,5461.25,40898,17741,937,0,437,37532
2024-02-01,94,Analytics,23065,1922.08,19448,15746,6346,0,27396,29621
2024-02-01,95,Enterprise,55475,4622.92,9464,8202,3869,0,21421,4642
2024-02-01,96,Analytics,112996,9416.33,26498,16019,7159,0,3992,17098
2024-02-01,97,Enterprise,137521,11460.08,11404,1300,8150,0,21622,14216
2024-02-01,98,Core Platform,18607,1550.58,31661,4529,3507,0,22772,3356
2024-02-01,99,Analytics,4517,376.42,8262,1687,7016,0,4759,12623
2024-02-01,100,Core Platform,88831,7402.58,1017,15122,6527,0,12757,25578
2024-02-01,101,Enterprise,138242,11520.17,3215,9810,2284,0,28257,32338
2024-02-01,102,Enterprise,89972,7497.67,12495,3289,8141,0,3311,14557
2024-02-01,103,Enterprise,165521,13793.42,38004,18839,2722,0,10204,28242
2024-02-01,104,AI Suite,134366,11197.17,1934,10845,4827,0,20197,38896
2024-02-01,105,AI Suite,86948,7245.67,7651,8494,1921,0,29836,27965
2024-02-01,106,Enterprise,70226,5852.17,27407,1188,9492,0,29865,18512
2024-02-01,107,Enterprise,116291,9690.92,35763,3646,8761,0,2874,3722
2024-02-01,108,Analytics,122677,10223.08,17317,5331,4083,0,13992,24207
2024-02-01,109,Core Platform,117537,9794.75,35900,19642,556,0,16752,13182
2024-02-01,110,Enterprise,70423,5868.58,24235,17519,5782,0,932,11723
2024-02-01,111,AI Suite,134901,11241.75,38210,17805,8790,0,29693,17766
2024-02-01,112,AI Suite,50340,4195.0,38664,15669,1816,0,5401,39239
2024-02-01,113,Enterprise,58017,4834.75,22787,9826,7039,0,3329,2834
2024-02-01,114,AI Suite,41602,3466.83,9760,18330,291,0,14021,10450
2024-02-01,115,Core Platform,28949,2412.42,33948,2427,9534,0,14280,20287
2024-02-01,116,AI Suite,92745,7728.75,47318,16255,6868,0,21931,32263
2024-02-01,117,Enterprise,31230,2602.5,45581,13141,2729,0,23007,6129
2024-02-01,118,Analytics,92639,7719.92,44906,13804,9483,0,21828,30396
2024-02-01,119,Enterprise,43559,3629.92,12169,2856,6032,0,19657,32571
2024-02-01,120,Enterprise,68129,5677.42,3686,5374,42,0,5296,32307
2024-02-01,121,Analytics,69631,5802.58,8339,18630,3714,0,942,23797
2024-02-01,122,Enterprise,87596,7299.67,29281,6039,8767,0,5185,28720
2024-02-01,123,Security,40177,3348.08,9808,8491,3559,0,19792,12291
2024-02-01,124,Enterprise,94063,7838.58,49070,10065,5302,0,11064,6793
2024-02-01,125,Analytics,150302,12525.17,6211,6610,1363,0,3097,17352
2024-02-01,126,Security,0,0.0,29072,2582,9224,65790,6448,35555
2024-02-01,127,Security,103539,8628.25,1011,7099,9357,0,21892,32377
2024-02-01,128,Analytics,72114,6009.5,15422,335,9276,0,28419,10432
2024-02-01,129,Core Platform,36438,3036.5,17436,4545,7580,0,2830,9780
2024-02-01,130,Analytics,89991,7499.25,43930,8123,8390,0,3257,760
2024-02-01,131,AI Suite,82030,6835.83,3745,12285,5588,0,21545,28294
2024-02-01,132,Security,109407,9117.25,4356,18457,60,0,6253,33261
2024-02-01,133,Analytics,18996,1583.0,11961,1672,540,0,20998,21581
2024-02-01,134,AI Suite,42592,3549.33,40414,2187,1044,0,4877,38306
2024-02-01,135,Enterprise,88514,7376.17,32690,2330,5565,0,5393,20391
2024-02-01,136,AI Suite,70537,5878.08,43586,7402,1501,0,3828,38702
2024-02-01,137,AI Suite,59064,4922.0,24708,1551,2195,0,18931,38332
2024-02-01,138,Enterprise,62828,5235.67,44268,514,5620,0,24686,28509
2024-02-01,139,Enterprise,16724,1393.67,34318,3234,2470,0,7607,38325
2024-02-01,140,Core Platform,88493,7374.42,9150,9520,9477,0,6612,12537
2024-02-01,141,AI Suite,3363,280.25,17587,10195,6832,108301,16819,6610
2024-02-01,142,Analytics,30190,2515.83,45587,3504,3141,0,21250,22496
2024-02-01,143,Core Platform,62207,5183.92,14502,3149,429,0,14078,11941
2024-02-01,144,Enterprise,65067,5422.25,23017,8516,515,0,7594,24121
2024-02-01,145,AI Suite,89345,7445.42,4477,16643,9505,0,15222,9095
2024-02-01,146,Analytics,23345,1945.42,5534,6185,3511,0,2019,6674
2024-02-01,147,Core Platform,99948,8329.0,13507,10912,4810,0,17388,23117
2024-02-01,148,Security,103908,8659.0,29744,16317,1126,0,29305,4751
2024-02-01,149,Security,151821,12651.75,16476,16663,5993,0,25927,28264
2024-02-01,150,Security,113292,9441.0,47820,11645,9130,0,3081,1169
2024-02-01,151,Enterprise,138854,11571.17,35142,5228,7324,0,16180,39625
2024-02-01,152,Core Platform,139804,11650.33,32817,13750,1731,0,2943,19771
2024-02-01,153,AI Suite,138526,11543.83,41801,17789,8418,0,9286,35679
2024-02-01,154,Security,82587,6882.25,41974,7794,2864,0,14758,26709
2024-02-01,155,Analytics,95140,7928.33,37724,10832,8523,0,8217,5123
2024-02-01,156,Security,127515,10626.25,13220,16201,5545,0,19197,2697
2024-02-01,157,Enterprise,54567,4547.25,36851,15050,229,0,18145,28383
2024-02-01,158,AI Suite,102802,8566.83,15436,4676,4739,0,5252,9057
2024-02-01,159,Core Platform,96293,8024.42,16366,12229,5483,0,12417,2217
2024-02-01,160,Core Platform,42957,3579.75,40901,10228,5785,0,21359,39706
2024-02-01,161,Core Platform,24628,2052.33,47167,9031,4542,0,25659,13537
2024-02-01,162,Enterprise,98318,8193.17,29400,11023,4897,0,385,33316
2024-02-01,163,AI Suite,150497,12541.42,49076,7601,3031,0,18456,22713
2024-02-01,164,Core Platform,52455,4371.25,5558,19790,5410,0,14410,31785
2024-02-01,165,AI Suite,104,8.67,46497,388,6378,0,13843,20798
2024-02-01,166,AI Suite,125857,10488.08,3059,16273,3760,0,15488,34824
2024-02-01,167,AI Suite,79818,6651.5,44977,5676,2938,0,26998,48
2024-02-01,168,Core Platform,18418,1534.83,44970,40,8353,0,20692,13904
2024-02-01,169,AI Suite,1362,113.5,40089,1712,350,25839,29691,21758
2024-02-01,170,Analytics,115387,9615.58,27531,19583,375,0,10687,34022
2024-02-01,171,Core Platform,105211,8767.58,43117,16313,146,0,1297,32198
2024-02-01,172,Security,23126,1927.17,14691,18058,3254,0,6861,8029
2024-02-01,173,Core Platform,3318,276.5,49452,10870,7552,72157,22965,28026
2024-02-01,174,Enterprise,333,27.75,39016,9444,9111,31952,27216,13327
2024-02-01,175,Analytics,57885,4823.75,47882,7900,8576,0,12447,10737
2024-02-01,176,Enterprise,138592,11549.33,1864,3394,2210,0,16607,15405
2024-02-01,177,AI Suite,131964,10997.0,19566,13875,627,0,9388,13477
2024-02-01,178,Enterprise,134717,11226.42,17260,16515,871,0,13069,10021
2024-02-01,179,Analytics,26026,2168.83,11326,1730,6707,0,28476,10009
2024-02-01,180,Security,122454,10204.5,8956,13825,9545,0,12490,30634
2024-02-01,181,AI Suite,121662,10138.5,33350,9244,9893,0,22291,26939
2024-02-01,182,Analytics,138074,11506.17,44756,5821,1655,0,1385,4512
2024-02-01,183,AI Suite,83939,6994.92,22447,19034,8618,0,11796,274
2024-02-01,184,Enterprise,50204,4183.67,25412,6957,4214,0,6097,18237
2024-02-01,185,Security,0,0.0,21390,7116,8176,75924,21925,37710
2024-02-01,186,Security,150791,12565.92,32625,18608,446,0,14796,16557
2024-02-01,187,Core Platform,89424,7452.0,23498,7771,480,0,29313,33861
2024-02-01,188,Enterprise,135819,11318.25,41290,16982,4703,0,19390,13651
2024-02-01,189,Analytics,111546,9295.5,32494,7775,8408,0,16873,22521
2024-02-01,190,Core Platform,133054,11087.83,2817,12248,2361,0,6137,11194
2024-02-01,191,Analytics,53601,4466.75,25529,19863,7967,0,3955,30125
2024-02-01,192,AI Suite,115138,9594.83,9701,5211,3864,0,10049,9917
2024-02-01,193,Enterprise,150003,12500.25,43624,12953,8427,0,9979,15042
2024-02-01,194,Security,85581,7131.75,10790,8665,3535,0,19033,1475
2024-02-01,195,Security,24413,2034.42,37511,14611,8485,0,20661,10779
2024-02-01,196,Security,132512,11042.67,37283,16118,5901,0,5178,14095
2024-02-01,197,Enterprise,82161,6846.75,31520,8217,4216,0,18331,33105
2024-02-01,198,Enterprise,109512,9126.0,40603,6080,22,0,4847,16734
2024-02-01,199,Security,107290,8940.83,26676,12286,1873,0,11154,2322
2024-02-01,200,Enterprise,26307,2192.25,3175,15389,8535,0,29229,27315
2024-02-01,201,Core Platform,119299,9941.58,15992,10931,8196,0,8636,32821
2024-02-01,202,AI Suite,113064,9422.0,15968,11020,304,0,9884,7891
2024-02-01,203,Enterprise,129059,10754.92,22226,1657,685,0,24997,9030
2024-02-01,204,Security,142173,11847.75,31148,15161,5580,0,21370,18572
2024-02-01,205,Analytics,142866,11905.5,4657,8167,1835,0,18747,21815
2024-02-01,206,Security,112686,9390.5,12693,6701,2019,0,3949,23897
2024-02-01,207,Security,48563,4046.92,42549,16574,6047,0,23630,38511
2024-02-01,208,Security,39244,3270.33,43771,18081,2260,0,21725,30381
2024-02-01,209,AI Suite,105242,8770.17,43022,6557,3827,0,17227,31484
2024-02-01,210,Core Platform,86212,7184.33,16386,18160,1633,0,25885,14312
2024-02-01,211,Analytics,94291,7857.58,38130,10880,1829,0,4249,19672
2024-02-01,212,Analytics,31112,2592.67,40526,16617,9194,0,12932,18571
2024-02-01,213,Security,119046,9920.5,11877,15218,2091,0,8305,39323
2024-02-01,214,Core Platform,111532,9294.33,33432,10372,2984,0,9759,21683
2024-02-01,215,Analytics,90110,7509.17,18918,15944,5500,0,20132,35233
2024-02-01,216,AI Suite,146645,12220.42,26243,5834,8670,0,28825,37094
2024-02-01,217,AI Suite,24683,2056.92,14437,13218,3268,0,21762,29726
2024-02-01,218,Security,99066,8255.5,22476,3798,9257,0,20343,31201
2024-02-01,219,Enterprise,50705,4225.42,18248,10454,9667,0,29256,18561
2024-02-01,220,Analytics,98608,8217.33,45810,10695,7994,0,8052,39401
2024-02-01,221,Security,135735,11311.25,28460,9316,4631,0,2260,5469
2024-02-01,222,AI Suite,60187,5015.58,29227,3540,3646,0,18497,28852
2024-02-01,223,AI Suite,139295,11607.92,1012,3538,5678,0,783,17031
2024-02-01,224,AI Suite,77792,6482.67,17220,12028,7431,0,18231,14848
2024-02-01,225,AI Suite,146367,12197.25,27286,11393,3749,0,27659,15255
2024-02-01,226,Enterprise,64675,5389.58,12244,6926,553,0,27431,13309
2024-02-01,227,Enterprise,166030,13835.83,30453,17997,873,0,27704,17947
2024-02-01,228,AI Suite,34948,2912.33,42948,19716,9732,0,6540,27945
2024-02-01,229,Security,125991,10499.25,12225,18117,3535,0,3955,36265
2024-02-01,230,Enterprise,82772,6897.67,15487,10068,7944,0,24127,37316
2024-02-01,231,Enterprise,160175,13347.92,22198,17672,1874,0,0,19323
2024-02-01,232,Security,89478,7456.5,46313,17575,7626,0,29486,20966
2024-02-01,233,Analytics,155299,12941.58,6883,14825,3279,0,1014,25023
2024-02-01,234,Analytics,90010,7500.83,44509,4049,5260,0,20625,37772
2024-02-01,235,Analytics,36312,3026.0,31812,3515,5156,0,29269,37876
2024-02-01,236,Analytics,0,0.0,34021,2618,4396,104637,29311,32591
2024-02-01,237,Security,100384,8365.33,34441,12109,3450,0,20690,8081
2024-02-01,238,AI Suite,61111,5092.58,46714,7619,996,0,8579,16847
2024-02-01,239,AI Suite,116792,9732.67,31212,11721,8221,0,1422,33952
2024-02-01,240,Security,138792,11566.0,23813,7189,8340,0,7582,15828
2024-02-01,241,Security,47870,3989.17,16561,12297,6307,0,20773,1540
2024-02-01,242,Enterprise,14375,1197.92,25309,11430,2102,0,24124,5755
2024-02-01,243,Enterprise,142864,11905.33,23017,11856,518,0,7319,32773
2024-02-01,244,Enterprise,144175,12014.58,17886,17165,6415,0,21465,34033
2024-02-01,245,Analytics,110758,9229.83,36989,7232,5596,0,26742,37771
2024-02-01,246,AI Suite,87194,7266.17,29833,9731,7917,0,6181,7587
2024-02-01,247,Core Platform,138369,11530.75,35310,6672,1498,0,635,10879
2024-02-01,248,Analytics,55131,4594.25,30478,18219,4736,0,13035,39883
2024-02-01,249,Analytics,49019,4084.92,42584,18899,7749,0,24928,38280
2024-02-01,250,Enterprise,91793,7649.42,47715,3969,4265,0,21616,6411
2024-02-01,251,Analytics,130920,10910.0,23776,17383,2088,0,29566,11793
2024-02-01,252,Security,42729,3560.75,43402,5531,3570,0,7134,4187
2024-02-01,253,AI Suite,95694,7974.5,35698,171,2403,0,4318,22786
2024-02-01,254,AI Suite,103817,8651.42,22350,7824,2010,0,25818,30464
2024-02-01,255,Enterprise,107176,8931.33,26557,18350,5597,0,2613,39646
2024-02-01,256,Enterprise,25037,2086.42,4950,6553,375,0,6528,7609
2024-02-01,257,Security,92843,7736.92,37186,1873,8686,0,1667,21349
2024-02-01,258,Enterprise,17766,1480.5,31285,18941,7374,0,8784,20296
2024-02-01,259,Analytics,27884,2323.67,45500,1469,3492,0,28990,29373
2024-02-01,260,Enterprise,91362,7613.5,36532,19137,4964,0,15742,30062
2024-02-01,261,Core Platform,104360,8696.67,32053,13727,3030,0,25754,39650
2024-02-01,262,Security,35315,2942.92,36860,15732,1333,0,6564,10065
2024-02-01,263,Analytics,63051,5254.25,47852,8742,6008,0,1298,11089
2024-02-01,264,Enterprise,92518,7709.83,19275,5888,2954,0,6452,8774
2024-02-01,265,Enterprise,67522,5626.83,9296,15206,4895,0,17534,3652
2024-02-01,266,Core Platform,61109,5092.42,9949,15820,7977,0,4870,14291
2024-02-01,267,Analytics,151124,12593.67,21089,11712,7602,0,21287,1650
2024-02-01,268,AI Suite,144965,12080.42,28421,19964,3514,0,4813,23010
2024-02-01,269,Core Platform,150749,12562.42,21693,4223,3135,0,471,8505
2024-02-01,270,Analytics,12750,1062.5,9594,18763,6013,15090,26304,14774
2024-02-01,271,Enterprise,57881,4823.42,39519,18450,2998,0,13107,29969
2024-02-01,272,Enterprise,84964,7080.33,44870,16893,918,0,25919,35959
2024-02-01,273,Enterprise,82151,6845.92,27392,6387,3057,0,11407,39068
2024-02-01,274,Security,139144,11595.33,32638,6253,651,0,13868,14570
2024-02-01,275,Enterprise,23667,1972.25,3761,874,5118,0,504,35185
2024-02-01,276,Security,25564,2130.33,18579,14344,211,0,6953,37433
2024-02-01,277,AI Suite,83849,6987.42,34201,10930,2360,0,5289,19399
2024-02-01,278,Core Platform,131826,10985.5,19420,3065,8642,0,13004,23067
2024-02-01,279,AI Suite,155314,12942.83,37625,13958,3945,0,1916,10906
2024-02-01,280,Enterprise,125763,10480.25,12817,11800,9617,0,2334,39737
2024-02-01,281,Core Platform,53985,4498.75,1252,17814,9903,0,420,31012
2024-02-01,282,Enterprise,99670,8305.83,24529,6573,6481,0,19579,24286
2024-02-01,283,AI Suite,15916,1326.33,11494,5703,2954,0,252,91
2024-02-01,284,Security,66992,5582.67,42552,11856,8413,0,21501,19707
2024-02-01,285,Security,86642,7220.17,11599,15900,7314,0,24065,35272
2024-02-01,286,Enterprise,135591,11299.25,37413,6211,8200,0,5309,36189
2024-02-01,287,AI Suite,57096,4758.0,45753,16766,1739,0,11333,34166
2024-02-01,288,Core Platform,132156,11013.0,39144,4518,4326,0,3980,5336
2024-02-01,289,Analytics,132305,11025.42,11109,7253,1507,0,21611,37094
2024-02-01,290,AI Suite,141587,11798.92,49987,16312,5718,0,11028,13522
2024-02-01,291,AI Suite,63615,5301.25,15736,10363,4845,0,27846,7162
2024-02-01,292,Security,53062,4421.83,33636,15237,5986,0,18215,1652
2024-02-01,293,Enterprise,13446,1120.5,1307,1297,2268,0,3323,33007
2024-02-01,294,Core Platform,24063,2005.25,42670,15739,3631,0,13032,39743
2024-02-01,295,AI Suite,92122,7676.83,26690,6367,445,0,5498,707
2024-02-01,296,AI Suite,75547,6295.58,44963,329,5637,0,26757,35499
2024-02-01,297,Core Platform,15713,1309.42,34930,15055,7650,0,6367,9157
2024-02-01,298,Core Platform,135005,11250.42,34412,11495,7706,0,28259,27326
2024-02-01,299,Enterprise,28269,2355.75,49690,1925,9179,0,9678,12994
2024-02-01,300,Core Platform,93173,7764.42,7275,4088,457,0,8654,31582
2024-02-01,301,Analytics,136101,11341.75,13784,1033,4284,0,8103,22690
2024-02-01,302,Security,133891,11157.58,44848,19313,2511,0,727,17094
2024-02-01,303,Analytics,126190,10515.83,5350,5787,3162,0,22550,20607
2024-02-01,304,Security,88027,7335.58,21737,11638,3651,0,13623,35689
2024-02-01,305,Security,84912,7076.0,30778,11307,9749,0,12803,34721
2024-02-01,306,AI Suite,147278,12273.17,21395,317,2335,0,10864,17115
2024-02-01,307,AI Suite,86690,7224.17,14600,19754,3897,0,4273,5968
2024-02-01,308,Enterprise,140028,11669.0,15411,6744,3813,0,2913,13616
2024-02-01,309,Enterprise,129978,10831.5,21871,14920,1598,0,20483,16730
2024-02-01,310,Security,147485,12290.42,48693,16062,6061,0,17695,24672
2024-02-01,311,Security,155028,12919.0,2027,8564,1605,0,5804,17070
2024-02-01,312,Enterprise,80283,6690.25,3407,12979,9665,0,5235,37487
2024-02-01,313,Analytics,78075,6506.25,45542,19521,3462,0,10555,35822
2024-02-01,314,Security,148681,12390.08,5627,2190,1632,0,1421,11106
2024-02-01,315,Security,61719,5143.25,32129,15239,4885,0,9692,33967
2024-02-01,316,Security,118089,9840.75,15944,17622,9505,0,704,8819
2024-02-01,317,Analytics,88798,7399.83,20500,14687,2177,0,13584,21874
2024-02-01,318,Security,66355,5529.58,35197,6340,3408,0,27706,8989
2024-02-01,319,AI Suite,36675,3056.25,5596,7326,6585,0,26140,29855
2024-02-01,320,Analytics,50514,4209.5,45879,19076,6535,0,12123,16225
2024-02-01,321,Core Platform,58715,4892.92,41542,123,810,0,10544,29110
2024-02-01,322,Core Platform,47741,3978.42,36186,11693,3556,0,4595,16968
2024-02-01,323,Enterprise,67060,5588.33,11261,11546,4532,0,18752,6799
2024-02-01,324,Enterprise,25321,2110.08,41445,8298,5862,0,18876,20331
2024-02-01,325,Security,31957,2663.08,16325,12857,5114,0,25011,16349
2024-02-01,326,Enterprise,75717,6309.75,37973,50,3389,0,12723,3657
2024-02-01,327,Analytics,72867,6072.25,10257,17810,3105,0,14371,122
2024-02-01,328,Security,158705,13225.42,35093,15962,2955,0,10492,29204
2024-02-01,329,Analytics,15308,1275.67,46036,9098,8267,0,20489,27332
2024-02-01,330,Core Platform,104070,8672.5,2363,10210,893,0,11369,17736
2024-02-01,331,Core Platform,88515,7376.25,25976,14471,4853,0,23303,25956
2024-02-01,332,AI Suite,71264,5938.67,18716,2202,3728,0,12041,31909
2024-02-01,333,Enterprise,137133,11427.75,5494,9292,3084,0,5465,34928
2024-02-01,334,Security,58223,4851.92,6595,4668,8934,0,16799,23549
2024-02-01,335,Security,115442,9620.17,11085,15585,8965,0,9251,32367
2024-02-01,336,AI Suite,36856,3071.33,42386,13698,8009,0,12543,28655
2024-02-01,337,Enterprise,90912,7576.0,40861,11656,9321,0,16672,21538
2024-02-01,338,Enterprise,125632,10469.33,40730,11077,9987,0,12855,7450
2024-02-01,339,Enterprise,22767,1897.25,25867,4697,6004,0,5982,35063
2024-02-01,340,AI Suite,127098,10591.5,27935,17319,6425,0,25402,3280
2024-02-01,341,Enterprise,84465,7038.75,15087,19891,9030,0,21702,31377
2024-02-01,342,Core Platform,140188,11682.33,44210,12219,6253,0,11928,31833
2024-02-01,343,Core Platform,108050,9004.17,4739,18093,7885,0,8884,27454
2024-02-01,344,Core Platform,18584,1548.67,20117,7595,6063,0,11783,38193
2024-02-01,345,AI Suite,80685,6723.75,20090,15223,3901,0,27696,24739
2024-02-01,346,AI Suite,14207,1183.92,13112,13242,5884,0,17934,15223
2024-02-01,347,Security,118034,9836.17,32556,11102,8684,0,22434,8526
2024-02-01,348,Security,78079,6506.58,6634,6532,7003,0,11731,10189
2024-02-01,349,Security,94188,7849.0,32973,18146,7102,0,29692,12725
2024-02-01,350,AI Suite,124170,10347.5,40592,5650,7322,0,19138,24163
2024-02-01,351,AI Suite,94082,7840.17,36621,14761,339,0,27294,34880
2024-02-01,352,Core Platform,46148,3845.67,35426,12057,7724,0,21694,1569
2024-02-01,353,Security,90865,7572.08,3520,16227,8828,0,25219,16317
2024-02-01,354,Core Platform,110500,9208.33,15836,17726,7821,0,27197,4285
2024-02-01,355,Core Platform,79348,6612.33,29584,18392,3853,0,20252,27021
2024-02-01,356,Analytics,136008,11334.0,36779,18109,6642,0,19050,10296
2024-02-01,357,AI Suite,9179,764.92,14052,6884,9645,0,7192,2293
2024-02-01,358,Enterprise,20890,1740.83,38335,9449,9243,0,22639,22127
2024-02-01,359,Enterprise,14017,1168.08,4176,3843,7580,0,5673,15072
2024-02-01,360,Enterprise,138835,11569.58,49506,19238,1107,0,4213,5674
2024-02-01,361,Security,488,40.67,47572,3085,2597,79145,28964,17477
2024-02-01,362,Security,88234,7352.83,25667,3958,5720,0,19267,18133
2024-02-01,363,Enterprise,96410,8034.17,33778,12910,2309,0,29822,21993
2024-02-01,364,Enterprise,81521,6793.42,8421,15188,445,0,492,2706
2024-02-01,365,AI Suite,136908,11409.0,21887,3840,3523,0,21474,38872
2024-02-01,366,Security,119788,9982.33,12778,1236,1708,0,11332,27552
2024-02-01,367,Analytics,126166,10513.83,27354,4733,633,0,22497,14557
2024-02-01,368,AI Suite,107616,8968.0,14727,13466,8048,0,14087,29873
2024-02-01,369,Analytics,64182,5348.5,34200,4363,5437,0,19339,5569
2024-02-01,370,Analytics,20483,1706.92,12198,10675,3489,0,23629,34874
2024-02-01,371,Security,95152,7929.33,2902,10557,2871,0,28793,22024
2024-02-01,372,Enterprise,81858,6821.5,36346,7695,6055,0,19388,10640
2024-02-01,373,AI Suite,142957,11913.08,1396,17993,3937,0,20164,15085
2024-02-01,374,Analytics,97255,8104.58,4205,7593,1026,0,16590,38856
2024-02-01,375,Enterprise,42138,3511.5,37028,12147,3982,0,20179,19539
2024-02-01,376,AI Suite,29419,2451.58,15888,4632,1508,0,17131,1961
2024-02-01,377,Analytics,71652,5971.0,13109,12726,9438,0,23109,11786
2024-02-01,378,Enterprise,107563,8963.58,40732,16513,6266,0,1714,22789
2024-02-01,379,Core Platform,27189,2265.75,5448,18974,8052,0,14985,8541
2024-02-01,380,Analytics,28851,2404.25,26466,2946,5538,0,603,23306
2024-02-01,381,Core Platform,89930,7494.17,44408,13846,1489,0,18406,11474
2024-02-01,382,AI Suite,94540,7878.33,11132,10021,5433,0,25022,35695
2024-02-01,383,Security,78022,6501.83,1201,2003,8020,0,11438,23269
2024-02-01,384,Security,83019,6918.25,23792,19986,8269,0,13151,3950
2024-02-01,385,Analytics,71544,5962.0,23584,9720,4950,0,1347,38291
2024-02-01,386,Core Platform,85389,7115.75,2207,109,2740,0,16867,15645
2024-02-01,387,AI Suite,88618,7384.83,6319,9290,4211,0,16295,24232
2024-02-01,388,Analytics,76998,6416.5,42002,8361,7867,0,26703,24785
2024-02-01,389,AI Suite,77365,6447.08,19529,16690,5002,0,8714,35394
2024-02-01,390,AI Suite,58306,4858.83,21109,11689,9863,0,3471,22119
2024-02-01,391,Security,125754,10479.5,16780,7608,4789,0,17047,24079
2024-02-01,392,Enterprise,112508,9375.67,4862,9687,2961,0,25417,27611
2024-02-01,393,AI Suite,144071,12005.92,30506,7268,944,0,28984,5486
2024-02-01,394,Analytics,21904,1825.33,10042,15132,3164,0,4742,7847
2024-02-01,395,Enterprise,55536,4628.0,23474,16923,9725,0,26647,27053
2024-02-01,396,Analytics,109722,9143.5,20742,17382,9224,0,10328,34381
2024-02-01,397,Analytics,69119,5759.92,5588,16158,5635,0,17189,13412
2024-02-01,398,AI Suite,35062,2921.83,5102,3140,9814,0,19390,19756
2024-02-01,399,Enterprise,139449,11620.75,9642,18293,5894,0,29640,13886
2024-02-01,400,Security,97518,8126.5,17736,6215,2756,0,1108,35857
2024-02-01,401,Security,92072,7672.67,43357,16981,8144,0,4535,32449
2024-02-01,402,Core Platform,0,0.0,41769,6478,8958,94659,10058,8402
2024-02-01,403,Enterprise,84470,7039.17,18050,10594,5858,0,22442,36311
2024-02-01,404,Enterprise,43952,3662.67,9253,876,5624,0,24372,22656
2024-02-01,405,AI Suite,78345,6528.75,4510,17886,2958,0,23659,33296
2024-02-01,406,Security,106494,8874.5,9029,6944,3699,0,27247,9273
2024-02-01,407,Security,70255,5854.58,30380,15358,50,0,12094,22147
2024-02-01,408,Security,14280,1190.0,48127,69,6039,0,19619,4612
2024-02-01,409,Security,57077,4756.42,48275,16203,1092,0,8298,13641
2024-02-01,410,Enterprise,79407,6617.25,40598,134,6999,0,11625,10573
2024-02-01,411,Analytics,89140,7428.33,17043,14169,3063,0,7642,37482
2024-02-01,412,Enterprise,148959,12413.25,27075,12063,2540,0,1013,32266
2024-02-01,413,Analytics,69301,5775.08,10554,5314,303,0,15177,10527
2024-02-01,414,Analytics,125971,10497.58,9732,1869,7931,0,9525,34778
2024-02-01,415,Security,6268,522.33,37813,5513,5733,0,23192,21147
2024-02-01,416,Analytics,52524,4377.0,49311,2270,7627,0,6566,15741
2024-02-01,417,AI Suite,97705,8142.08,9178,1884,9776,0,10050,15596
2024-02-01,418,Core Platform,53889,4490.75,8142,7773,3902,0,23197,615
2024-02-01,419,Security,82088,6840.67,31601,149,1604,0,4207,28476
2024-02-01,420,Security,19953,1662.75,12431,15682,8238,0,17879,36901
2024-02-01,421,AI Suite,25087,2090.58,49587,6232,9661,0,17244,39457
2024-02-01,422,Analytics,24477,2039.75,41549,3070,5678,0,4088,13497
2024-02-01,423,Security,55386,4615.5,21011,19187,1961,0,23554,7208
2024-02-01,424,Core Platform,71730,5977.5,42862,19011,6329,0,28157,5926
2024-02-01,425,AI Suite,101176,8431.33,10247,16350,8058,0,26094,5340
2024-02-01,426,Analytics,35126,2927.17,4519,16343,1841,0,16510,18741
2024-02-01,427,Analytics,85955,7162.92,12826,17579,5715,0,2688,38559
2024-02-01,428,Core Platform,76124,6343.67,21721,14521,6768,0,28387,25295
2024-02-01,429,Security,59617,4968.08,24717,491,6658,0,1438,6497
2024-02-01,430,AI Suite,81060,6755.0,6469,12359,6504,0,18955,27728
2024-02-01,431,Analytics,50027,4168.92,24071,13449,2266,0,14442,21849
2024-02-01,432,Enterprise,128774,10731.17,22035,3911,6254,0,24687,2293
2024-02-01,433,AI Suite,65284,5440.33,5900,2978,6412,0,1004,12133
2024-02-01,434,AI Suite,49315,4109.58,40544,5779,5895,0,2662,38261
2024-02-01,435,Security,32716,2726.33,40649,5487,6827,0,20139,14299
2024-02-01,436,AI Suite,93665,7805.42,37860,2339,9193,0,15528,39796
2024-02-01,437,Security,135730,11310.83,10922,11202,5473,0,5649,10331
2024-02-01,438,Enterprise,36817,3068.08,1345,15651,9760,0,16856,4646
2024-02-01,439,Analytics,68306,5692.17,21273,1463,1828,0,7884,23153
2024-02-01,440,AI Suite,38603,3216.92,38214,10429,3764,0,26914,24452
2024-02-01,441,Core Platform,82287,6857.25,30059,5978,7635,0,10304,34012
2024-02-01,442,Analytics,137078,11423.17,49401,852,8393,0,26595,23114
2024-02-01,443,Security,115646,9637.17,9580,17818,5310,0,21013,5176
2024-02-01,444,Analytics,109530,9127.5,10430,5704,401,0,15501,37766
2024-02-01,445,Analytics,87567,7297.25,20833,12577,698,0,13333,15214
2024-02-01,446,Security,31706,2642.17,28132,19977,6186,0,13869,33048
2024-02-01,447,Security,30628,2552.33,37173,2303,1301,0,25619,17680
2024-02-01,448,Enterprise,105049,8754.08,30713,2814,8681,0,21531,5167
2024-02-01,449,AI Suite,102279,8523.25,19531,2600,2762,0,17072,14225
2024-02-01,450,AI Suite,144368,12030.67,1052,16325,468,0,29304,33889
2024-02-01,451,Security,2958,246.5,9239,8940,5982,83629,25977,14805
2024-02-01,452,Analytics,86078,7173.17,5591,2325,3285,0,6200,19234
2024-02-01,453,AI Suite,122670,10222.5,24475,3431,2364,0,20748,21774
2024-02-01,454,Security,22691,1890.92,13526,501,6102,0,14974,14519
2024-02-01,455,Analytics,40617,3384.75,43040,17566,6112,0,14074,31198
2024-02-01,456,Enterprise,103721,8643.42,21919,17670,3111,0,4591,9511
2024-02-01,457,Security,128543,10711.92,27868,8104,2563,0,14018,8684
2024-02-01,458,Security,102876,8573.0,4186,4904,2289,0,2973,39687
2024-02-01,459,Core Platform,110822,9235.17,24212,14534,7234,0,23014,8433
2024-02-01,460,Enterprise,21215,1767.92,13870,14538,3255,0,3353,27301
2024-02-01,461,AI Suite,60785,5065.42,17485,19520,9805,0,13998,15081
2024-02-01,462,Security,88342,7361.83,24352,18982,3317,0,4003,22173
2024-02-01,463,Security,55805,4650.42,42229,18889,3971,0,27541,10436
2024-02-01,464,Core Platform,59725,4977.08,2821,10007,3632,0,24819,12861
2024-02-01,465,AI Suite,73746,6145.5,37749,8884,3136,0,9513,21079
2024-02-01,466,AI Suite,28406,2367.17,23151,2577,5955,0,3609,12418
2024-02-01,467,Security,113464,9455.33,47341,883,8404,0,15575,20772
2024-02-01,468,Analytics,75445,6287.08,7747,15957,5290,0,10924,1386
2024-02-01,469,Enterprise,3242,270.17,43349,5228,9130,0,17242,14753
2024-02-01,470,Enterprise,88551,7379.25,37738,11102,2187,0,24127,31550
2024-02-01,471,Enterprise,157057,13088.08,30878,16588,6293,0,8529,14557
2024-02-01,472,AI Suite,37205,3100.42,39756,18423,8794,0,20576,35081
2024-02-01,473,Core Platform,51131,4260.92,36999,9543,7553,0,19477,5092
2024-02-01,474,AI Suite,129005,10750.42,40148,2960,8743,0,28323,24877
2024-02-01,475,Core Platform,127626,10635.5,36986,2495,5893,0,22745,26111
2024-02-01,476,Core Platform,0,0.0,31830,106,8216,72959,15864,8983
2024-02-01,477,Core Platform,55802,4650.17,31054,11711,7772,0,9441,32833
2024-02-01,478,AI Suite,67658,5638.17,40683,16572,6878,0,21633,1219
2024-02-01,479,Analytics,72255,6021.25,34755,17194,4363,0,134,27651
2024-02-01,480,Analytics,77022,6418.5,29282,10098,3220,0,5820,12924
2024-02-01,481,Analytics,63030,5252.5,33805,10763,8474,0,18787,39755
2024-02-01,482,Security,7728,644.0,23648,5965,7214,0,12087,718
2024-02-01,483,Security,61152,5096.0,36562,17583,6271,0,13745,20756
2024-02-01,484,Core Platform,135930,11327.5,21018,4720,2601,0,26946,7387
2024-02-01,485,Core Platform,31549,2629.08,1957,2222,7223,0,7029,22606
2024-02-01,486,Enterprise,80715,6726.25,36264,5566,8827,0,5284,27903
2024-02-01,487,Analytics,43341,3611.75,49012,1243,1699,0,14208,12406
2024-02-01,488,Core Platform,43429,3619.08,14908,19267,7561,0,29218,25313
2024-02-01,489,Security,44178,3681.5,46442,8354,6026,0,19605,2417
2024-02-01,490,Enterprise,60725,5060.42,14629,18571,6277,0,20811,7012
2024-02-01,491,AI Suite,76578,6381.5,47367,3005,6586,0,3558,21147
2024-02-01,492,Enterprise,50144,4178.67,42840,1459,7899,0,1711,2019
2024-02-01,493,Security,12355,1029.58,33640,19296,6941,123573,151,16640
2024-02-01,494,Analytics,58296,4858.0,21690,9838,7378,0,9235,17912
2024-02-01,495,Analytics,59251,4937.58,34506,19763,1956,0,27576,35744
2024-02-01,496,AI Suite,165228,13769.0,33626,17675,1570,0,4757,1560
2024-02-01,497,AI Suite,73366,6113.83,35563,18637,118,0,10833,9171
2024-02-01,498,AI Suite,26406,2200.5,16749,12976,7388,0,13161,1478
2024-02-01,499,AI Suite,64954,5412.83,10155,7618,3803,0,13576,6482
2024-02-01,500,AI Suite,108348,9029.0,5810,18596,280,0,13359,23745
2024-03-01,1,Analytics,53480,4456.67,35210,6110,7100,0,23778,10380
2024-03-01,2,Security,141264,11772.0,5355,1380,6735,0,11006,23988
2024-03-01,3,Security,132199,11016.58,7122,1192,639,0,27805,21256
2024-03-01,4,Core Platform,83994,6999.5,6890,12325,1261,0,25819,32538
2024-03-01,5,Security,110335,9194.58,46450,8417,5354,0,20283,36200
2024-03-01,6,Analytics,67213,5601.08,16694,7172,4461,0,8306,4164
2024-03-01,7,Core Platform,130731,10894.25,16174,15917,1187,0,25860,30750
2024-03-01,8,Analytics,83883,6990.25,40899,6387,2589,0,4498,10585
2024-03-01,9,Enterprise,132569,11047.42,7996,13825,247,0,11281,7357
2024-03-01,10,Core Platform,66745,5562.08,38683,18014,8660,0,17552,17676
2024-03-01,11,Core Platform,152299,12691.58,43797,8838,5322,0,18883,4502
2024-03-01,12,AI Suite,20454,1704.5,20330,8690,4969,0,19364,17693
2024-03-01,13,Enterprise,73440,6120.0,21472,16404,7298,0,29810,27374
2024-03-01,14,AI Suite,63995,5332.92,27960,15829,5593,0,4612,34159
2024-03-01,15,Core Platform,32835,2736.25,1998,5489,3385,0,28692,39062
2024-03-01,16,Enterprise,159970,13330.83,43968,15981,2215,0,20471,12180
2024-03-01,17,Core Platform,99383,8281.92,44891,5153,8692,0,14932,16146
2024-03-01,18,Enterprise,109144,9095.33,4952,17399,2011,0,19060,28801
2024-03-01,19,Core Platform,104415,8701.25,6283,5667,5081,0,22612,25054
2024-03-01,20,Enterprise,99105,8258.75,10261,8975,7836,0,28679,36499
2024-03-01,21,Enterprise,49732,4144.33,46136,6532,9539,0,7077,21510
2024-03-01,22,Enterprise,46540,3878.33,47620,1960,6266,0,29910,4846
2024-03-01,23,Core Platform,10040,836.67,48073,18841,8801,10298,25851,5811
2024-03-01,24,Analytics,23391,1949.25,19643,38,270,0,2578,38197
2024-03-01,25,Security,94883,7906.92,15276,11700,7335,0,11352,6542
2024-03-01,26,Security,127981,10665.08,36259,8919,9901,0,29942,8414
2024-03-01,27,AI Suite,38937,3244.75,27866,7089,1724,0,20927,36458
2024-03-01,28,Core Platform,124851,10404.25,41198,2621,7075,0,11674,24464
2024-03-01,29,AI Suite,23631,1969.25,39619,17582,8373,0,19715,5378
2024-03-01,30,Core Platform,150317,12526.42,39388,19147,4192,0,14315,11740
2024-03-01,31,Analytics,26410,2200.83,46061,7269,3999,0,19883,39770
2024-03-01,32,AI Suite,62168,5180.67,46040,17621,5252,0,14193,26599
2024-03-01,33,Security,61524,5127.0,42492,10741,6354,0,21519,19243
2024-03-01,34,AI Suite,44898,3741.5,19232,10752,2648,0,15147,38323
2024-03-01,35,Security,138966,11580.5,25607,6757,1527,0,20755,6961
2024-03-01,36,Security,127932,10661.0,1084,10767,7621,0,18217,17682
2024-03-01,37,Analytics,93063,7755.25,6393,8969,8129,0,935,21062
2024-03-01,38,Enterprise,138148,11512.33,6398,10312,5686,0,5292,31976
2024-03-01,39,Security,99357,8279.75,33403,4416,2214,0,20228,5237
2024-03-01,40,Enterprise,132678,11056.5,16774,13936,2341,0,10315,13247
2024-03-01,41,Analytics,95361,7946.75,14287,431,5604,0,18912,23651
2024-03-01,42,Enterprise,121694,10141.17,38103,17666,5457,0,29217,471
2024-03-01,43,Core Platform,65398,5449.83,44530,14201,5631,0,15471,19391
2024-03-01,44,Analytics,103838,8653.17,3526,2638,7102,0,29448,39638
2024-03-01,45,Analytics,84237,7019.75,18678,2512,1636,0,22872,3748
2024-03-01,46,Analytics,12984,1082.0,44660,19214,6230,65641,19329,26254
2024-03-01,47,Core Platform,48614,4051.17,49286,13263,8297,0,5912,23312
2024-03-01,48,Analytics,129550,10795.83,47358,4801,2244,0,7505,17405
2024-03-01,49,Security,34759,2896.58,36508,17049,9734,0,22471,1234
2024-03-01,50,AI Suite,11625,968.75,16788,18321,6696,124532,9414,6542
2024-03-01,51,Enterprise,35008,2917.33,45806,18792,825,0,13225,24275
2024-03-01,52,Core Platform,92406,7700.5,2812,18852,9396,0,27080,35283
2024-03-01,53,Core Platform,79071,6589.25,33241,17411,1361,0,19148,9221
2024-03-01,54,AI Suite,108719,9059.92,5710,2089,8324,0,27795,2457
2024-03-01,55,Enterprise,156100,13008.33,27038,19047,16,0,27723,39340
2024-03-01,56,Analytics,128051,10670.92,14285,12813,3403,0,18390,36574
2024-03-01,57,Analytics,86012,7167.67,7584,10226,3148,0,27028,39081
2024-03-01,58,Core Platform,84848,7070.67,2845,10465,3352,0,27668,26179
2024-03-01,59,AI Suite,39114,3259.5,48798,7744,7687,0,21613,37961
2024-03-01,60,Security,98264,8188.67,41001,2240,6492,0,5669,19254
2024-03-01,61,Core Platform,139432,11619.33,20398,16903,9632,0,7802,30105
2024-03-01,62,Core Platform,24351,2029.25,10769,2018,5073,0,729,24742
2024-03-01,63,Core Platform,38057,3171.42,27174,4598,3374,0,4157,16864
2024-03-01,64,AI Suite,84069,7005.75,9359,2563,3992,0,234,13174
2024-03-01,65,Enterprise,80351,6695.92,6960,660,5641,0,10484,29466
2024-03-01,66,Core Platform,133444,11120.33,18782,7356,5788,0,21612,29205
2024-03-01,67,Core Platform,79586,6632.17,23411,3900,9928,0,23510,20212
2024-03-01,68,Enterprise,18145,1512.08,19088,7704,4501,0,9417,33232
2024-03-01,69,Core Platform,43411,3617.58,30238,7880,2405,0,22927,3157
2024-03-01,70,AI Suite,62593,5216.08,42176,3117,9100,0,6906,16074
2024-03-01,71,Security,75436,6286.33,8996,451,6709,0,20444,29620
2024-03-01,72,Analytics,44747,3728.92,18550,527,2720,0,5664,3284
2024-03-01,73,Analytics,111987,9332.25,40372,7403,2172,0,16877,27954
2024-03-01,74,Core Platform,44598,3716.5,13315,9228,8646,0,22202,39290
2024-03-01,75,Core Platform,83276,6939.67,25738,1518,1842,0,3500,37391
2024-03-01,76,Security,42127,3510.58,25999,9239,379,0,2035,11120
2024-03-01,77,AI Suite,26694,2224.5,39902,5311,6286,0,25978,2612
2024-03-01,78,Analytics,46954,3912.83,36738,12952,8537,0,28444,1234
2024-03-01,79,Enterprise,59014,4917.83,26935,14120,2902,0,21229,13684
2024-03-01,80,AI Suite,121260,10105.0,20702,18493,7318,0,28941,18687
2024-03-01,81,Core Platform,47463,3955.25,15289,14787,9070,0,1226,34863
2024-03-01,82,Enterprise,30844,2570.33,47316,19804,6448,0,24354,18515
2024-03-01,83,AI Suite,153985,12832.08,47922,11898,1763,0,13955,2731
2024-03-01,84,Core Platform,113147,9428.92,46425,7396,2395,0,22286,24580
2024-03-01,85,Security,116907,9742.25,20655,12142,5760,0,15035,21079
2024-03-01,86,Analytics,20182,1681.83,44003,6653,5790,0,3699,761
2024-03-01,87,Analytics,119353,9946.08,44925,10215,8749,0,2556,22200
2024-03-01,88,Core Platform,22442,1870.17,27203,19025,4373,0,796,39348
2024-03-01,89,Enterprise,46364,3863.67,23544,8812,4209,0,6723,8355
2024-03-01,90,AI Suite,26867,2238.92,44200,1181,9438,0,6473,10304
2024-03-01,91,Security,148264,12355.33,42164,19431,3623,0,23216,9877
2024-03-01,92,AI Suite,151841,12653.42,23132,9914,4746,0,3467,24270
2024-03-01,93,Enterprise,92148,7679.0,10474,9947,1350,0,28941,10387
2024-03-01,94,Analytics,0,0.0,38413,326,9475,0,20568,26155
2024-03-01,95,Analytics,152844,12737.0,2246,11487,2102,0,28865,11957
2024-03-01,96,Security,128718,10726.5,45057,14208,2566,0,11625,26558
2024-03-01,97,Enterprise,28704,2392.0,26829,8947,2868,0,5992,19212
2024-03-01,98,Analytics,38395,3199.58,35877,3625,4672,0,19577,20947
2024-03-01,99,Core Platform,163397,13616.42,24474,19183,559,0,13180,2637
2024-03-01,100,Analytics,71608,5967.33,7911,16873,1123,0,23054,37477
2024-03-01,101,AI Suite,41897,3491.42,10169,18320,3599,0,14430,35810
2024-03-01,102,Core Platform,34453,2871.08,32636,17958,4618,0,21882,38188
2024-03-01,103,Analytics,101965,8497.08,37010,1649,8207,0,23145,14151
2024-03-01,104,AI Suite,154490,12874.17,29329,10992,1642,0,20819,25554
2024-03-01,105,Analytics,38339,3194.92,9998,11112,9,0,18971,6346
2024-03-01,106,Core Platform,54758,4563.17,20557,1649,8065,0,23203,16601
2024-03-01,107,Analytics,45248,3770.67,41199,11408,8281,0,10527,39326
2024-03-01,108,Enterprise,132929,11077.42,2998,16614,1063,0,15331,38320
2024-03-01,109,Enterprise,68992,5749.33,12981,11745,2402,0,4554,8116
2024-03-01,110,Security,25795,2149.58,43797,1249,908,0,21178,37844
2024-03-01,111,Analytics,131558,10963.17,13923,8316,1961,0,10848,15991
2024-03-01,112,Enterprise,132399,11033.25,7808,17251,8011,0,26212,25268
2024-03-01,113,Enterprise,107041,8920.08,3915,12072,2032,0,26578,9086
2024-03-01,114,Enterprise,116024,9668.67,19907,18917,6549,0,5961,4582
2024-03-01,115,Security,142414,11867.83,25630,3390,7429,0,9426,16266
2024-03-01,116,AI Suite,120368,10030.67,23090,19658,9183,0,7870,19557
2024-03-01,117,Enterprise,9931,827.58,19820,8879,6258,0,11218,15076
2024-03-01,118,Security,21631,1802.58,29407,5567,0,0,13178,28899
2024-03-01,119,Security,110212,9184.33,5388,2138,9715,0,23748,37506
2024-03-01,120,AI Suite,118873,9906.08,2470,18175,5743,0,12961,1414
2024-03-01,121,Security,43999,3666.58,28753,4109,851,0,7868,8278
2024-03-01,122,Enterprise,84775,7064.58,12001,12940,3878,0,23527,6456
2024-03-01,123,Analytics,55481,4623.42,23944,15344,2712,0,8309,3565
2024-03-01,124,Enterprise,71584,5965.33,47766,11318,1566,0,26663,884
2024-03-01,125,Security,130422,10868.5,7406,16312,7207,0,4781,22507
2024-03-01,126,Security,117107,9758.92,38098,10358,6555,0,4108,16334
2024-03-01,127,Enterprise,138123,11510.25,18196,19974,4620,0,20299,9477
2024-03-01,128,Security,142715,11892.92,37969,8787,8414,0,18705,25748
2024-03-01,129,AI Suite,61272,5106.0,35962,2115,1568,0,19029,10670
2024-03-01,130,Core Platform,41294,3441.17,6928,13735,4094,0,8691,12186
2024-03-01,131,Core Platform,58614,4884.5,42318,6479,2115,0,11922,37882
2024-03-01,132,Enterprise,39968,3330.67,44719,5425,6115,0,13195,8517
2024-03-01,133,Core Platform,93329,7777.42,33762,2847,1332,0,8064,37293
2024-03-01,134,Core Platform,85666,7138.83,3091,7953,981,0,24054,772
2024-03-01,135,Core Platform,110402,9200.17,15867,1208,7442,0,15194,38171
2024-03-01,136,AI Suite,36978,3081.5,29786,4492,3725,0,29653,17371
2024-03-01,137,Security,57515,4792.92,27235,13867,7400,0,3364,2399
2024-03-01,138,AI Suite,99169,8264.08,23422,15212,4865,0,21716,32741
2024-03-01,139,Core Platform,23220,1935.0,16248,14562,4812,0,18613,11600
2024-03-01,140,Core Platform,75790,6315.83,19105,15576,7031,0,13260,12262
2024-03-01,141,Analytics,106657,8888.08,18771,11521,6763,0,9367,24388
2024-03-01,142,Analytics,36161,3013.42,22819,7395,5596,0,20862,16071
2024-03-01,143,Enterprise,111970,9330.83,25840,15193,859,0,29438,38031
2024-03-01,144,Security,137709,11475.75,32724,11915,9869,0,29338,27648
2024-03-01,145,Security,95417,7951.42,23665,6371,6347,0,25791,12985
2024-03-01,146,Analytics,0,0.0,45846,2935,7663,126801,29514,37227
2024-03-01,147,Security,80263,6688.58,44244,10475,2419,0,20865,15018
2024-03-01,148,Analytics,63011,5250.92,29088,15771,7770,0,16553,25674
2024-03-01,149,Analytics,79371,6614.25,19585,6612,9678,0,3640,16505
2024-03-01,150,Security,36001,3000.08,49710,14220,4721,0,23687,17188
2024-03-01,151,Security,124354,10362.83,45840,10085,5311,0,7471,13030
2024-03-01,152,Security,139442,11620.17,12300,10062,6079,0,23249,36393
2024-03-01,153,Core Platform,103484,8623.67,35809,11114,4403,0,28958,18643
2024-03-01,154,Core Platform,138903,11575.25,22085,12199,4278,0,23128,37035
2024-03-01,155,Enterprise,103359,8613.25,29205,1104,886,0,8653,5604
2024-03-01,156,AI Suite,53316,4443.0,39037,11024,3235,0,6848,28974
2024-03-01,157,AI Suite,81908,6825.67,33554,7887,9217,0,23828,9620
2024-03-01,158,AI Suite,85548,7129.0,2608,14705,9238,0,6044,24877
2024-03-01,159,Analytics,59984,4998.67,5465,3141,9200,0,7866,35614
2024-03-01,160,Enterprise,86647,7220.58,42331,4112,3664,0,9274,13727
2024-03-01,161,Core Platform,61609,5134.08,37600,19995,6793,0,2218,37711
2024-03-01,162,Analytics,82425,6868.75,46927,12577,3919,0,15045,32160
2024-03-01,163,Core Platform,90285,7523.75,31305,8914,1633,0,17230,38770
2024-03-01,164,Analytics,82826,6902.17,19826,10187,9456,0,10220,38825
2024-03-01,165,Security,128383,10698.58,2121,8892,3170,0,10654,19467
2024-03-01,166,Enterprise,58249,4854.08,21773,1070,5973,0,6025,39403
2024-03-01,167,Security,6898,574.83,34893,10320,3422,85850,23078,39507
2024-03-01,168,AI Suite,89784,7482.0,27342,11932,8987,0,11550,22187
2024-03-01,169,Analytics,91077,7589.75,8808,7659,2319,0,9412,17744
2024-03-01,170,AI Suite,116833,9736.08,7525,12191,9352,0,460,29864
2024-03-01,171,AI Suite,36926,3077.17,29206,12301,9668,0,24748,14448
2024-03-01,172,Security,55068,4589.0,32598,8689,59,0,12720,11615
2024-03-01,173,Core Platform,67665,5638.75,8284,17049,5001,0,19129,29209
2024-03-01,174,AI Suite,65567,5463.92,44214,1741,4950,0,4293,32309
2024-03-01,175,AI Suite,104495,8707.92,46552,14193,7681,0,23961,12621
2024-03-01,176,Enterprise,2056,171.33,14491,10146,8090,76848,19654,8237
2024-03-01,177,Enterprise,117276,9773.0,22518,7469,4993,0,20188,11151
2024-03-01,178,Security,140303,11691.92,47905,3304,339,0,20844,36352
2024-03-01,179,Analytics,126563,10546.92,2588,3851,4029,0,13486,5289
2024-03-01,180,Analytics,27181,2265.08,23219,12479,3848,0,8069,4840
2024-03-01,181,Enterprise,102776,8564.67,35438,14793,2909,0,17351,15371
2024-03-01,182,Core Platform,127657,10638.08,38755,15439,1019,0,12953,31434
2024-03-01,183,AI Suite,110512,9209.33,23486,8985,4216,0,24130,36225
2024-03-01,184,Analytics,113046,9420.5,10354,1815,9474,0,24616,7846
2024-03-01,185,AI Suite,130870,10905.83,23295,10117,4261,0,11165,33906
2024-03-01,186,Enterprise,21075,1756.25,16258,2061,9744,0,11401,27612
2024-03-01,187,AI Suite,74070,6172.5,18462,18926,7194,0,5994,20497
2024-03-01,188,AI Suite,46928,3910.67,43851,6810,2492,0,22747,34522
2024-03-01,189,Analytics,72791,6065.92,4590,1813,8289,0,10633,29554
2024-03-01,190,Analytics,11339,944.92,35797,11989,650,146137,20296,38900
2024-03-01,191,Security,82855,6904.58,12508,5480,5844,0,1104,31293
2024-03-01,192,Security,26102,2175.17,24172,4508,4356,0,16016,29619
2024-03-01,193,Enterprise,98678,8223.17,49111,17910,9123,0,5685,29468
2024-03-01,194,AI Suite,46372,3864.33,27187,12213,2121,0,2818,1623
2024-03-01,195,AI Suite,66504,5542.0,37881,16882,5043,0,3944,4240
2024-03-01,196,Core Platform,40401,3366.75,2924,9997,7279,0,12088,18988
2024-03-01,197,AI Suite,144660,12055.0,31117,10015,3398,0,19728,32315
2024-03-01,198,Core Platform,138154,11512.83,3624,14714,2491,0,9923,30854
2024-03-01,199,AI Suite,72375,6031.25,8222,12522,7376,0,21198,35548
2024-03-01,200,AI Suite,48141,4011.75,47517,3257,7742,0,15950,16367
2024-03-01,201,AI Suite,28761,2396.75,7613,15885,1201,0,29510,3127
2024-03-01,202,AI Suite,56590,4715.83,1714,15264,8650,0,13728,7208
2024-03-01,203,Core Platform,21471,1789.25,10317,4427,6440,0,18488,10291
2024-03-01,204,Core Platform,149654,12471.17,21791,14051,8526,0,20854,11343
2024-03-01,205,Core Platform,105826,8818.83,15232,14274,4423,0,22591,26060
2024-03-01,206,Enterprise,63535,5294.58,17806,15151,684,0,12097,10519
2024-03-01,207,Analytics,97557,8129.75,35517,2211,2517,0,18961,13954
2024-03-01,208,Security,71151,5929.25,21565,6377,6149,0,20764,6667
2024-03-01,209,Core Platform,0,0.0,37354,3048,7141,113447,4444,14053
2024-03-01,210,Analytics,2357,196.42,31385,375,7121,0,27589,5444
2024-03-01,211,Analytics,100693,8391.08,23196,16084,2799,0,5647,15086
2024-03-01,212,Security,36612,3051.0,28441,17451,7758,0,23766,28078
2024-03-01,213,AI Suite,95348,7945.67,28082,19400,9324,0,26594,22006
2024-03-01,214,AI Suite,64003,5333.58,7221,40,6292,0,3810,37733
2024-03-01,215,AI Suite,28967,2413.92,13754,15983,691,0,540,13978
2024-03-01,216,Enterprise,7508,625.67,15889,1248,9475,0,7389,6594
2024-03-01,217,Security,82796,6899.67,20035,3842,6071,0,29410,7195
2024-03-01,218,Analytics,88578,7381.5,14860,14838,6541,0,10020,38059
2024-03-01,219,Core Platform,158172,13181.0,9021,18295,4233,0,159,18544
2024-03-01,220,AI Suite,122367,10197.25,48421,1786,4033,0,12808,23868
2024-03-01,221,Enterprise,129013,10751.08,6172,18419,905,0,17060,1078
2024-03-01,222,Analytics,34584,2882.0,12538,5749,6793,0,29056,13153
2024-03-01,223,Analytics,153656,12804.67,34700,14569,2927,0,25385,35657
2024-03-01,224,Analytics,68749,5729.08,26057,7267,5885,0,14522,16599
2024-03-01,225,AI Suite,39859,3321.58,26506,420,4200,0,9869,8280
2024-03-01,226,AI Suite,83607,6967.25,43684,18405,8704,0,9654,19373
2024-03-01,227,AI Suite,132389,11032.42,4225,2266,3422,0,28871,20031
2024-03-01,228,Core Platform,57627,4802.25,22534,15713,9428,0,3932,31083
2024-03-01,229,Enterprise,62614,5217.83,16316,14061,5823,0,18941,2609
2024-03-01,230,Analytics,131700,10975.0,8719,16244,152,0,27050,5011
2024-03-01,231,Core Platform,26047,2170.58,13598,11024,4406,0,23042,10076
2024-03-01,232,Enterprise,92142,7678.5,9296,381,3982,0,6980,11448
2024-03-01,233,Enterprise,92106,7675.5,19779,10996,9800,0,28296,39713
2024-03-01,234,Enterprise,88667,7388.92,30637,2442,7727,0,4914,36572
2024-03-01,235,AI Suite,25373,2114.42,2443,16292,2539,0,6489,24748
2024-03-01,236,Analytics,8443,703.58,42770,7308,5843,0,13435,25056
2024-03-01,237,AI Suite,69001,5750.08,14966,3104,6326,0,13271,21855
2024-03-01,238,AI Suite,6988,582.33,6202,2578,3785,0,6618,32265
2024-03-01,239,Core Platform,110886,9240.5,5917,19866,8956,0,24625,26769
2024-03-01,240,Security,155223,12935.25,23226,11575,866,0,8105,16647
2024-03-01,241,Security,32716,2726.33,25526,2576,2778,0,6188,28002
2024-03-01,242,Security,100706,8392.17,21409,4,2461,0,16557,36773
2024-03-01,243,Core Platform,73630,6135.83,26494,1566,1479,0,6630,28737
2024-03-01,244,Security,62091,5174.25,12110,4845,4661,0,3310,29454
2024-03-01,245,Security,76951,6412.58,9033,1490,8087,0,16024,37259
2024-03-01,246,Enterprise,0,0.0,5900,144,7264,70523,19029,17204
2024-03-01,247,Security,70671,5889.25,16305,7608,5195,0,23765,1674
2024-03-01,248,Core Platform,10042,836.83,25064,18357,8315,6605,23746,33136
2024-03-01,249,Core Platform,146447,12203.92,16321,17214,5744,0,17215,26702
2024-03-01,250,Core Platform,94274,7856.17,33733,7976,1141,0,9270,14437
2024-03-01,251,AI Suite,89671,7472.58,23702,14929,2457,0,20927,7719
2024-03-01,252,Core Platform,112358,9363.17,21412,5759,5768,0,6973,24797
2024-03-01,253,Enterprise,55159,4596.58,33371,7371,9822,0,13044,18557
2024-03-01,254,Analytics,48572,4047.67,43929,3802,6890,0,19285,11868
2024-03-01,255,Security,87114,7259.5,44349,2085,5643,0,19864,8849
2024-03-01,256,AI Suite,37483,3123.58,26759,15104,258,0,18665,3714
2024-03-01,257,Security,31616,2634.67,45036,7501,4237,0,14363,3930
2024-03-01,258,Core Platform,39908,3325.67,46207,4811,8472,0,19811,8507
2024-03-01,259,Analytics,40656,3388.0,11575,10297,9583,0,24248,1613
2024-03-01,260,AI Suite,44235,3686.25,16800,2796,1102,0,29652,36302
2024-03-01,261,Core Platform,40050,3337.5,32052,17285,6812,0,24895,8747
2024-03-01,262,Analytics,149432,12452.67,10254,8162,4008,0,4519,19780
2024-03-01,263,Security,22614,1884.5,1219,11464,6546,0,16657,18091
2024-03-01,264,Core Platform,35549,2962.42,35344,7316,4439,0,14895,9296
2024-03-01,265,Enterprise,143122,11926.83,32678,10081,5102,0,22811,5597
2024-03-01,266,Security,64167,5347.25,24849,18160,5156,0,24165,24878
2024-03-01,267,Security,45723,3810.25,26456,12446,4762,0,11400,25315
2024-03-01,268,Security,49026,4085.5,11193,14317,5657,0,2069,19746
2024-03-01,269,Core Platform,106312,8859.33,36353,19125,1161,0,29321,39563
2024-03-01,270,Core Platform,105868,8822.33,27536,14453,426,0,1567,29565
2024-03-01,271,AI Suite,20752,1729.33,14492,12267,7587,0,2226,10898
2024-03-01,272,Core Platform,87190,7265.83,29344,17989,2589,0,24585,35033
2024-03-01,273,Security,96961,8080.08,4422,3391,9618,0,8260,19989
2024-03-01,274,Analytics,49269,4105.75,39269,17808,371,0,324,924
2024-03-01,275,Core Platform,29558,2463.17,7108,11002,8952,0,5736,6972
2024-03-01,276,Core Platform,40597,3383.08,3328,11758,4272,0,28604,17929
2024-03-01,277,Enterprise,93094,7757.83,3016,18188,5433,0,1466,11942
2024-03-01,278,Analytics,136915,11409.58,34948,13842,6639,0,10986,25960
2024-03-01,279,Security,103815,8651.25,7955,2595,6393,0,2602,4094
2024-03-01,280,Security,113993,9499.42,29736,13135,5860,0,21713,6908
2024-03-01,281,Enterprise,64995,5416.25,40924,51,7662,0,21961,9190
2024-03-01,282,Core Platform,129198,10766.5,27301,4833,5012,0,22478,25260
2024-03-01,283,Core Platform,22770,1897.5,2410,6754,3823,0,1950,17724
2024-03-01,284,Analytics,121291,10107.58,30004,3090,179,0,203,20385
2024-03-01,285,Analytics,105998,8833.17,39404,7925,5935,0,12804,17417
2024-03-01,286,Security,115112,9592.67,4945,16748,4005,0,3107,3012
2024-03-01,287,Analytics,42314,3526.17,17543,12891,2079,0,6670,4710
2024-03-01,288,Analytics,104049,8670.75,49494,4496,7939,0,27943,39733
2024-03-01,289,AI Suite,50585,4215.42,14029,14224,6573,0,9075,26497
2024-03-01,290,Core Platform,115190,9599.17,11583,12885,1212,0,14850,26144
2024-03-01,291,Core Platform,52886,4407.17,36821,6917,9610,0,1837,451
2024-03-01,292,AI Suite,120637,10053.08,19335,15879,1036,0,4969,11850
2024-03-01,293,Enterprise,121197,10099.75,19191,14982,6469,0,12353,12367
2024-03-01,294,Analytics,38494,3207.83,24793,13006,2670,0,8855,23083
2024-03-01,295,Core Platform,6852,571.0,37240,9782,2930,145643,25146,21833
2024-03-01,296,Security,92607,7717.25,13589,4157,4905,0,7457,36290
2024-03-01,297,Security,71764,5980.33,20823,9649,9103,0,7985,7691
2024-03-01,298,Enterprise,130174,10847.83,35713,15750,6906,0,4087,21542
2024-03-01,299,Analytics,116568,9714.0,41805,9674,3858,0,22285,29521
2024-03-01,300,Core Platform,111150,9262.5,7325,6314,8978,0,3396,38922
2024-03-01,301,Security,85106,7092.17,15631,1234,6903,0,13362,9745
2024-03-01,302,Analytics,72218,6018.17,19213,8314,2728,0,3963,37614
2024-03-01,303,Analytics,121779,10148.25,12588,9918,860,0,15560,25165
2024-03-01,304,Security,61471,5122.58,22098,7595,3739,0,28404,4799
2024-03-01,305,Analytics,7452,621.0,14163,9909,2457,64623,18196,35127
2024-03-01,306,Core Platform,99140,8261.67,4230,15444,671,0,19513,33814
2024-03-01,307,Enterprise,60524,5043.67,43349,16120,6327,0,12575,15202
2024-03-01,308,Core Platform,114392,9532.67,10330,11794,3891,0,9191,25204
2024-03-01,309,AI Suite,72525,6043.75,34258,19784,2603,0,14080,932
2024-03-01,310,AI Suite,116883,9740.25,5872,6384,5353,0,8609,19120
2024-03-01,311,AI Suite,66286,5523.83,36165,17709,7532,0,2238,31947
2024-03-01,312,AI Suite,145537,12128.08,14248,13640,6692,0,29917,17886
2024-03-01,313,Core Platform,97638,8136.5,29894,7067,4723,0,4277,27211
2024-03-01,314,Core Platform,38664,3222.0,21563,9734,8787,0,1053,29674
2024-03-01,315,Core Platform,60747,5062.25,39046,10533,9833,0,14815,32357
2024-03-01,316,Enterprise,2336,194.67,5465,3558,1222,114338,552,33643
2024-03-01,317,Enterprise,62838,5236.5,25528,6577,1016,0,5876,371
2024-03-01,318,Analytics,148562,12380.17,46366,15665,7854,0,21340,31159
2024-03-01,319,Analytics,91458,7621.5,37990,15816,5390,0,12417,33265
2024-03-01,320,AI Suite,83636,6969.67,8219,1959,2029,0,15663,4428
2024-03-01,321,Security,136000,11333.33,32586,9660,7414,0,8204,8964
2024-03-01,322,Enterprise,90698,7558.17,47930,18977,2230,0,5669,35182
2024-03-01,323,Enterprise,100583,8381.92,8091,12347,6551,0,970,34368
2024-03-01,324,Analytics,143645,11970.42,18303,2538,4042,0,11086,23420
2024-03-01,325,Analytics,111597,9299.75,10664,1898,7672,0,16779,15815
2024-03-01,326,AI Suite,18688,1557.33,7946,19747,7514,0,11765,120
2024-03-01,327,Core Platform,381,31.75,49311,7664,7283,143744,15311,17826
2024-03-01,328,Security,101256,8438.0,24335,17266,2264,0,28882,8624
2024-03-01,329,Enterprise,118755,9896.25,42299,1349,5073,0,8592,31514
2024-03-01,330,AI Suite,9199,766.58,35987,2948,9840,0,19541,20841
2024-03-01,331,AI Suite,165542,13795.17,31444,19258,1999,0,20649,6994
2024-03-01,332,Enterprise,71984,5998.67,6699,6810,174,0,11231,30218
2024-03-01,333,Core Platform,57018,4751.5,6582,11900,9392,0,25176,2940
2024-03-01,334,Core Platform,111423,9285.25,42564,3111,732,0,24753,1974
2024-03-01,335,AI Suite,34969,2914.08,42009,12065,6913,0,19929,857
2024-03-01,336,Security,106693,8891.08,13794,15497,3840,0,27627,25963
2024-03-01,337,Core Platform,94682,7890.17,42867,15589,2434,0,19446,6132
2024-03-01,338,Core Platform,131682,10973.5,10498,13313,9207,0,6810,1105
2024-03-01,339,AI Suite,143280,11940.0,27953,10703,302,0,1268,36539
2024-03-01,340,Security,78928,6577.33,40667,5649,4851,0,6338,33607
2024-03-01,341,Security,110301,9191.75,24743,9512,8953,0,18823,18270
2024-03-01,342,Security,59159,4929.92,23140,17951,8798,0,25550,6741
2024-03-01,343,Security,119855,9987.92,7251,12263,8692,0,575,32999
2024-03-01,344,Core Platform,67836,5653.0,43584,1442,8663,0,11519,10762
2024-03-01,345,Analytics,111888,9324.0,14292,16163,7782,0,21862,18233
2024-03-01,346,AI Suite,124655,10387.92,46234,911,7135,0,14441,36373
2024-03-01,347,AI Suite,76772,6397.67,45365,6735,5930,0,5831,14734
2024-03-01,348,AI Suite,23615,1967.92,23850,12726,1743,0,7554,35298
2024-03-01,349,Enterprise,147966,12330.5,44320,3817,5219,0,14294,39940
2024-03-01,350,Enterprise,19009,1584.08,17900,12924,6976,0,22517,35530
2024-03-01,351,Analytics,47572,3964.33,33088,17768,6051,0,7302,21972
2024-03-01,352,Analytics,13380,1115.0,10654,2352,162,0,14895,15062
2024-03-01,353,Enterprise,79421,6618.42,14484,15196,7859,0,23955,4702
2024-03-01,354,Security,125356,10446.33,6595,8894,846,0,981,7611
2024-03-01,355,Core Platform,50322,4193.5,14659,8122,6472,0,10468,19679
2024-03-01,356,Security,136037,11336.42,38073,2087,2372,0,9300,17579
2024-03-01,357,Security,42952,3579.33,13077,4913,7233,0,26124,22096
2024-03-01,358,Analytics,19735,1644.58,22311,434,4787,0,22426,19994
2024-03-01,359,Security,118928,9910.67,3851,5936,751,0,19518,21283
2024-03-01,360,Core Platform,95976,7998.0,22841,81,2757,0,521,9254
2024-03-01,361,Security,49153,4096.08,18853,905,2176,0,27241,22335
2024-03-01,362,Analytics,26398,2199.83,23931,14679,307,0,2215,33676
2024-03-01,363,Enterprise,23296,1941.33,18739,842,1300,0,7336,29945
2024-03-01,364,Analytics,127027,10585.58,43587,9258,7982,0,18902,2954
2024-03-01,365,Security,21032,1752.67,43099,16139,2513,0,14990,12581
2024-03-01,366,Analytics,12542,1045.17,13542,3923,7603,0,10107,19653
2024-03-01,367,AI Suite,24232,2019.33,43387,13164,9864,0,7969,3518
2024-03-01,368,Core Platform,64876,5406.33,49987,3716,7915,0,26249,10487
2024-03-01,369,Enterprise,111517,9293.08,42821,15228,1286,0,10438,14064
2024-03-01,370,Core Platform,29712,2476.0,32943,18917,1334,0,24397,28945
2024-03-01,371,Enterprise,72336,6028.0,31553,5567,988,0,11136,13443
2024-03-01,372,Core Platform,147168,12264.0,30458,11702,5124,0,22908,37514
2024-03-01,373,AI Suite,94573,7881.08,35633,3871,5603,0,16171,20194
2024-03-01,374,AI Suite,92848,7737.33,26720,10166,7060,0,16360,34380
2024-03-01,375,Security,23119,1926.58,49206,11593,7442,0,3909,18215
2024-03-01,376,Enterprise,29747,2478.92,31524,11404,313,0,17666,20693
2024-03-01,377,Enterprise,50031,4169.25,14078,18133,4673,0,13381,9288
2024-03-01,378,Security,146221,12185.08,16739,5779,7762,0,29238,32820
2024-03-01,379,Security,50256,4188.0,10259,5901,644,0,18820,25023
2024-03-01,380,Enterprise,148177,12348.08,15984,13906,2795,0,9437,5386
2024-03-01,381,Security,55940,4661.67,5838,4134,9632,0,10056,20330
2024-03-01,382,Core Platform,91794,7649.5,5093,8544,6881,0,11237,22615
2024-03-01,383,Core Platform,78161,6513.42,4291,6037,1837,0,4803,26672
2024-03-01,384,Enterprise,80231,6685.92,19148,6970,9242,0,12033,19492
2024-03-01,385,Core Platform,15849,1320.75,4027,6480,4109,0,26515,4364
2024-03-01,386,Core Platform,15540,1295.0,27582,11107,5443,0,10710,23245
2024-03-01,387,Security,24655,2054.58,32620,15444,6685,0,7631,8341
2024-03-01,388,Core Platform,87994,7332.83,45004,13073,4163,0,17100,11424
2024-03-01,389,AI Suite,106654,8887.83,24960,1557,448,0,17435,21994
2024-03-01,390,Core Platform,12703,1058.58,17492,2837,2974,0,24141,36685
2024-03-01,391,AI Suite,112393,9366.08,41290,14111,8266,0,29694,28486
2024-03-01,392,AI Suite,62040,5170.0,17561,6530,8844,0,10595,23728
2024-03-01,393,AI Suite,95543,7961.92,22839,13988,8939,0,24641,24529
2024-03-01,394,Security,34885,2907.08,18840,8660,7435,0,23019,27980
2024-03-01,395,Core Platform,19976,1664.67,27702,3711,2492,0,577,35899
2024-03-01,396,Security,34228,2852.33,44380,7755,694,0,3571,19863
2024-03-01,397,Analytics,89467,7455.58,33645,4035,3249,0,4551,25851
2024-03-01,398,Analytics,36242,3020.17,1991,4352,4469,0,25541,15645
2024-03-01,399,AI Suite,142422,11868.5,21728,8461,6697,0,21766,34824
2024-03-01,400,AI Suite,79618,6634.83,10698,6197,137,0,24187,30272
2024-03-01,401,Analytics,20517,1709.75,11164,10813,5950,0,16443,36024
2024-03-01,402,Enterprise,118013,9834.42,24098,16612,778,0,10460,26952
2024-03-01,403,Analytics,160645,13387.08,24863,17324,2709,0,9559,5665
2024-03-01,404,Enterprise,27887,2323.92,22548,8068,4381,0,14875,27487
2024-03-01,405,Core Platform,154957,12913.08,7738,14585,3575,0,17548,20858
2024-03-01,406,Core Platform,94866,7905.5,8403,14688,7802,0,7012,35602
2024-03-01,407,AI Suite,11976,998.0,43979,19837,7861,132055,13452,39991
2024-03-01,408,Analytics,139802,11650.17,10195,2673,9379,0,25502,35258
2024-03-01,409,Security,62620,5218.33,38333,5663,6487,0,27550,13128
2024-03-01,410,Enterprise,119367,9947.25,15134,17539,8397,0,6307,33313
2024-03-01,411,AI Suite,4814,401.17,44442,4804,9966,0,2616,39674
2024-03-01,412,Enterprise,6594,549.5,18204,2142,9391,0,29375,28509
2024-03-01,413,Security,33495,2791.25,27827,4435,1651,0,18110,23504
2024-03-01,414,AI Suite,80283,6690.25,34389,19998,7122,0,15394,3800
2024-03-01,415,Core Platform,103578,8631.5,28055,10277,6862,0,17064,23179
2024-03-01,416,Analytics,142132,11844.33,17463,1458,6930,0,6463,35473
2024-03-01,417,Security,64200,5350.0,40352,342,2177,0,26510,10141
2024-03-01,418,Enterprise,3000,250.0,18417,10682,7682,26046,27556,5720
2024-03-01,419,Enterprise,87383,7281.92,18858,6112,9004,0,8819,15313
2024-03-01,420,Security,94657,7888.08,3878,4493,6083,0,9467,8197
2024-03-01,421,Analytics,122922,10243.5,36330,4162,563,0,3584,17250
2024-03-01,422,Enterprise,3067,255.58,7270,10358,7291,83483,28842,25805
2024-03-01,423,Core Platform,47898,3991.5,31939,8124,857,0,22185,10803
2024-03-01,424,Core Platform,9603,800.25,24512,3050,179,0,17248,16261
2024-03-01,425,AI Suite,15725,1310.42,33579,4652,2723,0,24003,38992
2024-03-01,426,AI Suite,65406,5450.5,33443,9769,3675,0,28873,1762
2024-03-01,427,Analytics,138309,11525.75,7241,542,2974,0,2763,7811
2024-03-01,428,Analytics,40094,3341.17,27219,3520,7541,0,29491,8276
2024-03-01,429,Enterprise,108230,9019.17,23542,4815,1546,0,7269,35313
2024-03-01,430,Security,93001,7750.08,26016,11206,6170,0,303,37279
2024-03-01,431,AI Suite,56810,4734.17,18154,3119,2988,0,6171,24820
2024-03-01,432,Analytics,69869,5822.42,44983,4271,355,0,11312,14498
2024-03-01,433,Analytics,105066,8755.5,3764,6204,1331,0,18789,26840
2024-03-01,434,Enterprise,122144,10178.67,34725,12565,4129,0,6855,35541
2024-03-01,435,Security,91194,7599.5,24898,15320,9273,0,3515,3937
2024-03-01,436,Enterprise,96014,8001.17,12928,1634,9495,0,20810,19183
2024-03-01,437,Analytics,113854,9487.83,18684,11033,3419,0,11691,32470
2024-03-01,438,Analytics,38277,3189.75,27522,19762,6303,0,27194,12741
2024-03-01,439,Core Platform,121442,10120.17,16221,4696,7980,0,26040,10276
2024-03-01,440,Analytics,42759,3563.25,40573,19595,963,0,11677,15919
2024-03-01,441,Enterprise,99310,8275.83,39783,7548,1971,0,8198,29585
2024-03-01,442,Analytics,110486,9207.17,47860,7363,5230,0,10845,8621
2024-03-01,443,Analytics,45895,3824.58,15520,14716,2412,0,20658,11636
2024-03-01,444,Enterprise,42338,3528.17,17358,19631,458,0,29842,9705
2024-03-01,445,Core Platform,102442,8536.83,4748,14478,8328,0,402,35930
2024-03-01,446,AI Suite,139266,11605.5,19119,12068,7423,0,15899,31925
2024-03-01,447,AI Suite,37356,3113.0,25727,16219,7478,0,8916,26417
2024-03-01,448,AI Suite,54788,4565.67,13377,651,8716,0,822,28252
2024-03-01,449,Security,15655,1304.58,19256,9978,4329,0,1895,17980
2024-03-01,450,Security,96476,8039.67,49741,7642,7208,0,337,14001
2024-03-01,451,AI Suite,148100,12341.67,49775,14989,3810,0,14902,14788
2024-03-01,452,Security,93549,7795.75,42581,18562,6750,0,13124,35911
2024-03-01,453,Security,105231,8769.25,33445,11320,2413,0,4361,29582
2024-03-01,454,Analytics,53203,4433.58,16181,12779,9573,0,19136,26363
2024-03-01,455,Core Platform,45015,3751.25,40498,4445,6595,0,11361,4512
2024-03-01,456,Security,97883,8156.92,32564,5700,490,0,21835,28638
2024-03-01,457,Analytics,67616,5634.67,14675,1031,4038,0,28413,29933
2024-03-01,458,Core Platform,68578,5714.83,5319,1245,746,0,24641,21226
2024-03-01,459,Enterprise,113204,9433.67,49670,3118,8204,0,29260,15487
2024-03-01,460,Analytics,39621,3301.75,11740,10389,2990,0,6275,2396
2024-03-01,461,Security,30721,2560.08,36918,6954,2260,0,19612,3647
2024-03-01,462,Security,140864,11738.67,2080,8126,1084,0,16275,34960
2024-03-01,463,Core Platform,79714,6642.83,34907,19325,1497,0,28904,25633
2024-03-01,464,Analytics,70839,5903.25,18505,6520,691,0,20864,30651
2024-03-01,465,AI Suite,26042,2170.17,24243,6123,8616,0,25744,20022
2024-03-01,466,Core Platform,28090,2340.83,15546,18692,4668,0,26202,27707
2024-03-01,467,AI Suite,52560,4380.0,42402,17920,8164,0,3205,9428
2024-03-01,468,Enterprise,112392,9366.0,35392,474,504,0,18244,6696
2024-03-01,469,Enterprise,25431,2119.25,47991,9907,1270,0,29039,15581
2024-03-01,470,Core Platform,136527,11377.25,32380,15591,1145,0,26332,35091
2024-03-01,471,AI Suite,85792,7149.33,23814,2663,6707,0,17852,28836
2024-03-01,472,Analytics,19338,1611.5,27727,19883,545,26643,17962,27303
2024-03-01,473,Core Platform,107298,8941.5,12929,8072,9239,0,5159,10026
2024-03-01,474,Enterprise,45983,3831.92,32109,4112,6816,0,14044,14099
2024-03-01,475,Security,103980,8665.0,33831,11140,9917,0,15817,6845
2024-03-01,476,AI Suite,59327,4943.92,38815,9092,37,0,12077,13700
2024-03-01,477,AI Suite,68301,5691.75,33070,3999,7088,0,19436,26635
2024-03-01,478,Core Platform,51274,4272.83,37436,4152,5911,0,23431,7792
2024-03-01,479,Security,32057,2671.42,24004,16022,9905,0,28,17008
2024-03-01,480,Core Platform,15998,1333.17,7634,15845,7171,0,10038,37129
2024-03-01,481,Core Platform,116588,9715.67,20286,15809,7562,0,24591,17725
2024-03-01,482,Core Platform,124154,10346.17,44890,3084,268,0,26874,31490
2024-03-01,483,AI Suite,138625,11552.08,9732,4769,7899,0,15699,36421
2024-03-01,484,Analytics,7256,604.67,35937,1902,3179,0,29533,28338
2024-03-01,485,Core Platform,128435,10702.92,22884,10137,4156,0,11738,18016
2024-03-01,486,Enterprise,127209,10600.75,21888,5442,4667,0,7620,12873
2024-03-01,487,Analytics,78167,6513.92,43369,18680,673,0,25949,25445
2024-03-01,488,Enterprise,142668,11889.0,2688,11760,1324,0,12780,22507
2024-03-01,489,Core Platform,104866,8738.83,48066,19479,1768,0,12282,11018
2024-03-01,490,Core Platform,0,0.0,11433,3829,4712,105627,19171,17183
2024-03-01,491,Enterprise,141282,11773.5,31599,9299,2150,0,11379,25839
2024-03-01,492,AI Suite,75249,6270.75,7316,16183,7722,0,11349,25897
2024-03-01,493,Security,92783,7731.92,11227,14400,580,0,3750,32267
2024-03-01,494,Analytics,42618,3551.5,3170,10823,823,0,27339,23544
2024-03-01,495,Security,32240,2686.67,21678,233,571,0,6594,21533
2024-03-01,496,Core Platform,136346,11362.17,46600,3162,8426,0,11262,38022
2024-03-01,497,Core Platform,113955,9496.25,44090,37,6696,0,7921,6796
2024-03-01,498,Analytics,100883,8406.92,40378,1020,2874,0,28946,36579
2024-03-01,499,Analytics,151803,12650.25,33854,14875,494,0,669,38875
2024-03-01,500,Enterprise,65999,5499.92,16238,18070,1015,0,23700,19846
2024-04-01,1,AI Suite,105017,8751.42,8030,809,9925,0,26998,21803
2024-04-01,2,Security,49255,4104.58,16284,12551,6789,0,21522,26133
2024-04-01,3,Enterprise,72926,6077.17,20631,12985,2580,0,15887,30153
2024-04-01,4,Enterprise,67017,5584.75,14875,4431,5458,0,24130,1181
2024-04-01,5,AI Suite,69352,5779.33,19531,13737,1757,0,15363,3717
2024-04-01,6,Analytics,115253,9604.42,7193,4378,9632,0,25606,38723
2024-04-01,7,Security,35529,2960.75,3597,12724,6964,0,13397,37936
2024-04-01,8,Enterprise,109260,9105.0,33550,12874,4471,0,7362,29345
2024-04-01,9,Analytics,132699,11058.25,32578,12784,4835,0,17127,9747
2024-04-01,10,Security,83055,6921.25,38651,1417,5926,0,5435,31538
2024-04-01,11,Core Platform,115097,9591.42,49352,16698,9941,0,29397,8456
2024-04-01,12,Analytics,141381,11781.75,21029,12173,3300,0,28901,20350
2024-04-01,13,AI Suite,147295,12274.58,24912,5658,3366,0,20326,31765
2024-04-01,14,Enterprise,119392,9949.33,23915,19715,9130,0,15415,8375
2024-04-01,15,Security,133276,11106.33,6975,2950,9868,0,5046,20964
2024-04-01,16,Core Platform,36726,3060.5,34776,3608,9990,0,26099,23733
2024-04-01,17,Core Platform,41221,3435.08,29871,11786,4784,0,20905,29393
2024-04-01,18,Security,37045,3087.08,32885,13915,1227,0,17027,32118
2024-04-01,19,Core Platform,144051,12004.25,21725,1931,3423,0,19616,24973
2024-04-01,20,Core Platform,81501,6791.75,45121,18558,1577,0,16008,12205
2024-04-01,21,Security,72059,6004.92,29537,9591,9893,0,12540,34068
2024-04-01,22,Core Platform,12541,1045.08,20628,14851,9417,0,23538,16731
2024-04-01,23,Core Platform,77933,6494.42,19503,8712,8405,0,24880,29153
2024-04-01,24,Core Platform,45497,3791.42,43114,13340,9800,0,6557,24725
2024-04-01,25,Security,38146,3178.83,7005,6952,8211,0,27172,10736
2024-04-01,26,Security,5582,465.17,45025,7709,9129,0,2484,25762
2024-04-01,27,AI Suite,78540,6545.0,46446,6088,6888,0,3097,7789
2024-04-01,28,Security,53372,4447.67,11475,12222,8357,0,3038,7135
2024-04-01,29,Enterprise,111346,9278.83,7198,11988,8822,0,28621,22655
2024-04-01,30,AI Suite,20559,1713.25,17877,2355,9982,0,20771,39918
2024-04-01,31,AI Suite,148444,12370.33,23360,18303,9266,0,29933,22176
2024-04-01,32,Security,53399,4449.92,2355,12365,7021,0,26123,23776
2024-04-01,33,Enterprise,100012,8334.33,48458,12423,4315,0,14921,2131
2024-04-01,34,Security,29337,2444.75,11628,6617,428,0,8108,29359
2024-04-01,35,Core Platform,119596,9966.33,18562,13110,1162,0,12229,3077
2024-04-01,36,Enterprise,140298,11691.5,36586,4967,3965,0,24296,8064
2024-04-01,37,Enterprise,5763,480.25,36170,15757,9994,119377,4547,21701
2024-04-01,38,AI Suite,110870,9239.17,12099,14002,8636,0,10148,29956
2024-04-01,39,Analytics,125526,10460.5,6798,9960,1753,0,13991,29554
2024-04-01,40,Enterprise,62543,5211.92,7358,13599,1624,0,13536,1956
2024-04-01,41,Core Platform,77100,6425.0,36871,7546,2583,0,6286,12131
2024-04-01,42,Enterprise,128503,10708.58,3708,16569,49,0,27876,5749
2024-04-01,43,Enterprise,149728,12477.33,14599,14732,5263,0,3364,19211
2024-04-01,44,Core Platform,66242,5520.17,18541,7464,6560,0,21318,32363
2024-04-01,45,Security,153337,12778.08,4149,19541,4173,0,2506,10164
2024-04-01,46,Enterprise,51661,4305.08,21802,4875,9213,0,29443,15191
2024-04-01,47,Security,137960,11496.67,25084,1612,9362,0,24890,36855
2024-04-01,48,Security,62740,5228.33,43336,5,7080,0,7441,8236
2024-04-01,49,Enterprise,131695,10974.58,2389,7203,4245,0,11026,36735
2024-04-01,50,Core Platform,31811,2650.92,11776,3095,5073,0,14745,14399
2024-04-01,51,Core Platform,0,0.0,24497,7480,8753,8936,13154,28089
2024-04-01,52,Core Platform,63863,5321.92,39771,13241,4055,0,8560,14871
2024-04-01,53,Enterprise,111701,9308.42,40389,14911,9659,0,15001,16221
2024-04-01,54,Enterprise,109082,9090.17,49963,15928,7579,0,20248,17670
2024-04-01,55,Enterprise,31131,2594.25,44425,1333,5648,0,12609,23924
2024-04-01,56,Analytics,149542,12461.83,16963,17018,9444,0,24423,10511
2024-04-01,57,AI Suite,43297,3608.08,26492,19024,9300,0,24687,33355
2024-04-01,58,Enterprise,90517,7543.08,21197,4046,952,0,8235,25631
2024-04-01,59,Security,117777,9814.75,29200,7973,1090,0,24149,13212
2024-04-01,60,Core Platform,112589,9382.42,46201,7482,3479,0,13805,2884
2024-04-01,61,AI Suite,46826,3902.17,39072,4561,199,0,140,30379
2024-04-01,62,Analytics,80306,6692.17,3619,17288,6312,0,21897,34925
2024-04-01,63,Security,49425,4118.75,42754,5088,8954,0,16449,32676
2024-04-01,64,Core Platform,27799,2316.58,33510,6922,4182,0,14884,34898
2024-04-01,65,Core Platform,80734,6727.83,38907,854,6184,0,15346,7455
2024-04-01,66,Core Platform,34006,2833.83,4874,199,8577,0,17699,27054
2024-04-01,67,Enterprise,78939,6578.25,27548,17,2577,0,1991,12194
2024-04-01,68,Enterprise,38838,3236.5,37356,15422,2852,0,27988,6750
2024-04-01,69,Analytics,141591,11799.25,28394,16861,2007,0,21046,18699
2024-04-01,70,Core Platform,31793,2649.42,42922,6085,1790,0,13512,7047
2024-04-01,71,Core Platform,64739,5394.92,32891,10075,2449,0,15856,36704
2024-04-01,72,Analytics,108524,9043.67,31875,4060,914,0,25565,21158
2024-04-01,73,Analytics,130156,10846.33,20408,2694,2974,0,26552,22739
2024-04-01,74,Enterprise,97697,8141.42,11884,19068,5570,0,9866,27317
2024-04-01,75,AI Suite,23756,1979.67,20532,5954,4416,0,20988,12316
2024-04-01,76,AI Suite,39103,3258.58,36949,2763,1126,0,4838,8537
2024-04-01,77,Analytics,60394,5032.83,7601,550,9502,0,9199,13856
2024-04-01,78,Analytics,131788,10982.33,21038,869,8095,0,23443,15387
2024-04-01,79,Security,88777,7398.08,44898,16242,2189,0,9257,27487
2024-04-01,80,Analytics,53287,4440.58,5836,17883,8299,0,3185,8064
2024-04-01,81,Security,30361,2530.08,34996,5809,8599,0,21264,13255
2024-04-01,82,Security,34299,2858.25,49657,10084,7766,0,16011,14849
2024-04-01,83,Enterprise,78213,6517.75,17906,16865,837,0,3326,172
2024-04-01,84,Core Platform,113796,9483.0,16378,1092,3615,0,21140,28706
2024-04-01,85,Analytics,49250,4104.17,24364,11117,7790,0,25007,21167
2024-04-01,86,Analytics,109982,9165.17,43361,3623,136,0,15448,12759
2024-04-01,87,Analytics,15507,1292.25,48780,7985,2417,0,4404,9354
2024-04-01,88,Analytics,131475,10956.25,20265,5024,9253,0,12313,18874
2024-04-01,89,Analytics,39210,3267.5,29417,7341,7593,0,7665,14803
2024-04-01,90,Analytics,36546,3045.5,42216,3054,7073,0,8801,15302
2024-04-01,91,Core Platform,59013,4917.75,3536,16581,3519,0,19435,25339
2024-04-01,92,AI Suite,54649,4554.08,22821,12231,2516,0,22001,24515
2024-04-01,93,Security,54822,4568.5,18903,11032,1501,0,29954,37078
2024-04-01,94,Security,102893,8574.42,18664,4739,1694,0,16919,1927
2024-04-01,95,Core Platform,140709,11725.75,26489,14378,6600,0,14493,22694
2024-04-01,96,Enterprise,94300,7858.33,36255,19377,9183,0,15239,17028
2024-04-01,97,Core Platform,108371,9030.92,21361,627,1083,0,11500,14925
2024-04-01,98,Core Platform,107543,8961.92,8666,11832,2485,0,2345,3003
2024-04-01,99,Enterprise,23010,1917.5,21744,13000,6313,0,10432,28662
2024-04-01,100,AI Suite,88958,7413.17,13474,19933,6357,0,13208,28729
2024-04-01,101,AI Suite,114405,9533.75,16873,4139,7644,0,23155,38797
2024-04-01,102,Security,18417,1534.75,1947,74,6365,0,24239,32838
2024-04-01,103,Core Platform,96642,8053.5,2727,6506,2796,0,10399,23111
2024-04-01,104,Security,115722,9643.5,15912,5692,444,0,18064,28013
2024-04-01,105,Security,54088,4507.33,48034,19508,504,0,8129,11680
2024-04-01,106,Security,69833,5819.42,36000,19908,9719,0,7172,15136
2024-04-01,107,Enterprise,11813,984.42,38094,6809,4210,0,10612,32272
2024-04-01,108,Enterprise,141997,11833.08,33373,2056,7185,0,9123,22481
2024-04-01,109,Core Platform,112617,9384.75,26681,11230,1771,0,22746,26292
2024-04-01,110,AI Suite,5226,435.5,31704,8465,9098,0,4624,31407
2024-04-01,111,Core Platform,48540,4045.0,13439,9412,4951,0,2947,9027
2024-04-01,112,Analytics,109480,9123.33,45565,13649,1365,0,13402,9234
2024-04-01,113,Security,124017,10334.75,28826,2976,229,0,12341,36271
2024-04-01,114,Security,57967,4830.58,30487,5672,5799,0,264,17165
2024-04-01,115,Analytics,130747,10895.58,17824,3342,8336,0,23955,29179
2024-04-01,116,Analytics,108842,9070.17,26922,821,7668,0,19607,20649
2024-04-01,117,Analytics,148382,12365.17,28689,14090,9833,0,12990,13857
2024-04-01,118,Security,151880,12656.67,46510,8962,754,0,17640,939
2024-04-01,119,Analytics,50176,4181.33,23700,1645,1891,0,23027,19162
2024-04-01,120,Core Platform,50206,4183.83,16912,16627,650,0,1191,18470
2024-04-01,121,Analytics,73795,6149.58,5480,3367,8523,0,15828,16398
2024-04-01,122,Security,69404,5783.67,44456,15513,3928,0,6983,26122
2024-04-01,123,AI Suite,103222,8601.83,32130,10645,8999,0,25874,21609
2024-04-01,124,Security,133360,11113.33,26362,16714,1122,0,20220,24730
2024-04-01,125,Enterprise,21123,1760.25,19666,7976,2894,0,28671,34217
2024-04-01,126,Analytics,101247,8437.25,32654,12739,4077,0,28330,34118
2024-04-01,127,Core Platform,123513,10292.75,11788,13843,950,0,12011,24193
2024-04-01,128,Analytics,21261,1771.75,38390,11820,8950,0,9309,28739
2024-04-01,129,AI Suite,139537,11628.08,38298,17450,164,0,9718,9466
2024-04-01,130,Analytics,143054,11921.17,9632,17520,5246,0,5366,8069
2024-04-01,131,Security,14762,1230.17,45582,2628,4066,0,2193,10006
2024-04-01,132,Security,8473,706.08,33797,1433,7551,0,17753,37861
2024-04-01,133,Security,34734,2894.5,47407,667,6626,0,5957,39043
2024-04-01,134,AI Suite,87381,7281.75,17265,4210,3975,0,562,22267
2024-04-01,135,Analytics,23000,1916.67,16549,12024,330,0,10497,13702
2024-04-01,136,Security,86530,7210.83,49456,15158,5866,0,4994,19199
2024-04-01,137,Analytics,110254,9187.83,9234,3250,3937,0,4899,1649
2024-04-01,138,Security,155217,12934.75,6253,16692,3035,0,27817,33220
2024-04-01,139,AI Suite,47876,3989.67,25634,9674,3092,0,23575,5896
2024-04-01,140,Security,133221,11101.75,10126,5837,8769,0,27578,18040
2024-04-01,141,Analytics,68472,5706.0,44463,3756,4872,0,11401,3517
2024-04-01,142,Analytics,33750,2812.5,46944,15566,1072,0,761,15874
2024-04-01,143,Analytics,78282,6523.5,43977,10885,7450,0,23084,25750
2024-04-01,144,Analytics,31245,2603.75,3961,14858,5577,0,7822,10016
2024-04-01,145,AI Suite,101194,8432.83,22883,7167,6229,0,13581,599
2024-04-01,146,AI Suite,120223,10018.58,21554,19474,7821,0,23551,10349
2024-04-01,147,Analytics,2925,243.75,32957,3395,7284,0,23480,13898
2024-04-01,148,Core Platform,112236,9353.0,47219,9999,6093,0,8439,39075
2024-04-01,149,Enterprise,24240,2020.0,40795,8936,4442,0,9914,9896
2024-04-01,150,Analytics,77086,6423.83,36264,17384,8653,0,15871,19079
2024-04-01,151,Security,35972,2997.67,25326,13546,2512,0,4027,8440
2024-04-01,152,Core Platform,120647,10053.92,36614,332,7507,0,1956,24197
2024-04-01,153,Security,50121,4176.75,39795,10533,4348,0,28776,26861
2024-04-01,154,Core Platform,40282,3356.83,48528,18755,6670,0,19858,15543
2024-04-01,155,Enterprise,74339,6194.92,6230,7652,2854,0,9912,29331
2024-04-01,156,Core Platform,73765,6147.08,10519,15924,1523,0,4798,13096
2024-04-01,157,AI Suite,120375,10031.25,4623,4486,3808,0,25710,37579
2024-04-01,158,Security,140360,11696.67,44540,13930,9440,0,8987,33319
2024-04-01,159,Analytics,114989,9582.42,27127,15255,2330,0,8856,9777
2024-04-01,160,Enterprise,97028,8085.67,10070,4059,7606,0,15643,37715
2024-04-01,161,Analytics,122910,10242.5,46021,17469,2343,0,14786,4425
2024-04-01,162,Core Platform,136000,11333.33,34964,791,5815,0,20685,1264
2024-04-01,163,Security,133420,11118.33,4864,8282,5472,0,28280,32397
2024-04-01,164,AI Suite,121618,10134.83,36155,19397,6878,0,15137,10152
2024-04-01,165,AI Suite,102972,8581.0,8310,9550,8324,0,12330,10291
2024-04-01,166,Analytics,118384,9865.33,32287,16080,8656,0,23032,11485
2024-04-01,167,Enterprise,23450,1954.17,19061,6127,62,0,13702,24518
2024-04-01,168,Analytics,127784,10648.67,17761,1654,2991,0,5392,10907
2024-04-01,169,Enterprise,135969,11330.75,38024,5073,1800,0,7748,13408
2024-04-01,170,Security,58735,4894.58,15371,8503,69,0,3902,36826
2024-04-01,171,Security,146285,12190.42,17561,8898,2712,0,22718,3851
2024-04-01,172,Security,121006,10083.83,32571,14260,7357,0,1329,18828
2024-04-01,173,Core Platform,37667,3138.92,35452,7002,185,0,7758,33667
2024-04-01,174,Enterprise,148273,12356.08,41873,3811,4027,0,2563,21998
2024-04-01,175,Analytics,14941,1245.08,19723,8480,6009,0,17556,19796
2024-04-01,176,Analytics,66381,5531.75,44504,12289,8230,0,27639,27896
2024-04-01,177,Analytics,19792,1649.33,44985,3885,1222,0,13064,37367
2024-04-01,178,Analytics,118414,9867.83,27519,688,6219,0,29411,4838
2024-04-01,179,Core Platform,107697,8974.75,21119,5816,5817,0,8587,18157
2024-04-01,180,Enterprise,9963,830.25,21224,14941,4978,147129,496,146
2024-04-01,181,Core Platform,118886,9907.17,31602,792,4952,0,21104,3203
2024-04-01,182,Security,58785,4898.75,48976,5302,5837,0,3362,37129
2024-04-01,183,AI Suite,21875,1822.92,46804,6743,789,0,12084,8530
2024-04-01,184,Core Platform,10428,869.0,39463,407,7005,0,19812,32795
2024-04-01,185,AI Suite,152122,12676.83,18642,18817,4399,0,21909,35386
2024-04-01,186,Analytics,100017,8334.75,10980,14123,7964,0,15316,34122
2024-04-01,187,Analytics,148340,12361.67,17678,12317,2859,0,17748,5859
2024-04-01,188,Analytics,105692,8807.67,44399,7544,3099,0,19164,38257
2024-04-01,189,Enterprise,116752,9729.33,5368,18548,7089,0,9322,32875
2024-04-01,190,Enterprise,40998,3416.5,36655,13576,9450,0,1118,8643
2024-04-01,191,Security,107764,8980.33,38308,4553,4391,0,26766,11594
2024-04-01,192,AI Suite,15012,1251.0,18782,15501,489,77358,29703,15457
2024-04-01,193,Enterprise,140545,11712.08,41937,1280,7230,0,21271,11728
2024-04-01,194,Core Platform,134176,11181.33,23204,18023,2507,0,17569,38259
2024-04-01,195,AI Suite,54789,4565.75,40947,18245,4185,0,28749,20297
2024-04-01,196,Analytics,41477,3456.42,27449,1536,8401,0,9074,20089
2024-04-01,197,Core Platform,147857,12321.42,35070,12983,304,0,8248,35948
2024-04-01,198,Security,131308,10942.33,16370,3314,1905,0,29678,15305
2024-04-01,199,Enterprise,140975,11747.92,14356,2311,778,0,15247,2737
2024-04-01,200,Security,144890,12074.17,21246,6379,6993,0,8834,6443
2024-04-01,201,Core Platform,147690,12307.5,47563,8539,5471,0,11852,11683
2024-04-01,202,Security,73225,6102.08,30371,1210,5464,0,7010,25324
2024-04-01,203,Analytics,55320,4610.0,15802,7299,877,0,10649,24050
2024-04-01,204,Enterprise,85249,7104.08,19072,501,4944,0,11929,340
2024-04-01,205,Analytics,46431,3869.25,29398,17139,3747,0,20153,4304
2024-04-01,206,Enterprise,115622,9635.17,15383,3757,2326,0,15334,24804
2024-04-01,207,Core Platform,101709,8475.75,30550,16948,632,0,25323,17391
2024-04-01,208,Security,139955,11662.92,1166,11982,5859,0,16446,26169
2024-04-01,209,Analytics,110240,9186.67,30772,15791,6102,0,16599,30197
2024-04-01,210,Enterprise,72326,6027.17,14304,5549,7502,0,22856,766
2024-04-01,211,Core Platform,35685,2973.75,27975,15642,5593,0,26763,37490
2024-04-01,212,Analytics,115719,9643.25,34113,13776,5575,0,20087,25184
2024-04-01,213,Enterprise,27704,2308.67,28402,8684,59,0,2995,23140
2024-04-01,214,AI Suite,62969,5247.42,25156,3782,5166,0,17185,4403
2024-04-01,215,Security,135795,11316.25,4785,675,5455,0,1084,4494
2024-04-01,216,Enterprise,7971,664.25,48203,10656,2685,50643,10237,5262
2024-04-01,217,Enterprise,106084,8840.33,40022,14821,4818,0,10425,29599
2024-04-01,218,Enterprise,154420,12868.33,34865,15707,2965,0,11080,15396
2024-04-01,219,Analytics,25269,2105.75,43788,10587,5643,0,24374,30028
2024-04-01,220,Core Platform,5816,484.67,28504,6049,5302,0,9016,27671
2024-04-01,221,AI Suite,97974,8164.5,29332,5642,4374,0,19268,3243
2024-04-01,222,Core Platform,33873,2822.75,24641,4561,8092,0,10160,566
2024-04-01,223,Security,32157,2679.75,32672,7245,2520,0,14837,10677
2024-04-01,224,Analytics,25825,2152.08,39525,9895,7182,0,23497,8640
2024-04-01,225,AI Suite,49496,4124.67,39330,7337,805,0,22001,21880
2024-04-01,226,AI Suite,120953,10079.42,11651,788,6333,0,28138,39390
2024-04-01,227,Analytics,32768,2730.67,17821,8428,8322,0,16911,9975
2024-04-01,228,Security,73710,6142.5,3046,4950,5833,0,25098,39776
2024-04-01,229,Security,150572,12547.67,37503,13246,6598,0,10801,11895
2024-04-01,230,AI Suite,64021,5335.08,35064,14102,2153,0,28191,24794
2024-04-01,231,Security,122078,10173.17,46329,15438,7477,0,23156,2501
2024-04-01,232,Enterprise,102383,8531.92,46964,9744,2397,0,21723,18092
2024-04-01,233,Enterprise,37960,3163.33,32983,11333,7655,0,2242,5514
2024-04-01,234,Enterprise,11186,932.17,11615,2720,703,0,5724,33211
2024-04-01,235,AI Suite,48137,4011.42,26596,17886,6141,0,3580,31758
2024-04-01,236,Enterprise,61037,5086.42,3782,18570,4655,0,28678,17529
2024-04-01,237,Core Platform,54119,4509.92,18149,2548,474,0,15334,23814
2024-04-01,238,Core Platform,43480,3623.33,1675,6485,3833,0,5727,8965
2024-04-01,239,Enterprise,73957,6163.08,23609,18264,9497,0,14887,38779
2024-04-01,240,AI Suite,85053,7087.75,40614,11715,9872,0,25859,15975
2024-04-01,241,Enterprise,131513,10959.42,14659,7044,3832,0,7515,28585
2024-04-01,242,Security,14399,1199.92,49354,4264,930,0,6538,34069
2024-04-01,243,Analytics,88307,7358.92,30623,10227,7934,0,9536,34739
2024-04-01,244,Core Platform,43346,3612.17,7303,4105,3683,0,14559,9235
2024-04-01,245,Analytics,109531,9127.58,22480,206,8128,0,7636,598
2024-04-01,246,Core Platform,85381,7115.08,8697,16857,9797,0,27361,139
2024-04-01,247,AI Suite,134516,11209.67,25953,10749,4839,0,7907,26704
2024-04-01,248,Core Platform,80727,6727.25,29874,12976,5294,0,23073,36415
2024-04-01,249,Analytics,124561,10380.08,18983,2211,1372,0,9302,2699
2024-04-01,250,Enterprise,81556,6796.33,7774,2139,4606,0,28206,2780
2024-04-01,251,Enterprise,30019,2501.58,22022,17427,4164,0,25733,20496
2024-04-01,252,Core Platform,20388,1699.0,48791,3643,8116,0,14695,32642
2024-04-01,253,Core Platform,40301,3358.42,16367,5966,1985,0,23247,16139
2024-04-01,254,Security,61792,5149.33,14706,12001,8493,0,21387,7151
2024-04-01,255,Enterprise,147804,12317.0,9003,8021,7112,0,25399,14479
2024-04-01,256,Core Platform,104408,8700.67,7389,106,5127,0,21223,33675
2024-04-01,257,Enterprise,100434,8369.5,6974,8337,2980,0,4761,8155
2024-04-01,258,Security,71881,5990.08,7099,1317,1054,0,19324,13549
2024-04-01,259,Core Platform,132165,11013.75,20293,4998,1046,0,2328,4929
2024-04-01,260,Enterprise,35792,2982.67,44737,2577,3047,0,9929,22780
2024-04-01,261,Core Platform,65627,5468.92,4163,12485,6871,0,534,11429
2024-04-01,262,Security,0,0.0,28846,4661,7723,78424,28362,27717
2024-04-01,263,Enterprise,51161,4263.42,4272,7465,3202,0,3196,33380
2024-04-01,264,Core Platform,40940,3411.67,35861,16568,2106,0,29103,4194
2024-04-01,265,Security,117692,9807.67,22547,17600,1887,0,8442,6182
2024-04-01,266,Security,70537,5878.08,6050,608,9080,0,19298,28040
2024-04-01,267,Analytics,44159,3679.92,44860,19593,6325,0,18265,16534
2024-04-01,268,Enterprise,20093,1674.42,28563,5254,4568,0,16658,9469
2024-04-01,269,Core Platform,109029,9085.75,39355,14847,1786,0,28500,24507
2024-04-01,270,AI Suite,46723,3893.58,23289,13145,9372,0,24223,18292
2024-04-01,271,Core Platform,79326,6610.5,48067,15392,8985,0,25174,4996
2024-04-01,272,Core Platform,43170,3597.5,13950,1153,746,0,5828,15075
2024-04-01,273,Enterprise,142710,11892.5,32003,18876,2050,0,955,4634
2024-04-01,274,Analytics,152268,12689.0,36717,8291,3192,0,28876,35449
2024-04-01,275,Security,14097,1174.75,40501,19947,5850,44461,13486,13259
2024-04-01,276,Core Platform,68220,5685.0,38434,2165,9060,0,21302,25908
2024-04-01,277,AI Suite,103051,8587.58,3473,13016,1677,0,27775,31716
2024-04-01,278,Enterprise,111022,9251.83,32458,6017,9383,0,5289,33210
2024-04-01,279,AI Suite,39755,3312.92,7856,13437,7253,0,12235,16135
2024-04-01,280,Security,88776,7398.0,29198,3655,8600,0,16582,1911
2024-04-01,281,Enterprise,70969,5914.08,20939,14682,8300,0,114,5539
2024-04-01,282,Analytics,109502,9125.17,1120,7410,7324,0,53,33887
2024-04-01,283,Enterprise,151342,12611.83,7366,11440,4428,0,23001,6821
2024-04-01,284,Security,56316,4693.0,46239,17436,1332,0,15432,4546
2024-04-01,285,AI Suite,149546,12462.17,43649,6623,6049,0,27790,32331
2024-04-01,286,Core Platform,87328,7277.33,10804,5156,2247,0,8345,17776
2024-04-01,287,Enterprise,111495,9291.25,7994,18975,2322,0,15593,23340
2024-04-01,288,AI Suite,17091,1424.25,4031,15076,6911,0,8078,36390
2024-04-01,289,Enterprise,50355,4196.25,2040,10898,1381,0,15223,25735
2024-04-01,290,Core Platform,62041,5170.08,5648,13176,2010,0,19511,3830
2024-04-01,291,AI Suite,127715,10642.92,32603,16490,452,0,29991,26716
2024-04-01,292,Enterprise,101547,8462.25,29511,7323,7774,0,8510,29421
2024-04-01,293,Analytics,49046,4087.17,12896,3842,3910,0,6633,20574
2024-04-01,294,Enterprise,133323,11110.25,1179,12806,285,0,23142,34260
2024-04-01,295,Security,108638,9053.17,47224,5735,5134,0,28670,16997
2024-04-01,296,Core Platform,79373,6614.42,42470,7289,393,0,12240,968
2024-04-01,297,AI Suite,31783,2648.58,27273,11982,6296,0,28914,4698
2024-04-01,298,Core Platform,141526,11793.83,32230,3108,5333,0,19160,17639
2024-04-01,299,Analytics,69752,5812.67,16126,6739,8052,0,13157,26744
2024-04-01,300,AI Suite,105476,8789.67,23079,3909,630,0,13642,11068
2024-04-01,301,Analytics,134405,11200.42,39987,6777,6895,0,13397,24839
2024-04-01,302,Analytics,101130,8427.5,10811,242,2732,0,17559,20001
2024-04-01,303,AI Suite,95013,7917.75,36040,9430,284,0,23095,440
2024-04-01,304,Enterprise,159405,13283.75,33172,18536,5306,0,3355,38604
2024-04-01,305,AI Suite,72301,6025.08,40668,12509,6450,0,27112,31860
2024-04-01,306,Analytics,52374,4364.5,23339,14994,5727,0,13835,30654
2024-04-01,307,Enterprise,45850,3820.83,41280,9133,9395,0,7402,33822
2024-04-01,308,Security,127656,10638.0,11990,4412,6535,0,4946,35684
2024-04-01,309,Core Platform,129849,10820.75,27449,8316,2144,0,22886,5930
2024-04-01,310,Core Platform,130387,10865.58,21588,8838,1366,0,15549,38392
2024-04-01,311,Enterprise,133000,11083.33,30893,5484,5938,0,20081,27018
2024-04-01,312,Enterprise,150023,12501.92,27578,12444,403,0,25998,32484
2024-04-01,313,AI Suite,122898,10241.5,27924,17126,7691,0,6601,2907
2024-04-01,314,Analytics,18996,1583.0,26299,4472,7906,0,5557,9930
2024-04-01,315,Security,160934,13411.17,37345,16311,4383,0,10412,23340
2024-04-01,316,Security,139411,11617.58,13080,2848,110,0,9358,7956
2024-04-01,317,Core Platform,24469,2039.08,11606,11096,7848,0,27319,22169
2024-04-01,318,AI Suite,143284,11940.33,1259,12946,9741,0,19430,161
2024-04-01,319,Security,61148,5095.67,13238,1342,7831,0,26436,33322
2024-04-01,320,Security,145606,12133.83,20178,15494,3001,0,20395,26164
2024-04-01,321,Core Platform,91462,7621.83,8153,15175,5094,0,14814,20566
2024-04-01,322,Analytics,8450,704.17,46496,5709,5835,0,4214,3255
2024-04-01,323,Core Platform,37234,3102.83,25408,2075,8413,0,24852,12486
2024-04-01,324,Enterprise,150094,12507.83,38865,16604,1797,0,215,34840
2024-04-01,325,AI Suite,6812,567.67,12798,1684,7996,0,12376,13619
2024-04-01,326,Security,104037,8669.75,4755,6461,4247,0,18864,30740
2024-04-01,327,Enterprise,123432,10286.0,10015,19470,2137,0,4658,38074
2024-04-01,328,Core Platform,6517,543.08,45310,4486,7719,0,10491,7256
2024-04-01,329,Analytics,106711,8892.58,39427,9476,7791,0,13712,27000
2024-04-01,330,AI Suite,23404,1950.33,48097,9064,2786,0,2384,27282
2024-04-01,331,AI Suite,107714,8976.17,19786,16910,1405,0,15598,13914
2024-04-01,332,AI Suite,57265,4772.08,19368,14765,2844,0,2205,37653
2024-04-01,333,Analytics,148627,12385.58,23726,16787,38,0,7673,29646
2024-04-01,334,Enterprise,59929,4994.08,43218,11116,7059,0,21171,7205
2024-04-01,335,Enterprise,103564,8630.33,21401,12956,3320,0,18786,12045
2024-04-01,336,Enterprise,17449,1454.08,3797,17271,4942,0,17063,3129
2024-04-01,337,Core Platform,78087,6507.25,26960,18589,2725,0,25239,1206
2024-04-01,338,Security,15381,1281.75,37613,11190,8402,0,669,19051
2024-04-01,339,Analytics,117924,9827.0,13836,14728,8300,0,13850,3473
2024-04-01,340,Analytics,54115,4509.58,29225,4840,6796,0,11067,34346
2024-04-01,341,Enterprise,11211,934.25,7432,4738,9565,0,2115,18114
2024-04-01,342,Analytics,44074,3672.83,32700,4095,4160,0,29015,6137
2024-04-01,343,Analytics,34268,2855.67,1709,9877,4392,0,6191,8121
2024-04-01,344,Enterprise,30201,2516.75,15312,10235,4124,0,18053,2665
2024-04-01,345,Analytics,98345,8195.42,37172,7897,4621,0,26374,15474
2024-04-01,346,Security,14939,1244.92,28938,17417,2478,76683,13142,32378
2024-04-01,347,Enterprise,28403,2366.92,35252,6624,6479,0,20099,10813
2024-04-01,348,Security,112152,9346.0,5251,15580,4874,0,21685,3086
2024-04-01,349,AI Suite,108741,9061.75,32032,12354,3027,0,1191,24844
2024-04-01,350,Security,24363,2030.25,28026,15442,7328,0,7270,35399
2024-04-01,351,Analytics,20813,1734.42,43519,10161,5060,0,12603,25383
2024-04-01,352,Analytics,69610,5800.83,24980,7441,6571,0,10492,4371
2024-04-01,353,AI Suite,18984,1582.0,44638,18088,4933,0,8239,22602
2024-04-01,354,Enterprise,114399,9533.25,27642,5594,5438,0,2902,12265
2024-04-01,355,Analytics,80946,6745.5,32359,12235,4939,0,20446,37423
2024-04-01,356,Core Platform,97473,8122.75,1765,14695,4895,0,6068,6147
2024-04-01,357,Core Platform,40720,3393.33,34889,541,1515,0,23889,20503
2024-04-01,358,Analytics,85030,7085.83,18979,14662,2507,0,3423,27786
2024-04-01,359,Security,123155,10262.92,38015,19243,500,0,16495,1583
2024-04-01,360,Core Platform,19988,1665.67,18724,9734,9534,0,6582,877
2024-04-01,361,Security,71353,5946.08,37168,15960,8758,0,9292,13111
2024-04-01,362,Core Platform,24665,2055.42,18309,13525,4901,0,3545,494
2024-04-01,363,Enterprise,87813,7317.75,41566,7460,9810,0,29645,36799
2024-04-01,364,Core Platform,75497,6291.42,39385,15331,8412,0,7848,16149
2024-04-01,365,Security,127072,10589.33,43558,3979,9614,0,6019,14769
2024-04-01,366,Security,38497,3208.08,46477,14727,7939,0,16889,4201
2024-04-01,367,Analytics,115682,9640.17,24077,6912,4169,0,12380,12677
2024-04-01,368,Core Platform,112886,9407.17,30396,9442,767,0,21529,261
2024-04-01,369,Analytics,118451,9870.92,10317,3991,867,0,2405,33055
2024-04-01,370,Security,58890,4907.5,37951,13970,4627,0,24312,5707
2024-04-01,371,Enterprise,65971,5497.58,48381,10825,2570,0,11622,22971
2024-04-01,372,Security,95349,7945.75,24627,5311,3463,0,15403,28914
2024-04-01,373,Security,110198,9183.17,18244,18815,4989,0,18550,33983
2024-04-01,374,Enterprise,80881,6740.08,25598,19157,6284,0,12949,31458
2024-04-01,375,AI Suite,115542,9628.5,45598,15692,6213,0,9626,16133
2024-04-01,376,Analytics,103508,8625.67,26674,853,778,0,17568,38054
2024-04-01,377,Enterprise,40476,3373.0,10671,15366,5490,0,23153,21079
2024-04-01,378,Enterprise,77199,6433.25,8209,8044,9262,0,11761,15188
2024-04-01,379,Security,146983,12248.58,13833,7593,7201,0,3136,31315
2024-04-01,380,AI Suite,78817,6568.08,15383,14756,3694,0,27400,13520
2024-04-01,381,Core Platform,123678,10306.5,32911,11629,5673,0,23084,32251
2024-04-01,382,Enterprise,34693,2891.08,33947,449,1858,0,9595,30350
2024-04-01,383,Enterprise,91441,7620.08,44964,11927,8940,0,16401,15626
2024-04-01,384,Core Platform,90472,7539.33,46144,19800,6477,0,3679,25987
2024-04-01,385,Core Platform,51753,4312.75,8325,4566,6056,0,24745,9186
2024-04-01,386,Core Platform,83766,6980.5,27848,17479,8512,0,7543,30553
2024-04-01,387,Analytics,114529,9544.08,9952,17492,7585,0,13026,36614
2024-04-01,388,Analytics,122104,10175.33,29171,12972,7287,0,8779,37700
2024-04-01,389,Analytics,58726,4893.83,9777,17977,6301,0,6249,38298
2024-04-01,390,Core Platform,33059,2754.92,47932,8354,6428,0,27241,6633
2024-04-01,391,Security,55532,4627.67,19690,11749,7408,0,13497,39380
2024-04-01,392,AI Suite,8325,693.75,4470,16594,8269,149581,21317,13309
2024-04-01,393,Enterprise,29733,2477.75,35567,287,271,0,5286,20850
2024-04-01,394,Analytics,132262,11021.83,15009,14846,7817,0,25104,27332
2024-04-01,395,Core Platform,95562,7963.5,1634,9021,6167,0,17925,24047
2024-04-01,396,Enterprise,81140,6761.67,6881,6646,2195,0,25473,30903
2024-04-01,397,Enterprise,31325,2610.42,21963,14751,5293,0,10783,2993
2024-04-01,398,Core Platform,95954,7996.17,37753,19732,9750,0,13211,20698
2024-04-01,399,AI Suite,101797,8483.08,30998,3304,8243,0,27212,12447
2024-04-01,400,Security,144550,12045.83,28191,5850,265,0,5668,14589
2024-04-01,401,AI Suite,85397,7116.42,46925,19602,9812,0,15239,33986
2024-04-01,402,Analytics,120692,10057.67,14111,217,5674,0,7766,4689
2024-04-01,403,Core Platform,77282,6440.17,46620,3750,843,0,11891,30741
2024-04-01,404,Enterprise,97384,8115.33,25985,9372,2024,0,7921,9833
2024-04-01,405,Analytics,26356,2196.33,3145,13061,7574,0,14429,26633
2024-04-01,406,Analytics,39310,3275.83,15397,9973,4068,0,13453,33068
2024-04-01,407,AI Suite,94730,7894.17,3667,9330,5499,0,13258,20699
2024-04-01,408,AI Suite,88205,7350.42,4176,9220,2726,0,19136,6981
2024-04-01,409,AI Suite,124412,10367.67,2523,12876,3174,0,11572,1638
2024-04-01,410,Core Platform,31379,2614.92,37464,7103,4897,0,7833,26272
2024-04-01,411,Analytics,118209,9850.75,30116,454,5953,0,13517,24344
2024-04-01,412,Core Platform,39074,3256.17,19842,14627,808,0,15319,2780
2024-04-01,413,AI Suite,36791,3065.92,20624,10452,3208,0,26404,34635
2024-04-01,414,Analytics,32227,2685.58,28871,15112,8657,0,28381,32440
2024-04-01,415,Analytics,137333,11444.42,18672,1354,898,0,72,22868
2024-04-01,416,Security,95077,7923.08,11445,19515,1411,0,21564,20884
2024-04-01,417,Core Platform,40384,3365.33,9357,11061,870,0,1255,34218
2024-04-01,418,Enterprise,136030,11335.83,9739,5366,167,0,9376,20400
2024-04-01,419,Security,111959,9329.92,8164,5582,3851,0,28644,3255
2024-04-01,420,Core Platform,12535,1044.58,49142,6427,6750,0,23202,17464
2024-04-01,421,AI Suite,113940,9495.0,2899,521,4792,0,23329,5936
2024-04-01,422,Core Platform,150667,12555.58,22729,13893,9796,0,16554,27452
2024-04-01,423,Core Platform,106092,8841.0,18381,6783,1394,0,4102,25549
2024-04-01,424,Analytics,122186,10182.17,12271,6408,5761,0,10821,21978
2024-04-01,425,Core Platform,103634,8636.17,49199,7504,1074,0,27362,14631
2024-04-01,426,Security,7206,600.5,22872,6798,7160,0,11609,37843
2024-04-01,427,Security,65639,5469.92,15180,16354,7182,0,25978,28726
2024-04-01,428,Analytics,515,42.92,49097,5133,4618,19299,20082,38874
2024-04-01,429,AI Suite,28084,2340.33,17904,8689,3766,0,7280,30994
2024-04-01,430,AI Suite,134568,11214.0,32417,7978,923,0,7856,13595
2024-04-01,431,Core Platform,50489,4207.42,17730,3208,4238,0,11026,32300
2024-04-01,432,Security,49139,4094.92,31636,9014,6656,0,1936,3085
2024-04-01,433,Analytics,98535,8211.25,38555,8977,1245,0,13026,32761
2024-04-01,434,Security,127872,10656.0,30688,14102,3192,0,27432,26388
2024-04-01,435,Enterprise,0,0.0,31644,2057,2175,129192,15821,36651
2024-04-01,436,Core Platform,134015,11167.92,18220,18813,8544,0,4112,8292
2024-04-01,437,Security,118473,9872.75,32553,4548,4335,0,15371,2054
2024-04-01,438,Enterprise,144113,12009.42,27674,16223,759,0,25950,25030
2024-04-01,439,Analytics,89946,7495.5,36944,5342,1210,0,17032,6796
2024-04-01,440,Security,75020,6251.67,16435,9699,8526,0,11864,17402
2024-04-01,441,Core Platform,68534,5711.17,14303,5227,9250,0,14559,28244
2024-04-01,442,Core Platform,113750,9479.17,14078,847,3227,0,1085,15357
2024-04-01,443,AI Suite,151150,12595.83,24890,18295,1757,0,27752,1651
2024-04-01,444,Core Platform,49114,4092.83,3731,19387,9915,0,130,13377
2024-04-01,445,Enterprise,71476,5956.33,28297,852,3450,0,19693,21069
2024-04-01,446,AI Suite,136718,11393.17,39624,8943,7511,0,12241,8935
2024-04-01,447,Analytics,134714,11226.17,34118,14682,6578,0,3714,9193
2024-04-01,448,Enterprise,127749,10645.75,27779,1022,4932,0,15113,9537
2024-04-01,449,Analytics,0,0.0,15237,444,5850,0,18730,36140
2024-04-01,450,Core Platform,30837,2569.75,28255,9288,1857,0,6092,19588
2024-04-01,451,AI Suite,96073,8006.08,25343,12424,5266,0,7875,39047
2024-04-01,452,Security,67110,5592.5,33413,13175,2331,0,8765,35995
2024-04-01,453,Analytics,0,0.0,28619,5218,9499,74903,15549,37124
2024-04-01,454,Enterprise,77728,6477.33,29441,13662,7603,0,11663,15773
2024-04-01,455,Analytics,102949,8579.08,38193,9074,1116,0,26185,28375
2024-04-01,456,Core Platform,146197,12183.08,31008,18910,9936,0,3595,19276
2024-04-01,457,Core Platform,55477,4623.08,30209,9037,4563,0,18202,1689
2024-04-01,458,Core Platform,55000,4583.33,44429,19002,1721,0,21548,30667
2024-04-01,459,Core Platform,52475,4372.92,42534,10355,1886,0,23569,20475
2024-04-01,460,Security,115801,9650.08,5651,1344,1263,0,3819,2826
2024-04-01,461,Core Platform,128591,10715.92,27937,2841,7977,0,5430,17001
2024-04-01,462,AI Suite,18887,1573.92,29255,14973,3597,0,20802,4326
2024-04-01,463,Core Platform,82895,6907.92,41467,18966,9471,0,6665,8028
2024-04-01,464,Core Platform,52394,4366.17,1846,12235,1402,0,8148,25382
2024-04-01,465,Core Platform,76987,6415.58,32433,9729,7453,0,14815,3302
2024-04-01,466,AI Suite,27047,2253.92,23700,18053,6484,0,28674,29178
2024-04-01,467,Security,56444,4703.67,14618,9511,2833,0,9681,30346
2024-04-01,468,AI Suite,94199,7849.92,23291,2989,6310,0,4430,25977
2024-04-01,469,Enterprise,2769,230.75,3059,10870,8101,106662,26757,22551
2024-04-01,470,AI Suite,74962,6246.83,48172,4314,2622,0,1228,2962
2024-04-01,471,Core Platform,8375,697.92,18370,2902,7930,0,21200,3196
2024-04-01,472,AI Suite,141593,11799.42,23014,18917,9671,0,21460,28853
2024-04-01,473,AI Suite,154409,12867.42,38486,10895,4111,0,12446,14892
2024-04-01,474,AI Suite,107553,8962.75,45756,19995,458,0,27514,25482
2024-04-01,475,Analytics,66929,5577.42,30780,2325,1567,0,18824,20049
2024-04-01,476,AI Suite,104726,8727.17,8121,11999,2681,0,15559,20756
2024-04-01,477,Analytics,116109,9675.75,9614,5073,7842,0,8624,18326
2024-04-01,478,Analytics,140240,11686.67,11663,19168,1266,0,450,14805
2024-04-01,479,Analytics,76683,6390.25,26156,16370,3533,0,21842,2231
2024-04-01,480,AI Suite,21119,1759.92,31924,3982,7331,0,9381,1614
2024-04-01,481,Enterprise,127701,10641.75,4426,16318,2421,0,1157,8577
2024-04-01,482,Core Platform,91008,7584.0,34442,19267,7647,0,27349,37447
2024-04-01,483,Analytics,12209,1017.42,8981,11106,5353,0,23707,1319
2024-04-01,484,AI Suite,153987,12832.25,9252,15942,3551,0,21336,7653
2024-04-01,485,Analytics,149956,12496.33,9130,14397,4862,0,18667,4418
2024-04-01,486,Enterprise,0,0.0,2130,8760,9872,52135,24559,20020
2024-04-01,487,Enterprise,25301,2108.42,21786,19415,6979,0,4199,21106
2024-04-01,488,Core Platform,65776,5481.33,1619,9426,3113,0,15770,30942
2024-04-01,489,Security,143510,11959.17,18634,18046,2343,0,24884,7446
2024-04-01,490,Enterprise,138766,11563.83,23023,15620,7095,0,6691,17191
2024-04-01,491,Analytics,66440,5536.67,36238,14596,2812,0,2044,17736
2024-04-01,492,Enterprise,72502,6041.83,35291,6975,1114,0,9889,7856
2024-04-01,493,Security,11789,982.42,2565,13402,1613,23544,463,19857
2024-04-01,494,Enterprise,22678,1889.83,26655,7110,2126,0,3282,3737
2024-04-01,495,Analytics,131197,10933.08,44566,3471,4556,0,29179,18497
2024-04-01,496,Analytics,59141,4928.42,31948,5822,9415,0,18785,31387
2024-04-01,497,Core Platform,28246,2353.83,19124,9154,4120,0,23511,18811
2024-04-01,498,Security,89728,7477.33,38888,11947,472,0,12728,4216
2024-04-01,499,Core Platform,59977,4998.08,10966,7333,8519,0,26340,24667
2024-04-01,500,Analytics,62992,5249.33,36021,11950,5859,0,6867,17940
2024-05-01,1,AI Suite,148449,12370.75,43838,16932,5138,0,13042,13880
2024-05-01,2,Security,35112,2926.0,49943,12240,8034,0,9047,10515
2024-05-01,3,Analytics,78311,6525.92,39203,17721,8372,0,14446,35719
2024-05-01,4,Security,38948,3245.67,9602,11588,4433,0,21,18101
2024-05-01,5,Security,31338,2611.5,12292,7332,9012,0,22020,29292
2024-05-01,6,Analytics,55757,4646.42,13456,16070,7359,0,9793,12856
2024-05-01,7,Security,105327,8777.25,16787,6462,1691,0,3074,8625
2024-05-01,8,Enterprise,77093,6424.42,33026,17654,5836,0,23184,16045
2024-05-01,9,Analytics,99308,8275.67,32411,13335,3598,0,4418,13637
2024-05-01,10,Enterprise,11083,923.58,6681,9400,8010,0,21592,2961
2024-05-01,11,AI Suite,80572,6714.33,18598,4394,9756,0,14735,20384
2024-05-01,12,Analytics,151451,12620.92,1062,11964,7959,0,9439,11
2024-05-01,13,AI Suite,61305,5108.75,26870,6393,1981,0,22192,14558
2024-05-01,14,Enterprise,146509,12209.08,12673,14661,3542,0,26578,36947
2024-05-01,15,AI Suite,107555,8962.92,28734,1525,6311,0,8563,19523
2024-05-01,16,AI Suite,147279,12273.25,26988,19355,2535,0,17771,17860
2024-05-01,17,Enterprise,79763,6646.92,43302,11549,7065,0,4192,31048
2024-05-01,18,Analytics,106949,8912.42,20398,19127,7553,0,18210,23223
2024-05-01,19,Security,82799,6899.92,19678,8127,9893,0,28803,35383
2024-05-01,20,Enterprise,26287,2190.58,27819,2071,2962,0,5270,10316
2024-05-01,21,Core Platform,0,0.0,31779,4015,8682,112079,9410,26603
2024-05-01,22,AI Suite,74688,6224.0,46882,9465,3395,0,7896,23325
2024-05-01,23,Enterprise,99896,8324.67,19092,4066,8490,0,7677,36428
2024-05-01,24,Core Platform,49330,4110.83,39052,9581,1538,0,13345,16818
2024-05-01,25,AI Suite,93203,7766.92,1720,16832,792,0,7234,8272
2024-05-01,26,Analytics,127368,10614.0,28201,3363,2115,0,17094,29587
2024-05-01,27,AI Suite,63072,5256.0,16844,12697,7540,0,16020,15551
2024-05-01,28,Security,67641,5636.75,10554,10960,1388,0,11486,35843
2024-05-01,29,Core Platform,85741,7145.08,6104,840,9249,0,16361,17874
2024-05-01,30,Security,58369,4864.08,7988,14478,6709,0,28247,15627
2024-05-01,31,Core Platform,143137,11928.08,11653,19960,5100,0,8093,3156
2024-05-01,32,Enterprise,103021,8585.08,31988,11085,1418,0,23510,21247
2024-05-01,33,Core Platform,144741,12061.75,39423,13924,3213,0,15558,32544
2024-05-01,34,Security,36956,3079.67,5229,3237,8442,0,12270,16429
2024-05-01,35,AI Suite,2566,213.83,47356,10185,7619,107887,13611,4944
2024-05-01,36,Security,102199,8516.58,44638,2123,9352,0,23772,7181
2024-05-01,37,Analytics,99115,8259.58,6004,733,5774,0,26131,39456
2024-05-01,38,Core Platform,125786,10482.17,37399,7720,8384,0,19516,14685
2024-05-01,39,Analytics,83740,6978.33,11597,15836,7429,0,8064,2492
2024-05-01,40,Enterprise,76297,6358.08,23499,15854,704,0,6003,4055
2024-05-01,41,Core Platform,101417,8451.42,4853,5939,7252,0,18325,4482
2024-05-01,42,Enterprise,84218,7018.17,44251,9815,775,0,6850,36321
2024-05-01,43,Security,138851,11570.92,49421,15099,8352,0,19974,9132
2024-05-01,44,Core Platform,21960,1830.0,35862,16111,7742,0,21578,16781
2024-05-01,45,Enterprise,146780,12231.67,12385,19145,6074,0,24015,5019
2024-05-01,46,AI Suite,41374,3447.83,24938,18287,3077,0,24109,39062
2024-05-01,47,AI Suite,19222,1601.83,23852,11344,1751,0,18796,12479
2024-05-01,48,Analytics,52797,4399.75,48876,10927,5464,0,20694,28624
2024-05-01,49,Analytics,27140,2261.67,13035,3809,4417,0,492,21157
2024-05-01,50,Core Platform,70243,5853.58,16889,2502,5363,0,2806,18930
2024-05-01,51,Core Platform,60290,5024.17,23573,18606,4747,0,8755,33177
2024-05-01,52,Analytics,16841,1403.42,40853,16006,5191,0,14184,39502
2024-05-01,53,Analytics,118828,9902.33,16255,14005,8811,0,4570,14024
2024-05-01,54,Enterprise,144062,12005.17,46235,10614,7728,0,10311,2279
2024-05-01,55,Core Platform,26188,2182.33,20109,17826,4962,0,14296,35493
2024-05-01,56,Enterprise,147495,12291.25,16421,19327,5955,0,13238,30382
2024-05-01,57,Core Platform,137865,11488.75,22626,1572,5662,0,29612,16154
2024-05-01,58,Enterprise,52546,4378.83,10928,11464,209,0,428,27504
2024-05-01,59,Core Platform,78612,6551.0,42745,12873,4677,0,19518,8379
2024-05-01,60,Security,31688,2640.67,42331,7547,722,0,20216,23918
2024-05-01,61,Core Platform,113471,9455.92,5371,7954,8548,0,17082,21958
2024-05-01,62,Security,4386,365.5,15730,6989,2603,24477,10624,5147
2024-05-01,63,AI Suite,92906,7742.17,12767,11589,3449,0,18110,22683
2024-05-01,64,Core Platform,5284,440.33,41284,1745,8487,0,9753,17185
2024-05-01,65,Analytics,137763,11480.25,2094,6592,3191,0,15260,18072
2024-05-01,66,Enterprise,131111,10925.92,22708,8065,8161,0,28564,33626
2024-05-01,67,Security,106926,8910.5,23180,4034,1148,0,16777,36154
2024-05-01,68,AI Suite,79576,6631.33,5464,6801,9290,0,13350,8598
2024-05-01,69,Enterprise,61155,5096.25,14011,12067,990,0,17261,178
2024-05-01,70,Enterprise,125879,10489.92,35720,4385,7424,0,6668,38126
2024-05-01,71,Enterprise,37822,3151.83,37373,4547,4957,0,21030,27923
2024-05-01,72,Enterprise,113145,9428.75,20080,14633,2840,0,27195,33798
2024-05-01,73,Core Platform,71310,5942.5,12659,3841,1557,0,9084,23587
2024-05-01,74,Security,67221,5601.75,26097,4230,3806,0,24735,35375
2024-05-01,75,Enterprise,111681,9306.75,43892,13800,2109,0,8505,9905
2024-05-01,76,Security,66125,5510.42,25872,3423,2367,0,3228,10647
2024-05-01,77,Analytics,50695,4224.58,26104,16431,8715,0,15539,17624
2024-05-01,78,Security,23850,1987.5,45820,10859,8427,0,26214,7498
2024-05-01,79,Core Platform,143173,11931.08,48666,11886,1579,0,306,31449
2024-05-01,80,Core Platform,74834,6236.17,5719,11035,9195,0,20168,34095
2024-05-01,81,Analytics,37020,3085.0,8775,6848,9569,0,10159,6455
2024-05-01,82,Security,49446,4120.5,15505,4872,5171,0,11741,9706
2024-05-01,83,Analytics,96290,8024.17,14790,16790,5404,0,25467,22710
2024-05-01,84,Core Platform,117612,9801.0,42894,18064,7407,0,2911,5872
2024-05-01,85,Enterprise,96105,8008.75,11417,1520,8995,0,8571,33993
2024-05-01,86,Core Platform,96097,8008.08,18664,4667,7353,0,460,29264
2024-05-01,87,Enterprise,68404,5700.33,19921,131,4888,0,27332,38881
2024-05-01,88,Enterprise,101980,8498.33,10802,12493,37,0,17976,374
2024-05-01,89,Enterprise,60032,5002.67,46532,18895,3709,0,19563,10228
2024-05-01,90,Security,30560,2546.67,20904,14488,4841,0,20121,2050
2024-05-01,91,Analytics,83189,6932.42,9746,17394,2520,0,18618,24775
2024-05-01,92,Security,96291,8024.25,33591,10258,6422,0,111,19630
2024-05-01,93,AI Suite,52110,4342.5,33091,3703,7492,0,6570,25699
2024-05-01,94,Security,111693,9307.75,20456,9629,9910,0,3167,38385
2024-05-01,95,Analytics,55707,4642.25,44439,13613,9945,0,820,20800
2024-05-01,96,Analytics,125621,10468.42,42889,8574,2106,0,17057,1334
2024-05-01,97,Security,88473,7372.75,44209,9796,3478,0,4146,33855
2024-05-01,98,Core Platform,128565,10713.75,8532,14268,5241,0,18997,10532
2024-05-01,99,Core Platform,67087,5590.58,3066,6774,7314,0,14100,13728
2024-05-01,100,Analytics,70858,5904.83,14217,2759,5104,0,14983,7560
2024-05-01,101,Security,89551,7462.58,42075,4967,2689,0,27551,15543
2024-05-01,102,AI Suite,102327,8527.25,43783,16457,9393,0,23930,33328
2024-05-01,103,AI Suite,30581,2548.42,41383,16520,2011,0,8653,36065
2024-05-01,104,Core Platform,99408,8284.0,27294,1216,8,0,1953,10308
2024-05-01,105,Core Platform,6286,523.83,8125,2263,4480,0,15052,38351
2024-05-01,106,Analytics,1519,126.58,8190,9521,8002,128622,24062,38928
2024-05-01,107,Enterprise,77476,6456.33,37782,2442,94,0,25713,5767
2024-05-01,108,Enterprise,85389,7115.75,41960,8131,8269,0,21132,6473
2024-05-01,109,Core Platform,14536,1211.33,26175,9736,4318,0,21113,11466
2024-05-01,110,Security,38863,3238.58,1082,16749,836,0,20005,28107
2024-05-01,111,Analytics,134726,11227.17,28653,7766,1976,0,16195,33409
2024-05-01,112,Enterprise,61354,5112.83,16521,7498,4387,0,1738,19150
2024-05-01,113,Security,146069,12172.42,7317,16123,4921,0,25823,787
2024-05-01,114,Security,109079,9089.92,15183,15693,7004,0,14756,29477
2024-05-01,115,Enterprise,52289,4357.42,43533,16051,7911,0,22958,8030
2024-05-01,116,Analytics,69339,5778.25,12613,16633,3811,0,28710,18031
2024-05-01,117,AI Suite,53013,4417.75,10898,10776,6438,0,159,24197
2024-05-01,118,Analytics,60899,5074.92,43723,18042,3944,0,20141,35878
2024-05-01,119,Enterprise,119566,9963.83,4099,15316,5854,0,10625,13845
2024-05-01,120,Enterprise,37204,3100.33,9556,15283,324,0,7330,15367
2024-05-01,121,Core Platform,80620,6718.33,20901,13098,549,0,29348,18588
2024-05-01,122,Enterprise,55725,4643.75,19832,4438,8732,0,21943,35346
2024-05-01,123,Security,113147,9428.92,34989,9060,7257,0,26639,21213
2024-05-01,124,Security,138941,11578.42,48619,2534,1022,0,7587,30462
2024-05-01,125,Core Platform,116071,9672.58,34534,18577,2670,0,21579,1734
2024-05-01,126,Core Platform,121745,10145.42,20217,11272,3687,0,12981,18866
2024-05-01,127,Security,152189,12682.42,10813,11073,4512,0,23796,3981
2024-05-01,128,Security,154573,12881.08,13526,17241,7672,0,2857,31784
2024-05-01,129,AI Suite,57206,4767.17,2088,15815,6081,0,9564,31012
2024-05-01,130,Analytics,152258,12688.17,21849,17994,6158,0,28357,32204
2024-05-01,131,Analytics,72231,6019.25,2542,10426,9188,0,6870,26100
2024-05-01,132,Core Platform,5396,449.67,14439,5901,505,74027,8676,38110
2024-05-01,133,Security,116488,9707.33,34772,11982,2221,0,7314,32249
2024-05-01,134,Core Platform,147078,12256.5,39270,19492,8229,0,20371,7363
2024-05-01,135,Enterprise,95489,7957.42,37733,7972,3058,0,16497,36274
2024-05-01,136,Enterprise,64214,5351.17,11258,10536,8695,0,8293,978
2024-05-01,137,AI Suite,79771,6647.58,37281,7443,5967,0,6595,14631
2024-05-01,138,Core Platform,118442,9870.17,4867,16019,5995,0,2229,16462
2024-05-01,139,Security,108519,9043.25,9800,7968,5036,0,24144,21140
2024-05-01,140,Core Platform,24079,2006.58,7133,9922,7826,0,8555,16887
2024-05-01,141,Analytics,15822,1318.5,7710,7123,9937,0,2033,36385
2024-05-01,142,Security,113594,9466.17,45215,3212,5331,0,14356,24027
2024-05-01,143,Security,26308,2192.33,4178,11039,6534,0,26629,2928
2024-05-01,144,AI Suite,55747,4645.58,46354,12497,8067,0,28691,6877
2024-05-01,145,AI Suite,41906,3492.17,31258,11493,9321,0,28647,39922
2024-05-01,146,Analytics,119472,9956.0,11378,12546,8728,0,27257,12724
2024-05-01,147,Security,104315,8692.92,1595,6807,5513,0,27004,31734
2024-05-01,148,Security,68546,5712.17,8851,5929,8576,0,8089,25761
2024-05-01,149,AI Suite,36709,3059.08,16256,5041,152,0,12693,24222
2024-05-01,150,Analytics,114509,9542.42,42694,19804,7172,0,11918,9989
2024-05-01,151,Core Platform,106489,8874.08,49125,4438,5600,0,5740,18512
2024-05-01,152,Analytics,71439,5953.25,15064,13710,1688,0,11512,32614
2024-05-01,153,AI Suite,14336,1194.67,44845,3541,5062,0,677,8456
2024-05-01,154,Enterprise,90428,7535.67,12212,8547,4711,0,16837,10949
2024-05-01,155,Security,97202,8100.17,37261,10814,7771,0,17235,16710
2024-05-01,156,AI Suite,137449,11454.08,9942,14620,7610,0,19504,19551
2024-05-01,157,Core Platform,74477,6206.42,1086,13325,723,0,29761,18456
2024-05-01,158,AI Suite,132623,11051.92,33600,14111,8356,0,593,4848
2024-05-01,159,AI Suite,99234,8269.5,47436,17800,1685,0,25658,6353
2024-05-01,160,Enterprise,79706,6642.17,14879,5653,9820,0,24941,33639
2024-05-01,161,Enterprise,80400,6700.0,48366,16488,2702,0,1619,18022
2024-05-01,162,Analytics,121923,10160.25,48618,9063,6995,0,23009,30165
2024-05-01,163,Security,61107,5092.25,29144,11117,9365,0,2049,39953
2024-05-01,164,Enterprise,58134,4844.5,27481,14894,1932,0,20430,30258
2024-05-01,165,Security,78803,6566.92,1844,10645,8400,0,6371,2251
2024-05-01,166,Analytics,133974,11164.5,49356,7483,6571,0,10322,16247
2024-05-01,167,AI Suite,153598,12799.83,26912,13891,5466,0,11287,838
2024-05-01,168,Analytics,108833,9069.42,8919,7485,5861,0,14424,18420
2024-05-01,169,Analytics,127857,10654.75,5598,2614,4001,0,16425,495
2024-05-01,170,AI Suite,23767,1980.58,17476,10770,13,0,3381,16335
2024-05-01,171,Enterprise,64730,5394.17,5522,13745,6904,0,7467,7415
2024-05-01,172,Enterprise,127089,10590.75,15919,8709,5136,0,24002,4216
2024-05-01,173,AI Suite,97729,8144.08,19499,17269,8685,0,9601,16206
2024-05-01,174,Security,110548,9212.33,20864,10462,5676,0,9215,39172
2024-05-01,175,AI Suite,107487,8957.25,49947,3737,8017,0,1163,24698
2024-05-01,176,Analytics,24624,2052.0,45193,4404,4903,0,2371,11466
2024-05-01,177,Core Platform,131914,10992.83,47451,6533,5632,0,25291,27841
2024-05-01,178,Analytics,79086,6590.5,17776,4674,277,0,6212,33019
2024-05-01,179,Core Platform,46092,3841.0,13247,7228,8213,0,4262,1244
2024-05-01,180,AI Suite,40606,3383.83,21278,10813,5224,0,29504,3562
2024-05-01,181,Security,45769,3814.08,39557,5628,3074,0,27722,17975
2024-05-01,182,Analytics,98218,8184.83,41293,9876,139,0,11703,32757
2024-05-01,183,Core Platform,28309,2359.08,6141,19356,7092,0,17454,33960
2024-05-01,184,Analytics,93041,7753.42,30836,13322,3394,0,18684,2190
2024-05-01,185,Security,146921,12243.42,46141,15732,40,0,12515,33189
2024-05-01,186,Enterprise,137907,11492.25,40637,4492,7018,0,17819,4867
2024-05-01,187,AI Suite,81833,6819.42,19401,17926,4343,0,24108,6067
2024-05-01,188,Analytics,106487,8873.92,25039,1613,7148,0,10778,4209
2024-05-01,189,Security,56577,4714.75,46431,187,8099,0,5825,16105
2024-05-01,190,Enterprise,78899,6574.92,39833,1065,94,0,9474,11723
2024-05-01,191,Core Platform,28975,2414.58,34693,14889,6148,0,13527,9175
2024-05-01,192,Security,10675,889.58,2620,12500,8648,0,15432,39075
2024-05-01,193,Core Platform,97514,8126.17,42907,9270,2528,0,12399,24420
2024-05-01,194,AI Suite,36848,3070.67,20711,19722,1013,0,1959,19260
2024-05-01,195,Core Platform,74752,6229.33,5476,13939,9616,0,27843,26999
2024-05-01,196,AI Suite,65999,5499.92,9427,18607,2766,0,28245,32349
2024-05-01,197,AI Suite,17697,1474.75,31760,11804,1351,0,1451,24850
2024-05-01,198,AI Suite,10799,899.92,36899,9401,9504,0,17463,15572
2024-05-01,199,Core Platform,99565,8297.08,45385,12753,6111,0,4055,26447
2024-05-01,200,AI Suite,67350,5612.5,46526,19929,8701,0,3267,19150
2024-05-01,201,Security,94643,7886.92,9879,16839,7169,0,12232,34406
2024-05-01,202,Enterprise,91943,7661.92,15785,4731,9130,0,29242,12036
2024-05-01,203,Analytics,130712,10892.67,3015,14009,5677,0,12719,19461
2024-05-01,204,Enterprise,153427,12785.58,33236,9017,1270,0,17450,34831
2024-05-01,205,Analytics,136490,11374.17,36358,10327,9815,0,26456,29386
2024-05-01,206,Security,45242,3770.17,7043,2689,3350,0,19234,10536
2024-05-01,207,Analytics,28602,2383.5,39487,7955,3492,0,25464,20055
2024-05-01,208,Core Platform,131015,10917.92,13590,3479,4900,0,20561,26549
2024-05-01,209,Core Platform,41801,3483.42,13019,11167,3513,0,13980,3565
2024-05-01,210,AI Suite,74046,6170.5,28884,5681,9479,0,3526,3415
2024-05-01,211,Core Platform,48785,4065.42,42553,7894,3640,0,27358,28489
2024-05-01,212,Security,17612,1467.67,14010,13715,9661,0,8878,34305
2024-05-01,213,Security,120873,10072.75,4021,3806,3002,0,18554,16904
2024-05-01,214,Enterprise,153028,12752.33,29434,5113,2023,0,13458,712
2024-05-01,215,Enterprise,155227,12935.58,39176,18408,9237,0,122,20376
2024-05-01,216,Core Platform,111395,9282.92,40874,12426,6261,0,15370,11827
2024-05-01,217,Core Platform,92749,7729.08,35130,7741,5670,0,15275,26014
2024-05-01,218,Security,39869,3322.42,14206,4662,7032,0,6164,14195
2024-05-01,219,Analytics,87106,7258.83,5198,9054,7157,0,7504,32176
2024-05-01,220,Core Platform,138127,11510.58,28000,11309,8434,0,16128,27405
2024-05-01,221,Core Platform,56625,4718.75,21639,12956,4261,0,23341,26214
2024-05-01,222,Enterprise,58547,4878.92,47187,8143,3144,0,19907,27863
2024-05-01,223,Core Platform,139176,11598.0,30767,4009,5461,0,17429,20262
2024-05-01,224,AI Suite,97731,8144.25,43456,11966,6051,0,10543,15079
2024-05-01,225,Core Platform,85677,7139.75,35181,19803,355,0,8127,35711
2024-05-01,226,AI Suite,53298,4441.5,15696,1736,9613,0,6413,17880
2024-05-01,227,AI Suite,163661,13638.42,25693,19105,178,0,8285,25462
2024-05-01,228,AI Suite,58709,4892.42,20153,3625,3268,0,22339,9059
2024-05-01,229,AI Suite,69755,5812.92,20358,4758,9029,0,26130,36279
2024-05-01,230,Analytics,99468,8289.0,24114,6340,7413,0,27919,36820
2024-05-01,231,AI Suite,114602,9550.17,4944,12808,5671,0,29498,23888
2024-05-01,232,Enterprise,45354,3779.5,23021,10128,3137,0,5536,14234
2024-05-01,233,AI Suite,10134,844.5,19244,19036,8902,146684,5174,35137
2024-05-01,234,Enterprise,36736,3061.33,12207,10751,871,0,18214,6854
2024-05-01,235,Core Platform,36680,3056.67,14141,6175,3157,0,29781,11711
2024-05-01,236,AI Suite,147140,12261.67,26640,11553,8888,0,25313,19916
2024-05-01,237,Core Platform,23534,1961.17,27308,11769,6044,0,10299,29975
2024-05-01,238,Enterprise,132939,11078.25,6374,6791,5097,0,3556,8034
2024-05-01,239,Analytics,107342,8945.17,21197,16796,6327,0,26156,12511
2024-05-01,240,AI Suite,124430,10369.17,43145,1419,2125,0,27811,7801
2024-05-01,241,Enterprise,137825,11485.42,21972,14002,407,0,2670,25009
2024-05-01,242,Enterprise,65796,5483.0,45872,17630,4363,0,6037,27362
2024-05-01,243,Enterprise,53631,4469.25,1434,4747,7992,0,11033,7400
2024-05-01,244,Analytics,73232,6102.67,21388,13456,6530,0,16246,12362
2024-05-01,245,AI Suite,127992,10666.0,4158,5093,2910,0,19788,34675
2024-05-01,246,Analytics,94873,7906.08,45141,17672,9317,0,20336,9866
2024-05-01,247,Security,90834,7569.5,33627,484,1233,0,23280,33330
2024-05-01,248,Security,103145,8595.42,29780,6900,5266,0,11632,18574
2024-05-01,249,Analytics,49248,4104.0,16131,16303,5806,0,17477,8100
2024-05-01,250,Security,32093,2674.42,3216,35,4112,0,2211,26889
2024-05-01,251,AI Suite,18309,1525.75,22933,19136,6313,0,2668,39922
2024-05-01,252,Core Platform,96096,8008.0,30636,2859,6390,0,26093,14727
2024-05-01,253,Analytics,130574,10881.17,47938,5191,8419,0,12321,22687
2024-05-01,254,Security,51764,4313.67,5793,12791,5182,0,25988,15240
2024-05-01,255,Core Platform,76224,6352.0,15597,16083,3888,0,4156,16895
2024-05-01,256,Core Platform,133553,11129.42,42292,2188,5712,0,15516,24202
2024-05-01,257,AI Suite,125461,10455.08,5103,14828,8251,0,11151,6382
2024-05-01,258,Enterprise,47025,3918.75,37931,16340,3249,0,28373,29389
2024-05-01,259,Core Platform,106302,8858.5,19807,2198,9679,0,25382,1924
2024-05-01,260,Enterprise,136825,11402.08,10072,14916,9664,0,13505,10769
2024-05-01,261,AI Suite,48187,4015.58,10558,7431,9932,0,14714,18495
2024-05-01,262,Security,21486,1790.5,18161,13034,1646,0,14633,26337
2024-05-01,263,Analytics,82745,6895.42,42817,4273,6249,0,23647,10819
2024-05-01,264,Analytics,17306,1442.17,25612,1369,4852,0,6532,14343
2024-05-01,265,Core Platform,141131,11760.92,47301,1214,4768,0,9409,1806
2024-05-01,266,AI Suite,105280,8773.33,48047,17188,9960,0,1046,39594
2024-05-01,267,Security,41678,3473.17,16545,19417,2003,0,4408,24884
2024-05-01,268,Core Platform,39031,3252.58,25380,14149,2127,0,25737,11310
2024-05-01,269,Security,0,0.0,6536,3911,9353,63480,15385,9748
2024-05-01,270,Security,106688,8890.67,29142,2887,9188,0,23212,17872
2024-05-01,271,Security,35109,2925.75,12934,10731,8403,0,7113,16826
2024-05-01,272,AI Suite,67735,5644.58,13739,11790,4812,0,28415,21331
2024-05-01,273,Core Platform,141119,11759.92,36485,5005,3525,0,11125,2651
2024-05-01,274,Core Platform,66643,5553.58,25545,17136,9358,0,20297,20975
2024-05-01,275,Core Platform,51637,4303.08,37495,3150,8732,0,2547,22035
2024-05-01,276,Analytics,139682,11640.17,19115,12692,6489,0,10926,31401
2024-05-01,277,Security,143663,11971.92,38405,5624,852,0,19905,1732
2024-05-01,278,AI Suite,74515,6209.58,25666,17681,1261,0,377,2346
2024-05-01,279,AI Suite,119108,9925.67,15242,19499,3469,0,14695,11683
2024-05-01,280,Security,142838,11903.17,1365,1287,3993,0,19657,4863
2024-05-01,281,Security,132097,11008.08,25638,13146,2090,0,11060,29769
2024-05-01,282,Core Platform,68843,5736.92,18350,18567,1208,0,6820,27004
2024-05-01,283,Security,125665,10472.08,9547,16397,584,0,24362,29280
2024-05-01,284,Core Platform,36830,3069.17,46239,18558,1091,0,14419,28795
2024-05-01,285,Analytics,88110,7342.5,44782,6123,3799,0,3982,24959
2024-05-01,286,Enterprise,127715,10642.92,17976,3223,2317,0,22630,23100
2024-05-01,287,Analytics,42918,3576.5,27340,3275,2196,0,15924,21691
2024-05-01,288,Analytics,131995,10999.58,5963,4494,1610,0,26510,8077
2024-05-01,289,Analytics,84787,7065.58,33995,9490,5867,0,17330,24942
2024-05-01,290,Analytics,76506,6375.5,22293,2283,3010,0,18759,9602
2024-05-01,291,Enterprise,16409,1367.42,49125,685,8396,0,28368,16503
2024-05-01,292,Enterprise,152700,12725.0,12839,8842,4342,0,25814,9458
2024-05-01,293,Enterprise,54681,4556.75,10848,1627,9132,0,1711,14700
2024-05-01,294,Security,38857,3238.08,9076,3956,6517,0,186,7260
2024-05-01,295,Analytics,136408,11367.33,9306,9177,2509,0,17735,15781
2024-05-01,296,Analytics,140699,11724.92,22291,6551,7994,0,9375,16863
2024-05-01,297,Analytics,107978,8998.17,16436,10791,7828,0,4822,39012
2024-05-01,298,Core Platform,38110,3175.83,4713,17512,5996,0,26763,29975
2024-05-01,299,AI Suite,38961,3246.75,41213,13348,2046,0,15212,16593
2024-05-01,300,Enterprise,9572,797.67,18826,13943,4371,56695,14972,29028
2024-05-01,301,Core Platform,19987,1665.58,36162,8276,4856,0,10854,22233
2024-05-01,302,Security,113416,9451.33,2902,4988,491,0,9114,19598
2024-05-01,303,Core Platform,117942,9828.5,16296,2559,9884,0,22446,2791
2024-05-01,304,Analytics,142192,11849.33,45676,14858,6757,0,14504,39913
2024-05-01,305,Security,143858,11988.17,29461,17940,7514,0,9440,2044
2024-05-01,306,Core Platform,9391,782.58,39005,1265,1198,0,27240,35919
2024-05-01,307,Enterprise,156328,13027.33,3489,16453,920,0,19414,20998
2024-05-01,308,Core Platform,12685,1057.08,29728,10248,4345,0,2693,34374
2024-05-01,309,Analytics,77389,6449.08,18794,18686,3448,0,3095,697
2024-05-01,310,Enterprise,111043,9253.58,39425,7090,1824,0,22118,14393
2024-05-01,311,Enterprise,148849,12404.08,46696,1191,880,0,3791,15186
2024-05-01,312,AI Suite,90635,7552.92,49945,8000,6146,0,12661,16356
2024-05-01,313,Core Platform,9867,822.25,5452,19605,9738,136870,24289,26365
2024-05-01,314,Security,22605,1883.75,43939,14565,1157,0,17656,38938
2024-05-01,315,Security,65719,5476.58,32856,2554,5249,0,6101,8232
2024-05-01,316,Analytics,160152,13346.0,43265,17664,4216,0,13292,6267
2024-05-01,317,Enterprise,108281,9023.42,30197,16344,4114,0,11717,37213
2024-05-01,318,AI Suite,41884,3490.33,35905,1619,6029,0,22542,27868
2024-05-01,319,Security,9801,816.75,38223,5991,9031,0,20010,10412
2024-05-01,320,Enterprise,84513,7042.75,42393,10985,3304,0,3258,25571
2024-05-01,321,Security,95759,7979.92,19777,2942,4475,0,24135,8067
2024-05-01,322,Security,92722,7726.83,23986,11073,6892,0,1428,29479
2024-05-01,323,Core Platform,146361,12196.75,29502,18764,8060,0,7722,24073
2024-05-01,324,Security,55726,4643.83,27903,15293,776,0,7614,25741
2024-05-01,325,Analytics,81337,6778.08,30929,18368,1435,0,27506,30336
2024-05-01,326,AI Suite,90040,7503.33,32839,3555,9975,0,28172,819
2024-05-01,327,Core Platform,32192,2682.67,15392,281,8891,0,2160,34204
2024-05-01,328,Enterprise,0,0.0,49605,2557,6248,67827,5440,23760
2024-05-01,329,AI Suite,115562,9630.17,22845,19636,6443,0,12195,20553
2024-05-01,330,Security,37308,3109.0,5770,1416,5765,0,19612,10396
2024-05-01,331,Analytics,52779,4398.25,25747,1053,5521,0,17912,5089
2024-05-01,332,Analytics,84737,7061.42,31983,19796,5948,0,8342,24613
2024-05-01,333,Analytics,59684,4973.67,34963,5476,3501,0,12965,33892
2024-05-01,334,AI Suite,17591,1465.92,3795,2698,3855,0,3036,30270
2024-05-01,335,Enterprise,73237,6103.08,4906,16250,4846,0,15050,15896
2024-05-01,336,Security,38868,3239.0,47869,11178,8724,0,10166,6438
2024-05-01,337,Analytics,142608,11884.0,8364,6312,6281,0,2063,23097
2024-05-01,338,Analytics,22289,1857.42,47547,17915,4769,0,24954,22622
2024-05-01,339,Analytics,61221,5101.75,3935,6249,5700,0,18505,7843
2024-05-01,340,Analytics,95405,7950.42,43443,16392,3444,0,8809,8272
2024-05-01,341,AI Suite,91057,7588.08,10965,13926,1546,0,24203,24603
2024-05-01,342,AI Suite,123986,10332.17,48684,11766,2080,0,6094,38516
2024-05-01,343,Security,37330,3110.83,9346,16129,4454,0,27466,6026
2024-05-01,344,Analytics,111033,9252.75,47200,4645,1724,0,2766,11799
2024-05-01,345,Enterprise,88187,7348.92,35506,12598,1921,0,26237,30694
2024-05-01,346,Enterprise,159541,13295.08,16463,14687,1272,0,2373,32923
2024-05-01,347,Enterprise,93304,7775.33,45782,10474,3433,0,10235,17477
2024-05-01,348,Enterprise,138353,11529.42,43583,17624,647,0,620,12882
2024-05-01,349,Core Platform,40143,3345.25,4233,16963,8734,0,26550,38865
2024-05-01,350,Core Platform,162057,13504.75,7303,15319,2767,0,9047,23262
2024-05-01,351,Enterprise,77625,6468.75,6829,6047,4337,0,5541,31319
2024-05-01,352,Analytics,132791,11065.92,45044,440,6027,0,10581,10412
2024-05-01,353,Enterprise,109809,9150.75,19508,14852,7009,0,10388,6425
2024-05-01,354,Enterprise,16133,1344.42,24685,15957,5818,0,15389,2913
2024-05-01,355,Security,18585,1548.75,5707,11776,8756,0,10368,31325
2024-05-01,356,Enterprise,75399,6283.25,8294,1503,3464,0,15610,28351
2024-05-01,357,Enterprise,82302,6858.5,12794,18343,1345,0,6343,5145
2024-05-01,358,Core Platform,116038,9669.83,38473,1798,7591,0,4951,19816
2024-05-01,359,AI Suite,8800,733.33,16350,5445,2625,0,16604,7996
2024-05-01,360,Analytics,9752,812.67,43909,2783,2371,0,4598,114
2024-05-01,361,Security,70197,5849.75,31235,10403,9855,0,18236,31679
2024-05-01,362,Security,34886,2907.17,23824,7669,2177,0,655,26225
2024-05-01,363,Analytics,72048,6004.0,28850,2156,9033,0,12633,34180
2024-05-01,364,Enterprise,66497,5541.42,36922,7036,3899,0,25592,35700
2024-05-01,365,Security,37996,3166.33,21133,2917,307,0,17413,15991
2024-05-01,366,Enterprise,71751,5979.25,24458,13110,6994,0,27290,13014
2024-05-01,367,AI Suite,9914,826.17,48473,12450,9735,0,8470,29162
2024-05-01,368,Enterprise,99465,8288.75,26949,9261,6234,0,16084,33247
2024-05-01,369,Analytics,18215,1517.92,20179,15619,7684,0,1868,31875
2024-05-01,370,Enterprise,93322,7776.83,17516,8452,4228,0,4729,6809
2024-05-01,371,Analytics,75157,6263.08,26264,10456,6441,0,18891,39953
2024-05-01,372,Analytics,49186,4098.83,37797,11252,6410,0,27893,11474
2024-05-01,373,Core Platform,18425,1535.42,25948,1084,9509,0,11655,3988
2024-05-01,374,Security,109285,9107.08,34113,610,1761,0,6667,17607
2024-05-01,375,Enterprise,11839,986.58,5894,10272,5338,0,1334,1115
2024-05-01,376,Enterprise,141813,11817.75,17049,12918,3961,0,23060,28336
2024-05-01,377,Core Platform,84269,7022.42,10288,17688,2871,0,13975,19293
2024-05-01,378,Security,132295,11024.58,19353,2194,1445,0,6158,20402
2024-05-01,379,AI Suite,89788,7482.33,10978,1495,6951,0,14522,12319
2024-05-01,380,Analytics,85188,7099.0,5164,17838,2147,0,28781,9744
2024-05-01,381,Security,72878,6073.17,3464,7850,2281,0,27918,13208
2024-05-01,382,Analytics,21917,1826.42,14440,18177,2839,0,21400,16003
2024-05-01,383,AI Suite,103738,8644.83,4332,6685,952,0,13491,14242
2024-05-01,384,AI Suite,156761,13063.42,7634,18132,9907,0,10842,31869
2024-05-01,385,Analytics,32056,2671.33,31379,14183,5184,0,4742,37202
2024-05-01,386,Enterprise,49692,4141.0,31180,3915,604,0,12144,6077
2024-05-01,387,AI Suite,65746,5478.83,5985,6467,8628,0,5326,13391
2024-05-01,388,Security,49203,4100.25,10966,8322,9717,0,5802,27239
2024-05-01,389,Analytics,68882,5740.17,6916,8979,7322,0,27456,1543
2024-05-01,390,Core Platform,118527,9877.25,27535,15031,5332,0,19940,31306
2024-05-01,391,AI Suite,94185,7848.75,40067,7600,291,0,12590,15951
2024-05-01,392,Core Platform,121810,10150.83,40884,14814,5867,0,27292,37957
2024-05-01,393,Core Platform,0,0.0,12340,5180,7668,85582,5147,29197
2024-05-01,394,Enterprise,127222,10601.83,29245,7121,7003,0,26343,5236
2024-05-01,395,AI Suite,34229,2852.42,35323,14813,5058,0,19954,28344
2024-05-01,396,AI Suite,146720,12226.67,28159,14181,781,0,21678,23816
2024-05-01,397,Core Platform,138345,11528.75,37973,17395,100,0,367,27423
2024-05-01,398,Analytics,110881,9240.08,12480,15341,7112,0,2591,17077
2024-05-01,399,Core Platform,29891,2490.92,10404,12160,4244,0,10235,21410
2024-05-01,400,Analytics,132974,11081.17,33664,11191,9244,0,8490,29609
2024-05-01,401,Enterprise,21488,1790.67,1744,777,3146,0,10060,39437
2024-05-01,402,Analytics,112110,9342.5,46075,5158,8154,0,6026,21420
2024-05-01,403,Core Platform,17981,1498.42,21444,6796,6526,0,29055,35213
2024-05-01,404,Analytics,146267,12188.92,46887,12071,4011,0,25299,10670
2024-05-01,405,Security,105036,8753.0,49249,11195,8558,0,4399,31048
2024-05-01,406,Security,56157,4679.75,40470,15233,6972,0,7480,31211
2024-05-01,407,Enterprise,89460,7455.0,45829,19475,8525,0,22623,9021
2024-05-01,408,AI Suite,47584,3965.33,40974,14564,2446,0,28090,599
2024-05-01,409,AI Suite,47973,3997.75,14257,12766,9024,0,29072,18658
2024-05-01,410,Security,105979,8831.58,44006,8014,9605,0,19959,34741
2024-05-01,411,Core Platform,42731,3560.92,38129,9597,4650,0,7383,39828
2024-05-01,412,Security,60506,5042.17,46713,18947,9366,0,20495,3788
2024-05-01,413,Core Platform,50798,4233.17,35270,9985,2158,0,24703,37599
2024-05-01,414,Security,153898,12824.83,24646,18625,742,0,11704,7769
2024-05-01,415,Core Platform,145122,12093.5,30538,18667,1643,0,5820,21
2024-05-01,416,Core Platform,60390,5032.5,20803,18891,6050,0,19657,4944
2024-05-01,417,Enterprise,100276,8356.33,10042,11836,6777,0,12029,1497
2024-05-01,418,Analytics,34628,2885.67,27457,6521,8792,0,8184,25706
2024-05-01,419,Core Platform,144641,12053.42,2561,11716,4612,0,9734,38837
2024-05-01,420,Core Platform,51051,4254.25,26512,14261,4601,0,3012,25265
2024-05-01,421,Security,63724,5310.33,7331,1135,8162,0,29904,8686
2024-05-01,422,Analytics,39386,3282.17,44648,19841,5070,0,9503,24369
2024-05-01,423,Analytics,33094,2757.83,32029,9963,5891,0,20478,3680
2024-05-01,424,Analytics,97099,8091.58,5897,4643,6038,0,29432,4273
2024-05-01,425,Enterprise,93435,7786.25,2690,16017,2304,0,15022,3348
2024-05-01,426,AI Suite,56746,4728.83,17815,2157,4451,0,23871,6154
2024-05-01,427,Analytics,36579,3048.25,12295,13005,8712,0,2045,21320
2024-05-01,428,AI Suite,116559,9713.25,8224,6842,3278,0,4788,8902
2024-05-01,429,Analytics,10363,863.58,19800,11011,5876,0,4819,11364
2024-05-01,430,Security,119602,9966.83,15498,186,8201,0,24352,22250
2024-05-01,431,Core Platform,98029,8169.08,1472,7780,3061,0,253,9527
2024-05-01,432,AI Suite,141928,11827.33,5079,8087,786,0,3299,10251
2024-05-01,433,Security,136992,11416.0,31858,17697,1352,0,5413,7273
2024-05-01,434,Analytics,128312,10692.67,36145,5088,9069,0,11079,22269
2024-05-01,435,Enterprise,126614,10551.17,15258,7152,9499,0,13705,18121
2024-05-01,436,Enterprise,112322,9360.17,36363,11994,6727,0,3250,33520
2024-05-01,437,AI Suite,145438,12119.83,39476,17040,3662,0,7288,29367
2024-05-01,438,Enterprise,30260,2521.67,37247,4413,3940,0,24626,13228
2024-05-01,439,Core Platform,41436,3453.0,40242,11338,4012,0,29835,17023
2024-05-01,440,AI Suite,3998,333.17,15852,2289,6548,0,29413,6251
2024-05-01,441,Security,125322,10443.5,21949,14114,9368,0,15505,7870
2024-05-01,442,Core Platform,151771,12647.58,27708,11462,4012,0,6437,7359
2024-05-01,443,Enterprise,140418,11701.5,2564,8196,8751,0,29869,22260
2024-05-01,444,AI Suite,73025,6085.42,42643,7816,2467,0,2974,36987
2024-05-01,445,AI Suite,49916,4159.67,19348,6020,7623,0,7532,23127
2024-05-01,446,Analytics,63671,5305.92,26954,4896,6049,0,25168,12971
2024-05-01,447,Analytics,82877,6906.42,11734,5001,6300,0,26519,20886
2024-05-01,448,Analytics,25813,2151.08,1925,10814,9295,0,22939,23481
2024-05-01,449,AI Suite,127418,10618.17,46464,10105,4673,0,14710,13503
2024-05-01,450,Analytics,149464,12455.33,41313,1542,1869,0,14917,36644
2024-05-01,451,Core Platform,120173,10014.42,30078,19802,9027,0,12046,18405
2024-05-01,452,Security,57245,4770.42,38727,1183,76,0,19513,738
2024-05-01,453,Enterprise,47878,3989.83,47744,3690,2314,0,26845,6936
2024-05-01,454,Enterprise,115937,9661.42,33182,176,5395,0,21825,29099
2024-05-01,455,Enterprise,144712,12059.33,32130,3408,8605,0,25122,1493
2024-05-01,456,Enterprise,119884,9990.33,39239,10395,1695,0,6442,4508
2024-05-01,457,Security,143809,11984.08,1625,3438,4572,0,2872,25437
2024-05-01,458,AI Suite,158908,13242.33,19909,18907,6754,0,27334,16124
2024-05-01,459,AI Suite,76620,6385.0,2562,4049,9423,0,27879,240
2024-05-01,460,Enterprise,139531,11627.58,20560,5614,2582,0,3553,23221
2024-05-01,461,AI Suite,15002,1250.17,41952,17784,8244,0,17734,17287
2024-05-01,462,Core Platform,44806,3733.83,10171,9448,2788,0,20173,9343
2024-05-01,463,Analytics,119562,9963.5,31309,18381,5397,0,15605,29902
2024-05-01,464,Security,70408,5867.33,48604,6273,7084,0,22741,10585
2024-05-01,465,Analytics,55739,4644.92,24918,9346,3642,0,19024,32608
2024-05-01,466,AI Suite,149733,12477.75,34499,16024,5832,0,5856,25318
2024-05-01,467,Analytics,93473,7789.42,2573,13347,7167,0,24117,14113
2024-05-01,468,Core Platform,35166,2930.5,27145,11982,4083,0,16590,24346
2024-05-01,469,Enterprise,140132,11677.67,25459,8297,5663,0,19787,13422
2024-05-01,470,Security,115646,9637.17,34558,15980,6878,0,10684,33050
2024-05-01,471,Analytics,112118,9343.17,45827,7235,9678,0,16289,37983
2024-05-01,472,Core Platform,44509,3709.08,8989,5188,3535,0,29282,29095
2024-05-01,473,Security,11750,979.17,38546,19960,8210,19871,17426,31100
2024-05-01,474,AI Suite,79510,6625.83,3331,17532,5332,0,5016,22562
2024-05-01,475,AI Suite,28513,2376.08,3921,136,6417,0,21522,13032
2024-05-01,476,Core Platform,80512,6709.33,32307,743,8374,0,29417,3127
2024-05-01,477,Enterprise,31165,2597.08,12948,3288,9957,0,19910,19321
2024-05-01,478,Analytics,113098,9424.83,23947,19162,563,0,17578,6907
2024-05-01,479,AI Suite,15217,1268.08,48764,3046,7249,0,29391,6189
2024-05-01,480,Analytics,18623,1551.92,30352,15980,5997,0,25952,21628
2024-05-01,481,Security,52259,4354.92,29069,1471,7199,0,3652,36743
2024-05-01,482,Enterprise,67245,5603.75,27528,9399,5882,0,4968,5694
2024-05-01,483,AI Suite,69712,5809.33,37472,2269,9053,0,8509,19377
2024-05-01,484,Enterprise,79770,6647.5,43541,10590,2946,0,3999,26803
2024-05-01,485,AI Suite,80481,6706.75,28038,10071,1484,0,2544,31822
2024-05-01,486,Core Platform,14048,1170.67,12249,2943,457,0,7050,19705
2024-05-01,487,Security,85704,7142.0,8362,1574,7384,0,18724,12666
2024-05-01,488,Security,60248,5020.67,19943,19379,4141,0,10644,39709
2024-05-01,489,AI Suite,76496,6374.67,32311,8878,1632,0,94,35097
2024-05-01,490,Core Platform,36259,3021.58,13455,7950,9239,0,2621,2128
2024-05-01,491,Analytics,19454,1621.17,35104,9194,6695,0,26288,29964
2024-05-01,492,AI Suite,5127,427.25,48832,5444,317,120347,9637,6508
2024-05-01,493,AI Suite,26933,2244.42,12096,13371,7315,0,3239,37162
2024-05-01,494,Analytics,132153,11012.75,27590,12336,9719,0,2467,12922
2024-05-01,495,Analytics,149737,12478.08,7740,13557,1747,0,22402,17168
2024-05-01,496,Core Platform,22432,1869.33,19976,12915,7624,0,13277,19251
2024-05-01,497,Security,42715,3559.58,43653,7056,5104,0,18036,26510
2024-05-01,498,Security,134371,11197.58,24469,12478,4337,0,14,11420
2024-05-01,499,Core Platform,64641,5386.75,32654,14462,6910,0,27249,25927
2024-05-01,500,Core Platform,41134,3427.83,32737,12295,3854,0,24211,26702
2024-06-01,1,Security,93592,7799.33,23395,258,2144,0,5745,18594
2024-06-01,2,AI Suite,123211,10267.58,39204,2485,1867,0,25689,21126
2024-06-01,3,Core Platform,27244,2270.33,32231,12914,8362,0,26108,14601
2024-06-01,4,Security,41081,3423.42,32471,8024,6168,0,28837,38597
2024-06-01,5,Enterprise,10699,891.58,40542,2108,263,0,22897,26035
2024-06-01,6,Analytics,20285,1690.42,43119,12361,7630,0,3574,21215
2024-06-01,7,Analytics,67000,5583.33,47772,14305,2483,0,2916,12800
2024-06-01,8,Analytics,101648,8470.67,14805,11631,1126,0,18194,31145
2024-06-01,9,Security,67285,5607.08,14979,3380,7037,0,11443,37278
2024-06-01,10,Security,117381,9781.75,34706,4180,2148,0,16706,6350
2024-06-01,11,Security,113905,9492.08,37379,17440,4152,0,10680,29422
2024-06-01,12,Core Platform,136983,11415.25,32108,7568,1652,0,17706,19201
2024-06-01,13,Core Platform,128300,10691.67,29240,1794,9409,0,29858,33353
2024-06-01,14,Analytics,52029,4335.75,32143,1268,6236,0,6525,31051
2024-06-01,15,Enterprise,108614,9051.17,10919,14822,1654,0,5382,29301
2024-06-01,16,Security,91253,7604.42,16783,5119,5756,0,18979,31313
2024-06-01,17,AI Suite,141079,11756.58,49558,11479,8675,0,27733,1381
2024-06-01,18,Enterprise,57650,4804.17,30022,8792,4534,0,19336,2461
2024-06-01,19,Core Platform,100802,8400.17,39560,14805,6920,0,18534,8481
2024-06-01,20,Security,94301,7858.42,22403,11296,9304,0,22103,39786
2024-06-01,21,Core Platform,45325,3777.08,32603,8906,1945,0,18594,30608
2024-06-01,22,Enterprise,93384,7782.0,35931,11423,5250,0,15512,23007
2024-06-01,23,Security,28767,2397.25,10058,15287,467,0,19273,2115
2024-06-01,24,Core Platform,73991,6165.92,32863,7988,5467,0,14253,29800
2024-06-01,25,Core Platform,146619,12218.25,19963,11357,6370,0,26603,24959
2024-06-01,26,Enterprise,140996,11749.67,44667,14427,8566,0,15521,4481
2024-06-01,27,Security,71359,5946.58,3628,10499,1994,0,22841,6524
2024-06-01,28,Core Platform,82940,6911.67,21321,13260,5269,0,5719,34086
2024-06-01,29,Enterprise,25777,2148.08,26065,5571,6127,0,10032,16569
2024-06-01,30,Enterprise,13520,1126.67,43141,7470,1967,0,10111,11900
2024-06-01,31,Enterprise,130225,10852.08,30649,6672,7966,0,16687,13718
2024-06-01,32,Core Platform,44404,3700.33,4724,18059,243,0,13333,31889
2024-06-01,33,Core Platform,81776,6814.67,26717,14586,5598,0,10970,11011
2024-06-01,34,Security,15451,1287.58,35869,12222,2287,0,28993,22824
2024-06-01,35,AI Suite,96914,8076.17,3742,715,6829,0,11960,16361
2024-06-01,36,Enterprise,153217,12768.08,42853,10967,3720,0,26320,10372
2024-06-01,37,Enterprise,64392,5366.0,45835,10015,9424,0,11350,28404
2024-06-01,38,AI Suite,131318,10943.17,29206,13183,1218,0,24626,13985
2024-06-01,39,Security,62120,5176.67,29858,5253,8571,0,27065,38228
2024-06-01,40,Analytics,0,0.0,35897,3020,6178,71638,25478,17907
2024-06-01,41,Analytics,52144,4345.33,49491,18359,4549,0,13172,11729
2024-06-01,42,Analytics,28491,2374.25,2317,7915,8249,0,7214,7589
2024-06-01,43,Enterprise,23305,1942.08,18705,3541,3630,0,3190,18932
2024-06-01,44,AI Suite,133471,11122.58,2547,7696,90,0,9297,24676
2024-06-01,45,Analytics,30032,2502.67,15947,9510,9855,0,2231,23939
2024-06-01,46,Security,86056,7171.33,26507,7134,7622,0,20990,24743
2024-06-01,47,Analytics,43198,3599.83,11697,8134,3502,0,27096,37015
2024-06-01,48,Security,113595,9466.25,10070,5979,3603,0,11472,30472
2024-06-01,49,AI Suite,137686,11473.83,6855,16069,4785,0,7330,16554
2024-06-01,50,Security,135787,11315.58,25538,8573,3333,0,9696,20445
2024-06-01,51,Security,53737,4478.08,6470,14121,3215,0,11365,3792
2024-06-01,52,Security,101355,8446.25,26839,16133,8463,0,42,3247
2024-06-01,53,Security,26094,2174.5,40302,2489,2509,0,1020,38626
2024-06-01,54,Analytics,27735,2311.25,31489,3298,5349,0,16427,39432
2024-06-01,55,Enterprise,44353,3696.08,14288,7726,5309,0,27629,34393
2024-06-01,56,Enterprise,11132,927.67,24541,5117,2954,0,12685,35708
2024-06-01,57,Security,143839,11986.58,11177,6523,4218,0,7080,34508
2024-06-01,58,Security,135813,11317.75,28210,14397,2976,0,25831,10269
2024-06-01,59,Core Platform,69646,5803.83,20790,19373,960,0,2513,6262
2024-06-01,60,Analytics,141754,11812.83,29626,7413,1982,0,26100,16165
2024-06-01,61,Core Platform,116090,9674.17,2737,19098,8361,0,6996,18304
2024-06-01,62,Security,22973,1914.42,9781,10384,9992,0,4097,18619
2024-06-01,63,Enterprise,15012,1251.0,49096,8628,9405,0,2071,11588
2024-06-01,64,Analytics,65653,5471.08,25380,18180,1743,0,23910,28943
2024-06-01,65,AI Suite,48503,4041.92,29663,7652,7341,0,21934,28500
2024-06-01,66,Core Platform,45751,3812.58,26304,4281,276,0,22641,36307
2024-06-01,67,AI Suite,16180,1348.33,1850,19315,8533,0,4683,39255
2024-06-01,68,AI Suite,146549,12212.42,20438,13577,6544,0,13836,35016
2024-06-01,69,Enterprise,91933,7661.08,6346,15170,8286,0,15969,28178
2024-06-01,70,Core Platform,106772,8897.67,37668,5034,312,0,12329,29835
2024-06-01,71,Core Platform,28194,2349.5,14775,1430,3744,0,24065,10990
2024-06-01,72,AI Suite,30381,2531.75,25428,1872,5554,0,14583,32707
2024-06-01,73,AI Suite,62112,5176.0,15736,18242,6772,0,11398,30726
2024-06-01,74,Core Platform,149484,12457.0,2197,13950,2377,0,4768,7187
2024-06-01,75,Analytics,36523,3043.58,17091,16830,1619,0,23809,39184
2024-06-01,76,AI Suite,108730,9060.83,5273,8870,4476,0,13808,30151
2024-06-01,77,Analytics,42981,3581.75,49583,18882,8889,0,17580,4651
2024-06-01,78,Security,123428,10285.67,33389,14712,6175,0,23456,19657
2024-06-01,79,Core Platform,63964,5330.33,39494,2768,6387,0,24113,5529
2024-06-01,80,Security,119592,9966.0,41090,9823,5792,0,5852,19816
2024-06-01,81,AI Suite,98584,8215.33,37351,5201,2792,0,23131,34953
2024-06-01,82,AI Suite,43866,3655.5,34234,7529,3709,0,21414,32593
2024-06-01,83,Analytics,12472,1039.33,11192,17637,5165,64709,9766,34421
2024-06-01,84,Enterprise,65905,5492.08,12921,14319,537,0,26761,35130
2024-06-01,85,Enterprise,39215,3267.92,31706,8324,6262,0,7750,15989
2024-06-01,86,Core Platform,9731,810.92,30727,16006,6275,123159,826,35012
2024-06-01,87,Enterprise,8721,726.75,4481,2296,5298,0,10677,8882
2024-06-01,88,Core Platform,148833,12402.75,49650,6163,5854,0,18692,2739
2024-06-01,89,Analytics,67080,5590.0,46551,14821,9921,0,18360,17427
2024-06-01,90,AI Suite,29500,2458.33,21101,13603,7969,0,920,10806
2024-06-01,91,Security,151931,12660.92,22549,15432,5752,0,18779,22964
2024-06-01,92,Enterprise,24073,2006.08,6265,9199,1560,0,25010,37292
2024-06-01,93,Security,47642,3970.17,17554,15402,8069,0,7204,30930
2024-06-01,94,Core Platform,136396,11366.33,17144,6389,4932,0,4192,27797
2024-06-01,95,Enterprise,80259,6688.25,37505,2468,4455,0,6074,8022
2024-06-01,96,AI Suite,32087,2673.92,34838,4531,7584,0,2417,31680
2024-06-01,97,Analytics,123071,10255.92,2072,16335,8988,0,12549,23129
2024-06-01,98,Core Platform,60128,5010.67,14542,11065,8076,0,15044,23947
2024-06-01,99,Core Platform,74937,6244.75,14501,19764,7795,0,7608,26022
2024-06-01,100,Core Platform,70296,5858.0,23844,16388,4363,0,4280,35446
2024-06-01,101,Security,8720,726.67,32603,12331,3611,129994,2647,39379
2024-06-01,102,Enterprise,152952,12746.0,26505,13507,5234,0,11173,1131
2024-06-01,103,AI Suite,59955,4996.25,2374,19956,1348,0,15815,35448
2024-06-01,104,Security,84531,7044.25,37522,12239,6885,0,26087,28525
2024-06-01,105,AI Suite,57391,4782.58,17953,13470,4900,0,24813,39934
2024-06-01,106,Security,110867,9238.92,25470,4595,9114,0,15512,21221
2024-06-01,107,AI Suite,117134,9761.17,40504,8016,6805,0,1184,10871
2024-06-01,108,Core Platform,140231,11685.92,43972,11975,6708,0,3251,7364
2024-06-01,109,Enterprise,107159,8929.92,41385,4043,2642,0,17997,34021
2024-06-01,110,Security,34981,2915.08,11382,1926,4087,0,9807,32143
2024-06-01,111,Core Platform,69125,5760.42,20017,12064,5274,0,23075,6329
2024-06-01,112,Core Platform,43854,3654.5,29026,6979,2437,0,9154,30114
2024-06-01,113,AI Suite,36047,3003.92,24854,6836,668,0,14338,16066
2024-06-01,114,Core Platform,150621,12551.75,32305,9987,6877,0,25491,17762
2024-06-01,115,AI Suite,140794,11732.83,19103,15312,9687,0,27702,10045
2024-06-01,116,Core Platform,108230,9019.17,30925,18537,6360,0,20046,21793
2024-06-01,117,Enterprise,100485,8373.75,7448,19517,6622,0,24688,31890
2024-06-01,118,Core Platform,136714,11392.83,39800,12431,5587,0,5876,34596
2024-06-01,119,Analytics,63667,5305.58,21343,6588,9780,0,5499,29067
2024-06-01,120,AI Suite,106020,8835.0,29325,4928,3382,0,28675,7444
2024-06-01,121,Analytics,68734,5727.83,23830,18796,7881,0,28561,383
2024-06-01,122,Analytics,24697,2058.08,4565,815,6710,0,5309,2950
2024-06-01,123,Core Platform,91162,7596.83,45122,8856,7229,0,12973,23235
2024-06-01,124,AI Suite,93741,7811.75,19907,12048,9047,0,5971,38933
2024-06-01,125,AI Suite,23298,1941.5,35225,8770,4398,0,19364,24925
2024-06-01,126,Analytics,67509,5625.75,14490,9682,4620,0,11780,2162
2024-06-01,127,Analytics,29210,2434.17,5522,19916,2516,0,5385,11604
2024-06-01,128,AI Suite,78383,6531.92,11488,15403,4077,0,21922,15702
2024-06-01,129,Security,144036,12003.0,43916,4463,2894,0,9305,39643
2024-06-01,130,Security,33012,2751.0,30024,8615,4789,0,8031,24706
2024-06-01,131,AI Suite,144483,12040.25,36674,8933,4305,0,13311,992
2024-06-01,132,Security,64369,5364.08,14631,13489,3800,0,5560,30903
2024-06-01,133,Security,38388,3199.0,20669,351,2089,0,12217,36959
2024-06-01,134,Enterprise,94410,7867.5,9313,3099,5454,0,16481,28325
2024-06-01,135,Enterprise,21113,1759.42,34316,14649,2724,0,22132,14233
2024-06-01,136,AI Suite,63753,5312.75,37622,10947,7830,0,1795,2652
2024-06-01,137,Security,11604,967.0,26816,4709,2343,0,10192,25116
2024-06-01,138,Enterprise,164154,13679.5,37388,19551,1535,0,12550,19102
2024-06-01,139,Enterprise,0,0.0,45760,4627,8669,49298,14372,34285
2024-06-01,140,AI Suite,118893,9907.75,24681,14698,9311,0,19817,39733
2024-06-01,141,AI Suite,66354,5529.5,17160,7252,4633,0,28475,38843
2024-06-01,142,AI Suite,29744,2478.67,7496,2294,5423,0,19365,5028
2024-06-01,143,Analytics,21703,1808.58,46435,1658,6851,0,26102,16041
2024-06-01,144,Enterprise,106564,8880.33,41385,1859,7148,0,26340,38038
2024-06-01,145,Enterprise,66520,5543.33,16141,12105,5112,0,20176,12011
2024-06-01,146,Core Platform,44155,3679.58,6260,9643,2106,0,16708,4007
2024-06-01,147,Enterprise,146744,12228.67,47274,17668,9018,0,637,2591
2024-06-01,148,Analytics,122780,10231.67,37554,275,8404,0,27275,16759
2024-06-01,149,Security,5704,475.33,21560,10556,4852,27498,15966,2160
2024-06-01,150,Enterprise,147372,12281.0,38489,12683,6364,0,22378,23002
2024-06-01,151,AI Suite,12383,1031.92,22676,8555,1390,0,2582,36110
2024-06-01,152,Security,54765,4563.75,12992,4389,8909,0,8519,9811
2024-06-01,153,Analytics,21676,1806.33,3084,15326,8330,0,27926,32627
2024-06-01,154,Core Platform,25893,2157.75,38284,19019,4091,0,22536,39523
2024-06-01,155,Security,69735,5811.25,20619,4533,1812,0,29094,15478
2024-06-01,156,AI Suite,116487,9707.25,45229,18591,7058,0,25248,15418
2024-06-01,157,Analytics,1732,144.33,15356,1078,5919,0,19981,16010
2024-06-01,158,Enterprise,22095,1841.25,10494,9089,8576,0,18707,18292
2024-06-01,159,Enterprise,136766,11397.17,10044,12174,8391,0,21027,12862
2024-06-01,160,Analytics,57072,4756.0,12101,5805,6723,0,29732,36918
2024-06-01,161,Enterprise,129592,10799.33,32814,1520,6059,0,2747,4881
2024-06-01,162,Core Platform,122942,10245.17,14765,8507,1286,0,29822,30808
2024-06-01,163,Core Platform,26258,2188.17,32076,10083,7791,0,7677,21690
2024-06-01,164,AI Suite,92662,7721.83,47300,9354,357,0,15523,36354
2024-06-01,165,AI Suite,110136,9178.0,1047,16332,2531,0,21200,29303
2024-06-01,166,Enterprise,150402,12533.5,34074,16108,1427,0,6844,22565
2024-06-01,167,Analytics,156393,13032.75,14989,19204,2303,0,27656,27621
2024-06-01,168,AI Suite,21682,1806.83,42475,13944,3802,0,11107,3782
2024-06-01,169,AI Suite,44165,3680.42,21771,14245,2016,0,7978,17610
2024-06-01,170,Core Platform,129744,10812.0,44999,16000,4375,0,12907,9749
2024-06-01,171,Analytics,145564,12130.33,10632,18142,1671,0,14079,28317
2024-06-01,172,Core Platform,50766,4230.5,19195,13213,1447,0,13290,30850
2024-06-01,173,Security,108700,9058.33,23932,9974,6033,0,27225,11829
2024-06-01,174,Enterprise,27373,2281.08,35549,5418,9818,0,17751,18911
2024-06-01,175,Analytics,162213,13517.75,44481,17902,792,0,4545,3388
2024-06-01,176,AI Suite,16336,1361.33,24706,1673,2240,0,12878,30983
2024-06-01,177,Security,108500,9041.67,8735,14946,8871,0,2032,24412
2024-06-01,178,Analytics,143839,11986.58,28426,6311,9493,0,758,38007
2024-06-01,179,Core Platform,91040,7586.67,7307,3850,1914,0,883,21277
2024-06-01,180,Enterprise,72068,6005.67,2707,3167,2792,0,19228,34259
2024-06-01,181,AI Suite,115436,9619.67,49017,9796,1567,0,4275,224
2024-06-01,182,Enterprise,155369,12947.42,26382,19637,7410,0,1721,4680
2024-06-01,183,Core Platform,80244,6687.0,15200,18496,6631,0,16432,39542
2024-06-01,184,Security,99067,8255.58,32864,7603,4138,0,3764,17633
2024-06-01,185,Security,141704,11808.67,35976,5462,3590,0,20493,28775
2024-06-01,186,Core Platform,58599,4883.25,36921,6070,8332,0,11516,32977
2024-06-01,187,AI Suite,98067,8172.25,4835,4480,9310,0,17266,39084
2024-06-01,188,Core Platform,70282,5856.83,19244,10220,9796,0,11689,26771
2024-06-01,189,Security,138994,11582.83,10113,13734,9863,0,2756,1193
2024-06-01,190,Core Platform,165223,13768.58,22632,19417,978,0,29041,23463
2024-06-01,191,Analytics,21171,1764.25,6545,12126,3389,0,1599,7212
2024-06-01,192,Core Platform,102690,8557.5,46105,18249,6878,0,18028,96
2024-06-01,193,Security,120807,10067.25,20097,1977,6088,0,17150,986
2024-06-01,194,AI Suite,65332,5444.33,41499,1298,814,0,5822,18554
2024-06-01,195,Security,34283,2856.92,5021,3386,8915,0,15856,6172
2024-06-01,196,Analytics,67545,5628.75,13415,16396,4708,0,1661,16033
2024-06-01,197,Security,71833,5986.08,9844,12729,5373,0,17627,2709
2024-06-01,198,Security,126235,10519.58,1603,14372,4584,0,3082,37888
2024-06-01,199,AI Suite,91196,7599.67,33735,4492,2510,0,15191,13459
2024-06-01,200,Core Platform,122651,10220.92,41213,19125,384,0,4471,26069
2024-06-01,201,Security,101103,8425.25,19229,6474,5033,0,8841,16333
2024-06-01,202,AI Suite,128586,10715.5,23283,4866,767,0,18721,18745
2024-06-01,203,Core Platform,66284,5523.67,8759,18270,8598,0,19359,12618
2024-06-01,204,Security,139053,11587.75,39631,8332,7787,0,29333,12409
2024-06-01,205,Enterprise,117918,9826.5,27194,13640,5649,0,27106,39196
2024-06-01,206,Analytics,51243,4270.25,39689,12406,3117,0,14382,37959
2024-06-01,207,Enterprise,134524,11210.33,8959,11843,8221,0,14035,39884
2024-06-01,208,AI Suite,30176,2514.67,34605,8963,282,0,23953,29252
2024-06-01,209,AI Suite,60788,5065.67,25597,19512,9620,0,3247,31989
2024-06-01,210,Security,28563,2380.25,31545,1765,9917,0,27763,35325
2024-06-01,211,Core Platform,43279,3606.58,23566,2578,5938,0,11192,22376
2024-06-01,212,Analytics,30014,2501.17,41409,9687,2749,0,20475,24272
2024-06-01,213,Analytics,34002,2833.5,8961,17611,2060,0,2114,35293
2024-06-01,214,AI Suite,75123,6260.25,27325,3226,5546,0,9147,23542
2024-06-01,215,AI Suite,97264,8105.33,26211,5103,95,0,1316,18521
2024-06-01,216,Security,101429,8452.42,31823,1652,7496,0,13208,231
2024-06-01,217,AI Suite,70955,5912.92,10458,10619,6879,0,10744,30792
2024-06-01,218,Core Platform,103960,8663.33,42415,381,286,0,29053,6356
2024-06-01,219,Core Platform,54637,4553.08,39768,1719,1043,0,14876,29568
2024-06-01,220,Security,104067,8672.25,45725,5650,7503,0,20904,21281
2024-06-01,221,Core Platform,10746,895.5,41345,7074,1462,0,10797,19387
2024-06-01,222,Analytics,28305,2358.75,41884,13230,2197,0,13154,8890
2024-06-01,223,Enterprise,138761,11563.42,49156,7346,8035,0,1600,23245
2024-06-01,224,AI Suite,47946,3995.5,30066,6306,2352,0,8922,21626
2024-06-01,225,Core Platform,132009,11000.75,7533,1413,7404,0,8093,39545
2024-06-01,226,Core Platform,3339,278.25,5054,7192,9962,0,21384,8730
2024-06-01,227,Security,69982,5831.83,28939,19167,1241,0,8052,18158
2024-06-01,228,Security,108661,9055.08,38595,17548,322,0,3814,12257
2024-06-01,229,Security,23170,1930.83,37128,3897,5641,0,13168,22905
2024-06-01,230,AI Suite,61674,5139.5,6268,15356,8854,0,16666,10629
2024-06-01,231,Enterprise,115093,9591.08,5269,16429,899,0,7425,158
2024-06-01,232,Security,51116,4259.67,41144,9890,6401,0,15049,8924
2024-06-01,233,AI Suite,32701,2725.08,3891,730,9049,0,18374,13374
2024-06-01,234,Analytics,124214,10351.17,4194,16461,1132,0,336,20384
2024-06-01,235,Core Platform,64518,5376.5,44472,13977,0,0,7225,242
2024-06-01,236,Core Platform,128973,10747.75,20408,9146,8423,0,27392,3761
2024-06-01,237,Security,85284,7107.0,21698,3465,9707,0,2819,17326
2024-06-01,238,AI Suite,139667,11638.92,14165,4646,5739,0,20847,11480
2024-06-01,239,Security,131696,10974.67,31649,7237,5730,0,20716,1786
2024-06-01,240,Enterprise,130658,10888.17,42089,9157,5320,0,10293,10785
2024-06-01,241,AI Suite,70294,5857.83,12689,6106,8074,0,8955,10216
2024-06-01,242,AI Suite,61355,5112.92,16948,13081,6632,0,3901,17919
2024-06-01,243,Security,153535,12794.58,4194,10278,55,0,3719,14209
2024-06-01,244,AI Suite,75794,6316.17,14116,19968,6404,0,16296,6307
2024-06-01,245,Security,83517,6959.75,34523,10524,1991,0,22038,38769
2024-06-01,246,Enterprise,73359,6113.25,13361,7883,4017,0,7316,33751
2024-06-01,247,Security,109246,9103.83,4534,7080,9113,0,24634,39160
2024-06-01,248,Core Platform,15922,1326.83,45020,613,1338,0,13498,39243
2024-06-01,249,AI Suite,30046,2503.83,11774,3048,478,0,16165,3688
2024-06-01,250,Analytics,135140,11261.67,16819,3345,2706,0,18186,25408
2024-06-01,251,Core Platform,82080,6840.0,33052,4267,9410,0,25824,2560
2024-06-01,252,Analytics,114133,9511.08,41979,10792,345,0,26001,6492
2024-06-01,253,AI Suite,68087,5673.92,44332,14374,1958,0,5913,35076
2024-06-01,254,AI Suite,93870,7822.5,39106,1116,4158,0,10259,602
2024-06-01,255,AI Suite,111885,9323.75,39094,14513,9496,0,28048,11736
2024-06-01,256,Core Platform,151122,12593.5,33415,3387,1309,0,17857,5249
2024-06-01,257,Core Platform,77915,6492.92,8283,8935,7669,0,19313,27567
2024-06-01,258,Core Platform,88190,7349.17,12556,9883,5594,0,15796,34353
2024-06-01,259,Analytics,76461,6371.75,5998,1565,8064,0,10002,38538
2024-06-01,260,Security,19220,1601.67,25320,13165,6366,0,17381,23255
2024-06-01,261,AI Suite,156681,13056.75,38494,13428,5096,0,13516,19388
2024-06-01,262,Core Platform,26381,2198.42,43209,574,5581,0,3418,13259
2024-06-01,263,AI Suite,111509,9292.42,30084,3971,6562,0,3838,12657
2024-06-01,264,Core Platform,57489,4790.75,20562,2907,5208,0,6185,28114
2024-06-01,265,AI Suite,68519,5709.92,26490,13107,7233,0,1834,20019
2024-06-01,266,Core Platform,70714,5892.83,21246,2665,5514,0,16700,13788
2024-06-01,267,Analytics,11720,976.67,46367,18114,6394,133214,21991,20036
2024-06-01,268,Security,122103,10175.25,28969,17670,3404,0,10349,7243
2024-06-01,269,Security,148163,12346.92,25196,17265,5107,0,1691,18990
2024-06-01,270,Enterprise,89533,7461.08,5820,14797,5227,0,1292,21141
2024-06-01,271,AI Suite,135149,11262.42,33048,9909,4422,0,2190,28610
2024-06-01,272,Core Platform,2664,222.0,15534,252,9512,0,12805,9939
2024-06-01,273,Enterprise,156730,13060.83,21001,16909,789,0,29260,37597
2024-06-01,274,Enterprise,68227,5685.58,29121,12002,1887,0,20553,11438
2024-06-01,275,Analytics,114747,9562.25,21829,13278,4008,0,27084,8975
2024-06-01,276,Security,48344,4028.67,31870,13709,9134,0,17499,12482
2024-06-01,277,Core Platform,158870,13239.17,24303,16232,4295,0,26791,22048
2024-06-01,278,Analytics,84837,7069.75,22265,10816,596,0,18986,2954
2024-06-01,279,Analytics,59473,4956.08,45936,994,6215,0,10438,16958
2024-06-01,280,Analytics,9035,752.92,43450,3217,198,0,22476,7279
2024-06-01,281,Security,27260,2271.67,12028,8692,5900,0,6882,37839
2024-06-01,282,AI Suite,132026,11002.17,21885,5834,8617,0,1498,27930
2024-06-01,283,AI Suite,93866,7822.17,40151,18577,1477,0,6541,27847
2024-06-01,284,Security,71310,5942.5,40457,9408,5400,0,29172,12872
2024-06-01,285,Analytics,51982,4331.83,31082,8910,5962,0,27456,20913
2024-06-01,286,Enterprise,144724,12060.33,20632,16707,9576,0,28373,22989
2024-06-01,287,Core Platform,68817,5734.75,6944,13577,3769,0,19264,29441
2024-06-01,288,Security,26712,2226.0,26233,14378,831,0,21435,31340
2024-06-01,289,AI Suite,122247,10187.25,47291,3342,4050,0,8802,35376
2024-06-01,290,Security,85765,7147.08,13470,65,3185,0,24909,10188
2024-06-01,291,Core Platform,18819,1568.25,43856,7437,3019,0,6542,36106
2024-06-01,292,Security,80001,6666.75,36402,625,8443,0,27513,966
2024-06-01,293,Analytics,132896,11074.67,44353,13281,1315,0,2341,18873
2024-06-01,294,Enterprise,109220,9101.67,9318,654,9258,0,15782,24311
2024-06-01,295,Enterprise,13899,1158.25,24138,3760,3645,0,13883,32645
2024-06-01,296,Core Platform,32093,2674.42,31081,1130,9364,0,23248,2539
2024-06-01,297,AI Suite,109121,9093.42,20604,9014,8902,0,25414,21063
2024-06-01,298,Core Platform,73677,6139.75,14657,570,280,0,16663,38895
2024-06-01,299,Core Platform,101662,8471.83,38910,17473,4588,0,25680,37040
2024-06-01,300,Analytics,104261,8688.42,10525,11974,6143,0,22425,33624
2024-06-01,301,Enterprise,137924,11493.67,7473,9179,2447,0,29677,33775
2024-06-01,302,Enterprise,20900,1741.67,25080,14941,2213,0,21379,4198
2024-06-01,303,Core Platform,144238,12019.83,41144,17184,7679,0,26147,16690
2024-06-01,304,Enterprise,117754,9812.83,40799,9647,8677,0,343,4864
2024-06-01,305,Analytics,164204,13683.67,1355,19295,1428,0,20228,32016
2024-06-01,306,Enterprise,147401,12283.42,35299,3941,6150,0,23234,233
2024-06-01,307,Analytics,16706,1392.17,6729,7051,6777,0,6163,37707
2024-06-01,308,Analytics,96037,8003.08,31247,12826,7782,0,4626,17445
2024-06-01,309,Analytics,15517,1293.08,14868,2008,2730,0,8369,29752
2024-06-01,310,Analytics,15565,1297.08,16810,625,9045,0,19109,15985
2024-06-01,311,Security,128978,10748.17,24352,18108,9576,0,21693,26404
2024-06-01,312,AI Suite,21953,1829.42,47853,7736,3848,0,29680,35789
2024-06-01,313,Core Platform,155984,12998.67,35535,19726,5997,0,12687,10734
2024-06-01,314,Analytics,21604,1800.33,13967,11680,3581,0,1900,19833
2024-06-01,315,Analytics,55301,4608.42,8441,3308,4143,0,3376,7244
2024-06-01,316,Enterprise,85125,7093.75,3259,1665,9356,0,4599,2813
2024-06-01,317,Enterprise,89932,7494.33,25869,16800,6215,0,25711,15621
2024-06-01,318,Security,64385,5365.42,33468,9148,5410,0,25509,7198
2024-06-01,319,Enterprise,105090,8757.5,30157,5014,255,0,10324,6361
2024-06-01,320,Enterprise,62890,5240.83,20030,14460,4346,0,1156,33547
2024-06-01,321,Analytics,127628,10635.67,31834,14631,2803,0,10130,5732
2024-06-01,322,AI Suite,130037,10836.42,9028,19208,9628,0,510,15000
2024-06-01,323,Analytics,94797,7899.75,7674,15622,2594,0,25024,19754
2024-06-01,324,Analytics,150775,12564.58,19349,13365,7549,0,5740,32169
2024-06-01,325,Enterprise,134042,11170.17,6285,11,2011,0,994,26447
2024-06-01,326,Security,152109,12675.75,5471,16964,4589,0,21622,11976
2024-06-01,327,Security,79832,6652.67,5391,13167,9591,0,24860,7669
2024-06-01,328,Enterprise,70150,5845.83,11121,12363,9257,0,10432,26167
2024-06-01,329,Enterprise,105300,8775.0,29708,19169,9513,0,4700,29199
2024-06-01,330,Analytics,63938,5328.17,13276,10193,5356,0,7889,24176
2024-06-01,331,Analytics,15745,1312.08,9536,13526,3180,0,2148,10765
2024-06-01,332,AI Suite,45340,3778.33,37331,868,2979,0,23840,13864
2024-06-01,333,AI Suite,148284,12357.0,40406,11119,8760,0,12039,30723
2024-06-01,334,Core Platform,75336,6278.0,27030,3085,8456,0,10223,17352
2024-06-01,335,Analytics,87098,7258.17,31260,12781,2485,0,20764,38450
2024-06-01,336,Analytics,141106,11758.83,1893,6346,454,0,28358,13193
2024-06-01,337,Core Platform,103495,8624.58,43737,7948,3258,0,7360,24161
2024-06-01,338,Analytics,137976,11498.0,11318,1695,2086,0,956,22514
2024-06-01,339,AI Suite,143639,11969.92,3535,19120,9950,0,3043,15752
2024-06-01,340,Core Platform,30737,2561.42,41544,14681,370,0,26184,4919
2024-06-01,341,AI Suite,0,0.0,10143,1233,3437,22740,27872,21379
2024-06-01,342,Core Platform,81533,6794.42,12243,3794,6216,0,10763,20705
2024-06-01,343,AI Suite,47840,3986.67,25146,14494,8556,0,842,9633
2024-06-01,344,Enterprise,71848,5987.33,27978,18453,4075,0,10217,8343
2024-06-01,345,AI Suite,120033,10002.75,36050,14402,8639,0,7916,29647
2024-06-01,346,Security,148518,12376.5,33985,18814,8062,0,20573,1248
2024-06-01,347,Security,26383,2198.58,4328,14179,3054,0,26117,11936
2024-06-01,348,AI Suite,98799,8233.25,49597,7351,2505,0,10814,3
2024-06-01,349,Enterprise,53207,4433.92,42892,4551,7111,0,2457,30603
2024-06-01,350,Security,42731,3560.92,22886,6178,9491,0,1670,34370
2024-06-01,351,Security,72585,6048.75,31859,16503,5538,0,16215,12204
2024-06-01,352,Security,25323,2110.25,26931,12823,8202,0,26170,39014
2024-06-01,353,Security,35817,2984.75,1618,17998,6587,0,787,7946
2024-06-01,354,Enterprise,58892,4907.67,42774,4271,2938,0,26045,27052
2024-06-01,355,Security,61630,5135.83,5251,13005,6220,0,15972,12001
2024-06-01,356,Analytics,117787,9815.58,33881,9564,9267,0,15026,2926
2024-06-01,357,Enterprise,114742,9561.83,27260,6851,691,0,12114,24368
2024-06-01,358,Core Platform,131923,10993.58,33495,7880,2597,0,26179,4786
2024-06-01,359,Core Platform,96426,8035.5,17326,14292,7693,0,17397,2406
2024-06-01,360,Security,24925,2077.08,49376,16690,7137,0,27103,1685
2024-06-01,361,Core Platform,154562,12880.17,10172,15193,650,0,26481,33480
2024-06-01,362,Core Platform,119129,9927.42,1249,17446,1733,0,28651,19327
2024-06-01,363,Core Platform,37718,3143.17,20332,13297,3708,0,6784,18977
2024-06-01,364,Enterprise,98419,8201.58,2021,12781,9103,0,5628,1745
2024-06-01,365,Analytics,126466,10538.83,27600,16376,6623,0,28915,18343
2024-06-01,366,Enterprise,114129,9510.75,40839,14224,9905,0,17421,21545
2024-06-01,367,Analytics,135763,11313.58,8884,13614,3037,0,10057,24316
2024-06-01,368,Analytics,123174,10264.5,27750,10768,8058,0,18185,25586
2024-06-01,369,Analytics,133176,11098.0,44965,3701,9502,0,1132,35957
2024-06-01,370,Core Platform,133619,11134.92,28058,1814,8376,0,14868,22434
2024-06-01,371,Core Platform,109493,9124.42,4003,11417,1250,0,2167,21888
2024-06-01,372,AI Suite,130210,10850.83,23740,8786,8059,0,26953,27347
2024-06-01,373,Core Platform,11399,949.92,26700,11554,155,140920,15137,6483
2024-06-01,374,Security,35203,2933.58,36977,3040,6711,0,16382,31069
2024-06-01,375,Core Platform,110763,9230.25,19920,969,7861,0,20071,13703
2024-06-01,376,Enterprise,61231,5102.58,10358,3487,9268,0,8744,644
2024-06-01,377,Security,78916,6576.33,32662,13899,1917,0,23546,185
2024-06-01,378,Security,35820,2985.0,11760,3804,5768,0,16892,7045
2024-06-01,379,Core Platform,84189,7015.75,34483,19474,1212,0,17411,34145
2024-06-01,380,Core Platform,63299,5274.92,44625,5277,8282,0,16253,17443
2024-06-01,381,Core Platform,51363,4280.25,45752,13181,2974,0,9347,39234
2024-06-01,382,Analytics,150657,12554.75,34171,12680,1028,0,19233,1268
2024-06-01,383,Security,38664,3222.0,28169,16352,2989,0,19654,1232
2024-06-01,384,Core Platform,101337,8444.75,10056,1756,3071,0,3655,16322
2024-06-01,385,Analytics,131324,10943.67,16104,19667,7949,0,28558,13858
2024-06-01,386,Enterprise,0,0.0,3349,4427,8536,21886,21889,20201
2024-06-01,387,AI Suite,133771,11147.58,8175,19454,6677,0,11243,29213
2024-06-01,388,Analytics,121785,10148.75,5746,7490,368,0,6436,22785
2024-06-01,389,Core Platform,28664,2388.67,28092,6295,5723,0,17402,11415
2024-06-01,390,AI Suite,45072,3756.0,6829,8175,4351,0,15103,10337
2024-06-01,391,Enterprise,121344,10112.0,3065,11375,2267,0,25136,14653
2024-06-01,392,Enterprise,60110,5009.17,15442,7500,5679,0,13126,36049
2024-06-01,393,Core Platform,56911,4742.58,44613,16743,5749,0,17399,12304
2024-06-01,394,AI Suite,128523,10710.25,12141,12398,7724,0,11860,20149
2024-06-01,395,Security,17050,1420.83,33539,12793,2843,0,28513,2001
2024-06-01,396,Security,148512,12376.0,21571,17312,1325,0,12956,39777
2024-06-01,397,Security,64031,5335.92,33673,18703,5817,0,19608,18346
2024-06-01,398,Core Platform,68081,5673.42,39293,1519,2107,0,23818,4870
2024-06-01,399,AI Suite,116355,9696.25,18665,7470,3591,0,13185,16637
2024-06-01,400,Analytics,13635,1136.25,19020,1448,4139,0,23439,17215
2024-06-01,401,Enterprise,134969,11247.42,26440,18347,3075,0,15911,9834
2024-06-01,402,Analytics,110390,9199.17,11779,1938,644,0,13063,17679
2024-06-01,403,Core Platform,114757,9563.08,1838,7824,6033,0,19997,18512
2024-06-01,404,Security,48082,4006.83,8805,7637,4994,0,27610,22018
2024-06-01,405,Analytics,11161,930.08,2611,17888,6727,146198,1112,31651
2024-06-01,406,Security,115663,9638.58,31483,19312,7205,0,14687,37446
2024-06-01,407,Security,75847,6320.58,29511,13874,3801,0,14838,30749
2024-06-01,408,Enterprise,109584,9132.0,40550,5236,5901,0,11479,28313
2024-06-01,409,Analytics,26389,2199.08,8542,12050,8557,0,5089,11233
2024-06-01,410,Analytics,105336,8778.0,8722,8986,7618,0,15866,31768
2024-06-01,411,Core Platform,146163,12180.25,2386,17677,9458,0,20023,2377
2024-06-01,412,Analytics,38700,3225.0,46043,2512,5277,0,4018,30602
2024-06-01,413,Analytics,144302,12025.17,20480,6656,1791,0,28862,35681
2024-06-01,414,Enterprise,127664,10638.67,27784,2034,4947,0,3305,29498
2024-06-01,415,Analytics,53357,4446.42,10224,16688,6773,0,24242,1810
2024-06-01,416,Security,30176,2514.67,2646,7102,7924,0,25438,6436
2024-06-01,417,Security,76798,6399.83,26003,6733,8229,0,2031,37899
2024-06-01,418,Enterprise,38321,3193.42,36198,4348,3346,0,553,1724
2024-06-01,419,Analytics,20411,1700.92,24747,9846,6134,0,21960,402
2024-06-01,420,Security,80024,6668.67,43501,13159,3109,0,21688,33631
2024-06-01,421,Core Platform,119160,9930.0,27507,15834,2530,0,9149,11028
2024-06-01,422,Enterprise,94219,7851.58,25195,9204,8890,0,12667,32091
2024-06-01,423,Enterprise,10996,916.33,25471,16286,5290,127662,15525,11164
2024-06-01,424,AI Suite,95265,7938.75,43816,17360,289,0,3733,9397
2024-06-01,425,Analytics,36641,3053.42,33963,9636,7004,0,2636,31794
2024-06-01,426,Core Platform,61777,5148.08,27484,13848,1726,0,26880,24969
2024-06-01,427,Analytics,93169,7764.08,15814,10552,6474,0,29984,34517
2024-06-01,428,Core Platform,25088,2090.67,39459,18875,6029,0,10673,34047
2024-06-01,429,Core Platform,132470,11039.17,36611,15214,4342,0,14897,5164
2024-06-01,430,Analytics,62893,5241.08,44598,1236,9583,0,18611,20100
2024-06-01,431,AI Suite,86442,7203.5,39281,8571,4533,0,18280,19145
2024-06-01,432,Analytics,124258,10354.83,11840,14149,2617,0,26000,19310
2024-06-01,433,Core Platform,130838,10903.17,8482,2295,4598,0,18177,8262
2024-06-01,434,Core Platform,83630,6969.17,1284,13202,9441,0,26858,38650
2024-06-01,435,Analytics,33980,2831.67,31643,6600,2587,0,27381,35945
2024-06-01,436,Analytics,77967,6497.25,35403,2063,2244,0,29211,24218
2024-06-01,437,AI Suite,22322,1860.17,22234,194,8723,0,24614,33990
2024-06-01,438,Enterprise,46778,3898.17,32494,18038,3321,0,7947,39565
2024-06-01,439,Security,114156,9513.0,32454,6453,6249,0,15627,30286
2024-06-01,440,Analytics,15357,1279.75,36832,1144,3339,0,6225,38460
2024-06-01,441,Core Platform,108203,9016.92,10355,4194,5629,0,21691,35225
2024-06-01,442,Analytics,97200,8100.0,39884,16055,9447,0,25012,22552
2024-06-01,443,Security,77872,6489.33,4167,17523,373,0,17614,33990
2024-06-01,444,Enterprise,31143,2595.25,23790,17280,8703,0,24556,16822
2024-06-01,445,Core Platform,108874,9072.83,32697,12609,4074,0,12157,32051
2024-06-01,446,Core Platform,66053,5504.42,18980,10862,4386,0,28438,535
2024-06-01,447,Enterprise,137183,11431.92,41849,18023,1797,0,23870,35563
2024-06-01,448,Security,56898,4741.5,38499,12830,6330,0,14298,17317
2024-06-01,449,Security,95467,7955.58,37424,6077,7892,0,28066,29148
2024-06-01,450,AI Suite,94847,7903.92,17974,16514,267,0,26594,28571
2024-06-01,451,Enterprise,37512,3126.0,9360,11146,5064,0,6631,37772
2024-06-01,452,AI Suite,108917,9076.42,35910,8516,7984,0,15748,22677
2024-06-01,453,Core Platform,51603,4300.25,25132,9001,9392,0,19530,25929
2024-06-01,454,Core Platform,72342,6028.5,17462,5853,4705,0,28267,13499
2024-06-01,455,Security,106302,8858.5,3770,16926,5517,0,20211,31476
2024-06-01,456,Analytics,3522,293.5,22705,6992,3470,149533,19972,17329
2024-06-01,457,AI Suite,115640,9636.67,19765,1406,1776,0,7825,21929
2024-06-01,458,Core Platform,122514,10209.5,40440,5887,1789,0,25320,30503
2024-06-01,459,Enterprise,44518,3709.83,44118,13485,5694,0,27161,22122
2024-06-01,460,Security,21127,1760.58,16352,15108,4276,0,27825,10759
2024-06-01,461,Analytics,3058,254.83,45354,7784,4726,41908,13847,27530
2024-06-01,462,Core Platform,24589,2049.08,11912,8648,7345,0,4247,39717
2024-06-01,463,Core Platform,66183,5515.25,31854,4491,1687,0,8224,36052
2024-06-01,464,Security,150536,12544.67,48385,12585,8685,0,7294,25475
2024-06-01,465,Core Platform,139188,11599.0,14384,58,5242,0,15323,34397
2024-06-01,466,Enterprise,54446,4537.17,27875,17767,5052,0,6901,32591
2024-06-01,467,Analytics,42011,3500.92,24765,7948,9108,0,12111,2458
2024-06-01,468,Enterprise,137218,11434.83,26171,16728,9984,0,9696,26276
2024-06-01,469,Core Platform,34717,2893.08,24633,949,5534,0,29843,20936
2024-06-01,470,Analytics,130444,10870.33,17388,14029,267,0,21949,9638
2024-06-01,471,Security,9593,799.42,7905,8011,7143,0,26339,12143
2024-06-01,472,Core Platform,78284,6523.67,49993,17113,8302,0,29534,37508
2024-06-01,473,Analytics,14018,1168.17,46262,7205,8852,0,29851,11051
2024-06-01,474,AI Suite,66031,5502.58,1801,8192,1215,0,6659,20580
2024-06-01,475,AI Suite,95152,7929.33,17911,14300,81,0,9794,29797
2024-06-01,476,Core Platform,116759,9729.92,21327,1133,2656,0,25891,6820
2024-06-01,477,Core Platform,135160,11263.33,44430,70,9159,0,1002,38487
2024-06-01,478,Core Platform,95419,7951.58,19348,11378,164,0,6503,22178
2024-06-01,479,Enterprise,29541,2461.75,4182,15835,4913,0,12656,31411
2024-06-01,480,Security,83901,6991.75,27837,2203,4522,0,19913,21895
2024-06-01,481,Core Platform,48549,4045.75,32709,4995,6485,0,20032,13065
2024-06-01,482,Core Platform,120378,10031.5,11667,1065,4645,0,19989,1382
2024-06-01,483,Enterprise,136050,11337.5,26694,7680,738,0,19649,2272
2024-06-01,484,AI Suite,52141,4345.08,5103,7678,4974,0,18607,16782
2024-06-01,485,AI Suite,81803,6816.92,24085,6844,8724,0,10152,6355
2024-06-01,486,Enterprise,99072,8256.0,9151,3740,1298,0,26060,25797
2024-06-01,487,Security,66290,5524.17,5093,4501,3258,0,7953,36989
2024-06-01,488,AI Suite,6331,527.58,37444,15197,8866,21680,6634,15210
2024-06-01,489,Core Platform,32243,2686.92,2686,6198,7341,0,2617,29467
2024-06-01,490,Security,93787,7815.58,37339,839,6326,0,4286,26155
2024-06-01,491,Analytics,145864,12155.33,39220,18739,8618,0,8419,37651
2024-06-01,492,Analytics,8935,744.58,4896,6057,8033,0,2049,36654
2024-06-01,493,Analytics,132755,11062.92,40523,8894,640,0,28772,3643
2024-06-01,494,Security,59390,4949.17,39919,4911,3768,0,9059,33459
2024-06-01,495,Security,98140,8178.33,41664,18674,1161,0,25343,17403
2024-06-01,496,Enterprise,83714,6976.17,11772,10970,9767,0,17416,211
2024-06-01,497,Analytics,107304,8942.0,49301,14968,1789,0,29915,10142
2024-06-01,498,AI Suite,152530,12710.83,24932,4082,693,0,11882,33147
2024-06-01,499,AI Suite,15636,1303.0,14107,5138,1525,0,11255,12418
2024-06-01,500,AI Suite,5387,448.92,20679,2686,5248,0,14581,15565
2024-07-01,1,Analytics,115709,9642.42,48570,3447,5283,0,6813,37318
2024-07-01,2,AI Suite,95163,7930.25,15957,15017,3570,0,20968,38054
2024-07-01,3,Core Platform,133853,11154.42,30937,12827,241,0,16849,4503
2024-07-01,4,Core Platform,69468,5789.0,34214,15057,3103,0,1594,16727
2024-07-01,5,Core Platform,61049,5087.42,35260,15873,1886,0,65,17127
2024-07-01,6,AI Suite,101433,8452.75,3998,6236,262,0,28952,20944
2024-07-01,7,Security,148370,12364.17,47779,11483,5128,0,1579,19345
2024-07-01,8,AI Suite,84008,7000.67,4607,2018,7685,0,5618,13430
2024-07-01,9,Security,136048,11337.33,18780,8936,3670,0,15657,25537
2024-07-01,10,AI Suite,136422,11368.5,46323,2093,1679,0,1356,3345
2024-07-01,11,Core Platform,39592,3299.33,24904,11507,7816,0,21999,5192
2024-07-01,12,Core Platform,130634,10886.17,25626,14439,700,0,20291,998
2024-07-01,13,Security,117505,9792.08,6240,16073,6993,0,6654,7636
2024-07-01,14,Analytics,145163,12096.92,3570,786,3439,0,17065,17345
2024-07-01,15,Core Platform,0,0.0,33483,1832,9109,0,2557,37359
2024-07-01,16,Security,25583,2131.92,14685,2941,9400,0,17606,34129
2024-07-01,17,Security,74240,6186.67,23383,4830,8948,0,1893,35607
2024-07-01,18,Analytics,69137,5761.42,39703,15842,1894,0,22028,14261
2024-07-01,19,Analytics,86246,7187.17,20732,15870,9576,0,26309,30955
2024-07-01,20,Security,146196,12183.0,4937,1063,2023,0,23123,25285
2024-07-01,21,Security,131792,10982.67,45953,11401,368,0,25648,33627
2024-07-01,22,Core Platform,116942,9745.17,32107,202,6821,0,25237,6307
2024-07-01,23,Analytics,98812,8234.33,32521,11658,2074,0,12898,8031
2024-07-01,24,AI Suite,78798,6566.5,39335,2278,7949,0,17450,2287
2024-07-01,25,AI Suite,33516,2793.0,26274,8983,6540,0,16690,11225
2024-07-01,26,Security,35386,2948.83,16351,1903,396,0,1866,13185
2024-07-01,27,Security,137856,11488.0,6415,15723,3859,0,7616,17532
2024-07-01,28,AI Suite,7479,623.25,17012,4257,5868,0,18757,24940
2024-07-01,29,Enterprise,104507,8708.92,25306,755,5105,0,2396,12955
2024-07-01,30,Analytics,18099,1508.25,28520,18756,657,137885,7114,27874
2024-07-01,31,Analytics,99876,8323.0,9086,15888,9301,0,27098,5799
2024-07-01,32,Enterprise,3806,317.17,48515,4854,1048,7837,14670,5467
2024-07-01,33,Analytics,98697,8224.75,1519,9401,2135,0,513,30707
2024-07-01,34,Analytics,45738,3811.5,36369,17500,7623,0,3992,33475
2024-07-01,35,Security,110976,9248.0,2979,3955,2813,0,15060,26682
2024-07-01,36,Enterprise,69647,5803.92,15695,18877,1458,0,28535,39216
2024-07-01,37,Enterprise,72879,6073.25,25624,14936,1283,0,10636,28230
2024-07-01,38,AI Suite,57511,4792.58,1380,4178,2448,0,18229,10133
2024-07-01,39,Enterprise,38770,3230.83,26864,13496,774,0,19108,1919
2024-07-01,40,Analytics,73530,6127.5,27534,18359,7694,0,9464,15444
2024-07-01,41,AI Suite,47995,3999.58,42950,15753,3853,0,26781,8946
2024-07-01,42,Analytics,75622,6301.83,17455,1090,159,0,7796,17630
2024-07-01,43,AI Suite,129354,10779.5,41672,4471,4267,0,11540,32017
2024-07-01,44,Security,98620,8218.33,18071,18898,2054,0,574,17353
2024-07-01,45,Analytics,122050,10170.83,11238,18840,1057,0,29450,9482
2024-07-01,46,Enterprise,47993,3999.42,37383,11524,4874,0,24432,3012
2024-07-01,47,Enterprise,92761,7730.08,27756,15191,8543,0,8055,38075
2024-07-01,48,AI Suite,150218,12518.17,16339,17698,3066,0,4232,31254
2024-07-01,49,AI Suite,140463,11705.25,38280,9168,808,0,8136,11112
2024-07-01,50,Core Platform,43898,3658.17,16552,16760,943,0,15247,7037
2024-07-01,51,Security,119346,9945.5,34088,8190,9736,0,25858,22603
2024-07-01,52,Core Platform,90974,7581.17,19232,3877,1753,0,10237,23361
2024-07-01,53,Security,111271,9272.58,30741,7931,4810,0,8267,4011
2024-07-01,54,AI Suite,49149,4095.75,32557,9353,7089,0,28158,33583
2024-07-01,55,Core Platform,137218,11434.83,11747,7909,2677,0,18818,27412
2024-07-01,56,Security,90382,7531.83,19706,19922,4116,0,28013,11755
2024-07-01,57,Security,10567,880.58,2700,11485,7326,0,12243,39850
2024-07-01,58,Enterprise,151860,12655.0,41666,13351,329,0,10278,22062
2024-07-01,59,Core Platform,97977,8164.75,39959,7131,1194,0,8859,4677
2024-07-01,60,AI Suite,39092,3257.67,4664,5390,8361,0,29179,23658
2024-07-01,61,Enterprise,106821,8901.75,18746,18077,592,0,20616,5808
2024-07-01,62,Security,135621,11301.75,3328,5003,8254,0,6272,14723
2024-07-01,63,Security,78823,6568.58,20652,2678,6500,0,5014,19840
2024-07-01,64,AI Suite,43125,3593.75,14081,3755,2584,0,24997,19820
2024-07-01,65,Analytics,134948,11245.67,10293,3789,179,0,14002,7015
2024-07-01,66,Analytics,139497,11624.75,3548,19208,7924,0,9988,25915
2024-07-01,67,Core Platform,115441,9620.08,10146,15636,3527,0,18539,11143
2024-07-01,68,Security,127662,10638.5,47430,5636,621,0,25232,133
2024-07-01,69,Security,97340,8111.67,27624,15064,3887,0,3276,29723
2024-07-01,70,Security,152244,12687.0,40577,4691,771,0,21390,3057
2024-07-01,71,Analytics,111386,9282.17,5603,249,8475,0,6843,19355
2024-07-01,72,Enterprise,28934,2411.17,7343,15785,1117,0,29635,11532
2024-07-01,73,AI Suite,32631,2719.25,44063,7763,1188,0,5018,12708
2024-07-01,74,Core Platform,151122,12593.5,41464,16072,8531,0,16693,29425
2024-07-01,75,Enterprise,152861,12738.42,17758,17138,2948,0,18494,30165
2024-07-01,76,Analytics,84106,7008.83,29803,1833,1876,0,6547,28994
2024-07-01,77,Enterprise,142864,11905.33,45965,17381,602,0,25061,36231
2024-07-01,78,Enterprise,16981,1415.08,36318,2716,5048,0,24757,36204
2024-07-01,79,Analytics,126532,10544.33,43949,17023,8054,0,23253,33786
2024-07-01,80,AI Suite,86808,7234.0,3220,16309,9925,0,12178,22741
2024-07-01,81,Analytics,80782,6731.83,36845,15905,3822,0,29010,33806
2024-07-01,82,Core Platform,148338,12361.5,44635,5953,5346,0,24751,38032
2024-07-01,83,Enterprise,129490,10790.83,11867,3504,1636,0,22070,11996
2024-07-01,84,AI Suite,143649,11970.75,20177,7846,5459,0,23230,10160
2024-07-01,85,Analytics,52775,4397.92,7688,15287,4111,0,8942,2628
2024-07-01,86,Analytics,34510,2875.83,15524,16980,9588,0,1322,38613
2024-07-01,87,Enterprise,153214,12767.83,8386,9835,4022,0,25463,4538
2024-07-01,88,Enterprise,33529,2794.08,41195,19572,4367,0,29020,21205
2024-07-01,89,Core Platform,32885,2740.42,7715,5584,6978,0,27281,19190
2024-07-01,90,Enterprise,65829,5485.75,9852,1789,5732,0,11156,23206
2024-07-01,91,Enterprise,100316,8359.67,31731,5891,1762,0,7563,11697
2024-07-01,92,Security,19380,1615.0,33778,11293,8893,0,15884,37632
2024-07-01,93,Analytics,27360,2280.0,21826,3830,6067,0,10348,26509
2024-07-01,94,AI Suite,91247,7603.92,22884,12546,1183,0,22612,28364
2024-07-01,95,Enterprise,78107,6508.92,3569,7958,1172,0,18382,28903
2024-07-01,96,AI Suite,75781,6315.08,30935,9780,891,0,22523,26246
2024-07-01,97,Core Platform,152295,12691.25,40557,6917,1800,0,9725,5564
2024-07-01,98,Analytics,9030,752.5,9959,14383,5353,57067,13288,3100
2024-07-01,99,AI Suite,55748,4645.67,39055,13715,5658,0,348,3188
2024-07-01,100,Security,115557,9629.75,22365,4914,7220,0,11707,16605
2024-07-01,101,AI Suite,33619,2801.58,3151,2401,9416,0,12214,20759
2024-07-01,102,Security,49936,4161.33,7902,16611,4310,0,16505,24242
2024-07-01,103,Core Platform,137239,11436.58,43070,8857,7867,0,26724,613
2024-07-01,104,Analytics,7945,662.08,25174,13428,5483,19347,5784,1941
2024-07-01,105,Enterprise,150530,12544.17,33008,17715,9120,0,20040,38513
2024-07-01,106,Enterprise,126667,10555.58,42778,13146,3995,0,15644,35743
2024-07-01,107,Analytics,17187,1432.25,22118,18987,6968,0,27209,26329
2024-07-01,108,AI Suite,81343,6778.58,36577,12367,9290,0,6348,6165
2024-07-01,109,Security,3002,250.17,36461,1277,6910,0,15415,18857
2024-07-01,110,Analytics,31225,2602.08,47030,11637,6831,0,15489,35665
2024-07-01,111,Security,127558,10629.83,33995,261,4137,0,28862,12030
2024-07-01,112,Enterprise,119890,9990.83,12193,542,4198,0,12310,31024
2024-07-01,113,AI Suite,56360,4696.67,48848,5566,5850,0,25043,36059
2024-07-01,114,Analytics,17226,1435.5,43738,10845,4575,0,22250,15456
2024-07-01,115,Analytics,21096,1758.0,40869,8951,1604,0,6255,8580
2024-07-01,116,AI Suite,78011,6500.92,11154,5847,7423,0,27834,23743
2024-07-01,117,Enterprise,122760,10230.0,46909,11873,5273,0,4913,3658
2024-07-01,118,Enterprise,139936,11661.33,7970,8952,3418,0,266,7756
2024-07-01,119,Enterprise,58132,4844.33,16530,1795,3608,0,27341,5334
2024-07-01,120,Core Platform,13534,1127.83,24114,1983,1385,0,28697,4398
2024-07-01,121,Security,133456,11121.33,16693,1789,8640,0,5766,39905
2024-07-01,122,Core Platform,137431,11452.58,2360,4487,965,0,4024,25643
2024-07-01,123,Security,16989,1415.75,39583,4043,3463,0,26899,13084
2024-07-01,124,Enterprise,116663,9721.92,26732,10789,336,0,26549,12120
2024-07-01,125,Security,40643,3386.92,2902,694,7172,0,15118,27127
2024-07-01,126,AI Suite,109418,9118.17,15940,13516,7536,0,13855,254
2024-07-01,127,AI Suite,29717,2476.42,6130,2912,6836,0,17231,36275
2024-07-01,128,Core Platform,88948,7412.33,8649,17928,4392,0,345,37579
2024-07-01,129,AI Suite,156288,13024.0,44266,16811,3678,0,25382,6234
2024-07-01,130,Core Platform,139618,11634.83,46762,19873,7049,0,21615,136
2024-07-01,131,AI Suite,66120,5510.0,17257,7903,5957,0,15792,5276
2024-07-01,132,Enterprise,35499,2958.25,40313,19976,4109,0,6525,30505
2024-07-01,133,AI Suite,74952,6246.0,28344,12342,1252,0,332,1312
2024-07-01,134,Core Platform,102146,8512.17,35896,18192,1905,0,7312,22073
2024-07-01,135,Enterprise,8587,715.58,10071,4342,7104,0,8790,27460
2024-07-01,136,AI Suite,16102,1341.83,7445,5720,5533,0,776,10721
2024-07-01,137,Security,8581,715.08,32448,8301,5512,0,13061,38067
2024-07-01,138,Security,145693,12141.08,13272,16627,389,0,9123,28963
2024-07-01,139,AI Suite,82549,6879.08,6758,3295,1509,0,11325,26002
2024-07-01,140,AI Suite,140659,11721.58,38129,3883,8561,0,1976,36829
2024-07-01,141,Analytics,0,0.0,4616,3401,5717,119377,16823,24806
2024-07-01,142,Analytics,75555,6296.25,40322,19691,6405,0,4340,29773
2024-07-01,143,Security,69128,5760.67,45675,7859,7085,0,16383,1386
2024-07-01,144,Enterprise,45183,3765.25,8784,2965,5683,0,29911,37054
2024-07-01,145,AI Suite,31610,2634.17,11909,17065,2927,0,13331,27951
2024-07-01,146,Security,14340,1195.0,10690,2901,4020,0,2511,10020
2024-07-01,147,Security,40944,3412.0,20305,19421,1418,0,23906,3615
2024-07-01,148,AI Suite,127036,10586.33,1826,7451,2823,0,24529,35577
2024-07-01,149,Enterprise,86452,7204.33,18351,18482,4502,0,6746,18559
2024-07-01,150,AI Suite,115067,9588.92,18963,12041,9829,0,27645,23736
2024-07-01,151,Security,5747,478.92,15774,6583,836,125101,12537,31450
2024-07-01,152,Core Platform,20109,1675.75,28402,10217,1976,0,10204,682
2024-07-01,153,Enterprise,151968,12664.0,19062,16049,1329,0,12382,5649
2024-07-01,154,Core Platform,111197,9266.42,20898,1148,8976,0,25671,10919
2024-07-01,155,Core Platform,55144,4595.33,13504,7825,1933,0,16224,28914
2024-07-01,156,AI Suite,128499,10708.25,14823,9057,5231,0,7919,2937
2024-07-01,157,Core Platform,64725,5393.75,2491,7319,5784,0,25138,4409
2024-07-01,158,AI Suite,130267,10855.58,26573,6715,1347,0,8003,39905
2024-07-01,159,Core Platform,82151,6845.92,44318,478,5408,0,26899,25223
2024-07-01,160,Core Platform,60354,5029.5,14984,8268,9845,0,6708,8756
2024-07-01,161,Analytics,72181,6015.08,11916,19974,4221,0,29850,27099
2024-07-01,162,Enterprise,57182,4765.17,34967,565,785,0,23582,24664
2024-07-01,163,Core Platform,60434,5036.17,44037,18437,6607,0,19985,11732
2024-07-01,164,AI Suite,77265,6438.75,29330,16719,6639,0,20533,3495
2024-07-01,165,Analytics,68562,5713.5,12749,18327,8596,0,20869,3969
2024-07-01,166,Analytics,130489,10874.08,16170,9716,1041,0,13826,32663
2024-07-01,167,Core Platform,91878,7656.5,10276,7749,385,0,21947,25556
2024-07-01,168,Security,42985,3582.08,45563,7277,463,0,29790,37
2024-07-01,169,AI Suite,33767,2813.92,12543,17370,6321,0,17685,8917
2024-07-01,170,Enterprise,41686,3473.83,21247,18159,6430,0,25399,36713
2024-07-01,171,Analytics,29634,2469.5,15641,1303,8009,0,17782,1515
2024-07-01,172,AI Suite,45512,3792.67,39034,294,9845,0,13891,20460
2024-07-01,173,Analytics,73185,6098.75,19264,10968,1411,0,315,32432
2024-07-01,174,Analytics,66360,5530.0,17273,1166,5426,0,26105,5786
2024-07-01,175,AI Suite,44729,3727.42,10229,4334,622,0,18987,35827
2024-07-01,176,Core Platform,122434,10202.83,26243,519,1335,0,27266,22220
2024-07-01,177,AI Suite,75069,6255.75,12474,19506,4793,0,17827,35124
2024-07-01,178,Core Platform,33126,2760.5,2039,1846,8489,0,14481,21217
2024-07-01,179,Security,47019,3918.25,21372,7041,5473,0,23249,15643
2024-07-01,180,Analytics,32038,2669.83,38878,13546,138,0,18306,31750
2024-07-01,181,Enterprise,76266,6355.5,43943,16046,836,0,16836,3532
2024-07-01,182,Analytics,17319,1443.25,34134,11987,9616,0,12101,29576
2024-07-01,183,Security,59466,4955.5,30734,5046,7686,0,12843,20576
2024-07-01,184,AI Suite,48423,4035.25,10706,2815,5947,0,1651,12295
2024-07-01,185,Enterprise,39830,3319.17,31084,13850,8718,0,27549,4238
2024-07-01,186,Analytics,140720,11726.67,36504,4861,7194,0,12501,16510
2024-07-01,187,Enterprise,104965,8747.08,4773,17247,2174,0,16692,21824
2024-07-01,188,Analytics,150352,12529.33,1433,11888,4165,0,17086,2051
2024-07-01,189,Core Platform,68633,5719.42,44228,1180,9889,0,12432,37782
2024-07-01,190,Security,143134,11927.83,18005,7984,6649,0,798,18662
2024-07-01,191,AI Suite,61970,5164.17,14728,16775,827,0,844,7109
2024-07-01,192,Security,61217,5101.42,23963,5783,8711,0,2670,24558
2024-07-01,193,Security,115191,9599.25,4543,12486,3824,0,4174,26857
2024-07-01,194,Analytics,15898,1324.83,21990,6064,1219,0,12165,22425
2024-07-01,195,Enterprise,38018,3168.17,44133,789,8147,0,6379,13394
2024-07-01,196,AI Suite,144153,12012.75,20956,7125,3451,0,6328,37983
2024-07-01,197,AI Suite,96846,8070.5,37401,4271,7474,0,22853,11811
2024-07-01,198,Analytics,73178,6098.17,8934,13467,5853,0,23704,7601
2024-07-01,199,Analytics,61610,5134.17,19801,14887,5328,0,25389,14695
2024-07-01,200,Core Platform,41550,3462.5,37395,1030,94,0,1046,9354
2024-07-01,201,Security,87780,7315.0,6399,13471,9316,0,559,29606
2024-07-01,202,Enterprise,140440,11703.33,38875,17165,9057,0,29312,1932
2024-07-01,203,Core Platform,152751,12729.25,44470,11482,2998,0,12597,36169
2024-07-01,204,Analytics,132757,11063.08,40431,10112,1730,0,11603,10094
2024-07-01,205,Core Platform,42771,3564.25,25910,19086,8196,0,24577,37421
2024-07-01,206,Core Platform,51740,4311.67,37440,4980,6462,0,20094,34402
2024-07-01,207,AI Suite,0,0.0,45913,524,8760,0,4172,213
2024-07-01,208,Enterprise,113683,9473.58,33135,4802,3544,0,17151,11952
2024-07-01,209,Security,82403,6866.92,18513,7071,8257,0,3693,2314
2024-07-01,210,AI Suite,87554,7296.17,7531,11753,4469,0,1189,7437
2024-07-01,211,Security,67142,5595.17,24839,10172,5720,0,5689,24976
2024-07-01,212,AI Suite,42175,3514.58,11145,12526,5484,0,8751,18711
2024-07-01,213,Security,119451,9954.25,39049,13667,7026,0,8009,26881
2024-07-01,214,Enterprise,52562,4380.17,6482,10380,9787,0,11376,4683
2024-07-01,215,Analytics,150077,12506.42,23336,13387,4755,0,25878,27132
2024-07-01,216,AI Suite,101266,8438.83,37400,4107,9119,0,18475,35702
2024-07-01,217,Security,101672,8472.67,28760,14218,2989,0,26441,19757
2024-07-01,218,Core Platform,119888,9990.67,15591,17867,354,0,6715,34381
2024-07-01,219,Security,93694,7807.83,35764,16301,9182,0,17424,37074
2024-07-01,220,Security,125340,10445.0,24445,13224,404,0,14961,5833
2024-07-01,221,Core Platform,155333,12944.42,40016,18487,4302,0,1657,35009
2024-07-01,222,Security,113661,9471.75,13470,4258,9217,0,22708,10527
2024-07-01,223,Security,58603,4883.58,47125,7381,2221,0,1263,13285
2024-07-01,224,Enterprise,46705,3892.08,2971,10949,7182,0,11883,10837
2024-07-01,225,Analytics,68498,5708.17,8055,2027,9226,0,24273,11083
2024-07-01,226,Enterprise,74850,6237.5,28955,10840,1751,0,21172,5740
2024-07-01,227,Core Platform,59115,4926.25,42089,855,1151,0,12777,10747
2024-07-01,228,Core Platform,147191,12265.92,7076,8755,9026,0,16271,535
2024-07-01,229,Enterprise,27976,2331.33,15996,17845,659,0,13059,28377
2024-07-01,230,AI Suite,141624,11802.0,23569,2525,4431,0,16115,24419
2024-07-01,231,Core Platform,43558,3629.83,1757,7606,1851,0,14145,16246
2024-07-01,232,Security,78281,6523.42,14740,19985,9452,0,22321,10390
2024-07-01,233,AI Suite,29750,2479.17,8752,17514,8847,0,804,3493
2024-07-01,234,Core Platform,144806,12067.17,31499,14276,8697,0,18308,38050
2024-07-01,235,Security,102696,8558.0,10626,11714,6765,0,20627,6708
2024-07-01,236,Core Platform,102235,8519.58,18712,13238,1188,0,9773,11334
2024-07-01,237,Analytics,142097,11841.42,45638,13481,6180,0,16674,22750
2024-07-01,238,Analytics,160400,13366.67,46471,19206,8705,0,22860,30469
2024-07-01,239,Security,44860,3738.33,1457,8165,9768,0,9772,20176
2024-07-01,240,AI Suite,51531,4294.25,49827,9964,6433,0,600,8044
2024-07-01,241,Core Platform,112408,9367.33,29845,16155,7499,0,2877,19597
2024-07-01,242,Security,129051,10754.25,23114,11844,1409,0,21506,28479
2024-07-01,243,Enterprise,126414,10534.5,3096,11457,5833,0,26275,28318
2024-07-01,244,Core Platform,49535,4127.92,40580,12996,5810,0,2081,30452
2024-07-01,245,Enterprise,69243,5770.25,48475,10023,4388,0,23132,23708
2024-07-01,246,Core Platform,142373,11864.42,45320,2531,6200,0,17501,24958
2024-07-01,247,Enterprise,63022,5251.83,27583,2335,3003,0,27020,13356
2024-07-01,248,Core Platform,85363,7113.58,33995,9229,8138,0,23537,20235
2024-07-01,249,Enterprise,80209,6684.08,11594,16054,9607,0,2643,18428
2024-07-01,250,Analytics,109700,9141.67,47598,7560,2406,0,15574,25797
2024-07-01,251,Core Platform,32774,2731.17,6677,19833,5452,0,27078,2220
2024-07-01,252,Analytics,86587,7215.58,37472,19346,6385,0,9506,1882
2024-07-01,253,Analytics,124324,10360.33,13567,1979,7252,0,4794,10046
2024-07-01,254,AI Suite,140941,11745.08,18912,15495,6051,0,20999,2295
2024-07-01,255,Enterprise,64935,5411.25,26082,6287,9515,0,16798,16664
2024-07-01,256,Analytics,52743,4395.25,3488,13156,5690,0,3958,7961
2024-07-01,257,Security,30071,2505.92,42120,15156,517,0,16015,34769
2024-07-01,258,Security,106224,8852.0,43160,2760,3589,0,9811,27307
2024-07-01,259,Core Platform,27844,2320.33,32123,10770,853,0,27782,31468
2024-07-01,260,Analytics,45071,3755.92,6644,5448,3592,0,28778,30353
2024-07-01,261,AI Suite,120494,10041.17,32513,5298,6438,0,1875,32081
2024-07-01,262,Enterprise,99820,8318.33,10938,11766,7122,0,12215,26877
2024-07-01,263,Enterprise,129507,10792.25,44442,6711,7673,0,2229,30853
2024-07-01,264,Core Platform,7972,664.33,44348,16689,8717,11518,11341,35479
2024-07-01,265,Core Platform,31376,2614.67,19129,17457,4331,0,25599,25284
2024-07-01,266,Security,163430,13619.17,18673,17552,2283,0,5909,12441
2024-07-01,267,Core Platform,35841,2986.75,35828,8629,9741,0,115,1508
2024-07-01,268,AI Suite,92138,7678.17,33155,11294,953,0,17885,32359
2024-07-01,269,Analytics,89758,7479.83,32736,788,4465,0,11046,28837
2024-07-01,270,Core Platform,62495,5207.92,21579,17403,7377,0,3445,21873
2024-07-01,271,Core Platform,45044,3753.67,30171,15111,7555,0,10294,4750
2024-07-01,272,Enterprise,31895,2657.92,23656,16558,6433,0,24647,36787
2024-07-01,273,Enterprise,44356,3696.33,35298,14620,521,0,15207,10335
2024-07-01,274,Analytics,112842,9403.5,4446,10332,7161,0,7875,5880
2024-07-01,275,Analytics,43431,3619.25,36537,19230,6903,0,9290,19123
2024-07-01,276,Analytics,42689,3557.42,2590,17600,7843,0,23355,15606
2024-07-01,277,Security,114276,9523.0,13117,7535,498,0,11944,19376
2024-07-01,278,Analytics,119627,9968.92,23038,9540,8026,0,621,37319
2024-07-01,279,Core Platform,21766,1813.83,44473,14357,9033,0,12852,10096
2024-07-01,280,AI Suite,0,0.0,24272,2620,4786,129302,6754,4227
2024-07-01,281,AI Suite,148394,12366.17,2043,19536,5980,0,13547,27766
2024-07-01,282,AI Suite,121593,10132.75,16892,3565,1326,0,1721,20216
2024-07-01,283,Enterprise,23566,1963.83,29696,2673,7957,0,7679,39188
2024-07-01,284,Enterprise,26096,2174.67,27447,19456,343,0,19835,7777
2024-07-01,285,Enterprise,0,0.0,31580,2187,4515,76370,9135,15264
2024-07-01,286,Security,105780,8815.0,33890,11612,1559,0,12312,12161
2024-07-01,287,Analytics,84393,7032.75,10038,17002,7530,0,18089,23689
2024-07-01,288,Core Platform,141824,11818.67,33245,2633,7028,0,25589,25041
2024-07-01,289,Enterprise,132443,11036.92,25497,9772,6786,0,13796,27240
2024-07-01,290,Enterprise,38971,3247.58,3133,16172,7509,0,25045,36136
2024-07-01,291,AI Suite,64224,5352.0,28519,15119,9009,0,26161,26022
2024-07-01,292,Security,158095,13174.58,4536,12418,4224,0,16225,26495
2024-07-01,293,AI Suite,68841,5736.75,22846,11207,6329,0,1497,13883
2024-07-01,294,Analytics,105583,8798.58,20345,16207,3401,0,13867,38341
2024-07-01,295,Core Platform,85231,7102.58,43552,2277,7535,0,3308,3863
2024-07-01,296,Core Platform,23930,1994.17,2368,3687,8912,0,27652,14501
2024-07-01,297,Security,66981,5581.75,24424,15218,3802,0,18333,17590
2024-07-01,298,Enterprise,15466,1288.83,1633,4673,6679,0,14863,2156
2024-07-01,299,Security,124019,10334.92,25752,7721,593,0,29395,9074
2024-07-01,300,Enterprise,95728,7977.33,35102,8087,3785,0,18745,2097
2024-07-01,301,Security,10700,891.67,16916,5654,3707,0,10575,10283
2024-07-01,302,Core Platform,101446,8453.83,1615,12746,1206,0,14900,38049
2024-07-01,303,AI Suite,28044,2337.0,29240,8080,1250,0,7753,31643
2024-07-01,304,Core Platform,29768,2480.67,43859,5851,5030,0,22870,26213
2024-07-01,305,Security,119933,9994.42,7479,6206,2817,0,4794,8953
2024-07-01,306,Enterprise,71711,5975.92,42737,2290,8345,0,13459,3894
2024-07-01,307,AI Suite,75359,6279.92,37541,17991,7339,0,5123,3691
2024-07-01,308,Enterprise,23602,1966.83,43285,12904,9595,0,25949,28924
2024-07-01,309,Analytics,41363,3446.92,4950,14012,1968,0,5686,20910
2024-07-01,310,AI Suite,39968,3330.67,15513,6703,5558,0,19827,22311
2024-07-01,311,Core Platform,94686,7890.5,45292,18669,2180,0,4640,32214
2024-07-01,312,Core Platform,66017,5501.42,10691,16819,2634,0,9941,36292
2024-07-01,313,Analytics,82363,6863.58,4513,5302,9043,0,21507,7792
2024-07-01,314,Core Platform,145267,12105.58,19064,11844,610,0,18988,37476
2024-07-01,315,Analytics,77501,6458.42,17298,3780,3466,0,17620,7638
2024-07-01,316,Core Platform,92926,7743.83,5822,14554,1278,0,12806,16986
2024-07-01,317,Core Platform,132986,11082.17,2598,10070,5814,0,6887,19437
2024-07-01,318,Core Platform,43080,3590.0,19095,15822,1946,0,27773,23823
2024-07-01,319,Analytics,62178,5181.5,3111,978,1783,0,10818,121
2024-07-01,320,Security,24154,2012.83,17183,10165,4786,0,7537,29439
2024-07-01,321,Core Platform,135723,11310.25,5593,11014,8508,0,15261,17067
2024-07-01,322,AI Suite,57735,4811.25,17802,14233,6649,0,9166,16561
2024-07-01,323,Security,67000,5583.33,6854,9293,677,0,19514,30261
2024-07-01,324,Core Platform,37610,3134.17,9902,9181,4123,0,2446,29742
2024-07-01,325,Security,13118,1093.17,34475,14602,7669,0,18987,7329
2024-07-01,326,Analytics,140676,11723.0,6513,17773,5129,0,4594,32813
2024-07-01,327,Enterprise,4217,351.42,24102,12949,8732,91021,13470,14422
2024-07-01,328,Analytics,17274,1439.5,44187,13697,4029,0,7605,18784
2024-07-01,329,Enterprise,36787,3065.58,33202,15623,6092,0,1630,27352
2024-07-01,330,Analytics,143301,11941.75,18678,15492,2125,0,23673,20999
2024-07-01,331,Analytics,87027,7252.25,25829,11519,6907,0,24247,32156
2024-07-01,332,AI Suite,75862,6321.83,24883,13747,7002,0,4795,28123
2024-07-01,333,Analytics,112769,9397.42,36081,7833,1373,0,22060,38535
2024-07-01,334,Analytics,36281,3023.42,44138,9052,6684,0,1506,344
2024-07-01,335,Analytics,42823,3568.58,15104,17282,2905,0,28208,14454
2024-07-01,336,Analytics,151848,12654.0,25408,17114,1513,0,3790,29841
2024-07-01,337,Core Platform,13706,1142.17,40314,10753,4476,0,17388,19124
2024-07-01,338,Core Platform,114189,9515.75,43503,16715,6598,0,11964,14909
2024-07-01,339,Core Platform,35284,2940.33,47183,8060,9740,0,27129,32252
2024-07-01,340,Security,61557,5129.75,4504,1889,2183,0,23482,36300
2024-07-01,341,Core Platform,119520,9960.0,11466,7641,4731,0,602,37416
2024-07-01,342,Enterprise,94309,7859.08,6576,10386,1229,0,18680,22218
2024-07-01,343,AI Suite,28229,2352.42,25575,19706,8586,0,23151,21802
2024-07-01,344,Security,59316,4943.0,6518,2932,952,0,7454,8589
2024-07-01,345,Enterprise,15585,1298.75,11915,16352,767,42737,29980,32213
2024-07-01,346,AI Suite,84928,7077.33,21860,4688,5947,0,5747,25971
2024-07-01,347,Core Platform,58175,4847.92,16005,11330,9972,0,19125,33803
2024-07-01,348,Security,17400,1450.0,30292,3220,2699,0,5457,27778
2024-07-01,349,Analytics,105247,8770.58,49699,10887,2213,0,862,33098
2024-07-01,350,Core Platform,5835,486.25,46292,10653,4818,117190,26138,32307
2024-07-01,351,Core Platform,38341,3195.08,30725,2025,5256,0,4586,8149
2024-07-01,352,Enterprise,113839,9486.58,48390,19520,4531,0,4092,18648
2024-07-01,353,Enterprise,139571,11630.92,32809,11571,7120,0,14273,29132
2024-07-01,354,Core Platform,25762,2146.83,13237,14098,1937,0,5248,36644
2024-07-01,355,Enterprise,45193,3766.08,40715,14009,4075,0,21376,10079
2024-07-01,356,Core Platform,68281,5690.08,18526,4845,4651,0,6844,3999
2024-07-01,357,Enterprise,102522,8543.5,11526,14401,8073,0,13680,8994
2024-07-01,358,Security,112052,9337.67,36796,1164,575,0,7158,9992
2024-07-01,359,Core Platform,32147,2678.92,11750,14900,3018,0,7444,16265
2024-07-01,360,Core Platform,157077,13089.75,29530,11124,2514,0,8467,6532
2024-07-01,361,AI Suite,99851,8320.92,12643,16993,2211,0,6475,31135
2024-07-01,362,Core Platform,131621,10968.42,46664,14807,6612,0,24487,14783
2024-07-01,363,AI Suite,119360,9946.67,42922,14071,2604,0,6813,16807
2024-07-01,364,Core Platform,143544,11962.0,39721,6018,7280,0,18046,3973
2024-07-01,365,Analytics,82623,6885.25,42829,16879,4488,0,2373,9346
2024-07-01,366,Enterprise,100171,8347.58,11428,19770,9097,0,5948,15835
2024-07-01,367,Analytics,62086,5173.83,31803,15156,3844,0,2766,27782
2024-07-01,368,Analytics,32252,2687.67,45687,18443,7582,0,14722,35160
2024-07-01,369,Core Platform,66716,5559.67,3229,685,3281,0,386,17986
2024-07-01,370,Core Platform,124338,10361.5,6002,8526,2445,0,9562,37431
2024-07-01,371,Analytics,81474,6789.5,39682,6851,6888,0,13495,17286
2024-07-01,372,Analytics,102065,8505.42,6234,1989,8406,0,19119,38017
2024-07-01,373,Security,106657,8888.08,34114,7570,2676,0,11307,16093
2024-07-01,374,Core Platform,104974,8747.83,40095,12913,2435,0,7617,1251
2024-07-01,375,Core Platform,53066,4422.17,4368,10476,9635,0,27480,244
2024-07-01,376,AI Suite,148174,12347.83,9062,3289,337,0,16611,11947
2024-07-01,377,AI Suite,112656,9388.0,7985,4019,4929,0,7047,26225
2024-07-01,378,Enterprise,80854,6737.83,15432,9775,5494,0,12250,35385
2024-07-01,379,Security,19590,1632.5,41816,15573,7242,0,14664,20870
2024-07-01,380,AI Suite,57183,4765.25,19364,14875,8570,0,3921,15325
2024-07-01,381,Core Platform,45155,3762.92,28626,2184,1483,0,27204,9899
2024-07-01,382,Security,38157,3179.75,35044,9360,8928,0,29037,32179
2024-07-01,383,Analytics,137968,11497.33,22751,16273,9948,0,16464,16217
2024-07-01,384,Core Platform,148223,12351.92,28965,9297,9628,0,27577,39453
2024-07-01,385,Security,152517,12709.75,15489,9989,3714,0,7145,15050
2024-07-01,386,AI Suite,51614,4301.17,43363,10687,4751,0,21500,24456
2024-07-01,387,Core Platform,73692,6141.0,47528,19494,371,0,16121,4187
2024-07-01,388,Enterprise,93130,7760.83,35831,8447,6774,0,14489,33060
2024-07-01,389,Core Platform,18368,1530.67,49752,11266,9401,0,22606,1830
2024-07-01,390,AI Suite,63520,5293.33,23835,15380,7274,0,19246,23343
2024-07-01,391,Core Platform,160612,13384.33,16466,19822,711,0,3417,12330
2024-07-01,392,Core Platform,34834,2902.83,38977,381,3627,0,13354,25589
2024-07-01,393,Security,0,0.0,34466,7323,8677,67253,19703,5856
2024-07-01,394,Core Platform,20823,1735.25,39046,11572,223,0,1151,860
2024-07-01,395,Core Platform,123176,10264.67,34168,17854,8561,0,17791,25388
2024-07-01,396,AI Suite,86677,7223.08,11218,9222,5105,0,13751,9407
2024-07-01,397,Core Platform,112968,9414.0,39689,4373,6213,0,14051,21571
2024-07-01,398,Security,42539,3544.92,1094,1101,4712,0,10663,31798
2024-07-01,399,AI Suite,20029,1669.08,21023,14675,2570,0,28002,27283
2024-07-01,400,AI Suite,144070,12005.83,8523,15194,6421,0,13292,720
2024-07-01,401,Core Platform,23242,1936.83,45938,17152,8655,0,11873,38091
2024-07-01,402,Security,94193,7849.42,13287,14618,3685,0,21763,22913
2024-07-01,403,Core Platform,71127,5927.25,49442,4381,6293,0,8902,7010
2024-07-01,404,Core Platform,102256,8521.33,43067,17355,1395,0,27259,31807
2024-07-01,405,Security,59740,4978.33,46006,3159,1410,0,12721,12812
2024-07-01,406,AI Suite,64917,5409.75,3697,9986,5827,0,4443,21840
2024-07-01,407,Analytics,19382,1615.17,46827,11935,1115,0,9966,26460
2024-07-01,408,Core Platform,122063,10171.92,7594,2200,6233,0,7831,351
2024-07-01,409,AI Suite,157016,13084.67,28989,15420,1351,0,746,29352
2024-07-01,410,Enterprise,16946,1412.17,3073,2048,7443,0,734,26361
2024-07-01,411,Security,146275,12189.58,1353,10824,9944,0,1288,34242
2024-07-01,412,Core Platform,99642,8303.5,40586,6719,2841,0,19789,23411
2024-07-01,413,Enterprise,67139,5594.92,43902,7786,7277,0,20344,11657
2024-07-01,414,Security,79142,6595.17,29823,1143,2776,0,16084,39170
2024-07-01,415,Core Platform,127941,10661.75,31308,16924,7006,0,20268,15924
2024-07-01,416,Analytics,45823,3818.58,28992,2850,5495,0,11569,31155
2024-07-01,417,Enterprise,24178,2014.83,34671,14971,5651,0,4921,19852
2024-07-01,418,Security,157929,13160.75,40583,19119,7829,0,27768,31733
2024-07-01,419,Core Platform,71747,5978.92,37478,11777,7414,0,17223,24113
2024-07-01,420,AI Suite,39722,3310.17,36634,4650,340,0,7433,11216
2024-07-01,421,AI Suite,15943,1328.58,14272,10566,7158,0,23359,10673
2024-07-01,422,Enterprise,18369,1530.75,47126,12309,560,0,16181,15679
2024-07-01,423,Enterprise,61781,5148.42,30915,16920,9666,0,12547,18609
2024-07-01,424,Enterprise,141529,11794.08,31289,6789,3820,0,2852,19189
2024-07-01,425,Core Platform,106981,8915.08,37555,17673,342,0,1672,26258
2024-07-01,426,Analytics,116200,9683.33,46932,18294,8820,0,29359,34531
2024-07-01,427,AI Suite,138318,11526.5,16521,14259,1182,0,10997,15736
2024-07-01,428,Enterprise,131404,10950.33,23042,3459,8392,0,20303,30022
2024-07-01,429,AI Suite,109858,9154.83,42420,6304,2625,0,425,19342
2024-07-01,430,Enterprise,74613,6217.75,8137,16848,2924,0,25260,29500
2024-07-01,431,AI Suite,53909,4492.42,17402,851,4940,0,8006,5481
2024-07-01,432,Security,143930,11994.17,2421,18118,8496,0,11072,13248
2024-07-01,433,Core Platform,27873,2322.75,37586,10290,3274,0,7276,29777
2024-07-01,434,Security,32942,2745.17,18878,726,9894,0,28452,18994
2024-07-01,435,Core Platform,7291,607.58,34103,14436,7145,135651,19687,27794
2024-07-01,436,Enterprise,78211,6517.58,37038,15902,8180,0,10339,27846
2024-07-01,437,Core Platform,118896,9908.0,48703,17321,4223,0,18828,29947
2024-07-01,438,Analytics,121131,10094.25,36584,17386,4940,0,1981,9765
2024-07-01,439,Security,48450,4037.5,43127,5056,1333,0,2593,27542
2024-07-01,440,AI Suite,86925,7243.75,45006,4096,5081,0,7472,29972
2024-07-01,441,Security,56234,4686.17,9400,1606,5290,0,14599,15526
2024-07-01,442,AI Suite,27775,2314.58,39742,2234,6938,0,4145,6717
2024-07-01,443,Analytics,22355,1862.92,17587,9278,4831,0,5184,35947
2024-07-01,444,Enterprise,28757,2396.42,47652,6866,4716,0,776,7865
2024-07-01,445,Security,151526,12627.17,37616,13303,4659,0,12892,6533
2024-07-01,446,Core Platform,40858,3404.83,43857,4506,3676,0,3825,22439
2024-07-01,447,AI Suite,42611,3550.92,41379,13610,6654,0,25436,11760
2024-07-01,448,Core Platform,42570,3547.5,7620,15902,6540,0,3999,9569
2024-07-01,449,AI Suite,18111,1509.25,48198,19376,1265,128688,2295,25624
2024-07-01,450,Security,35162,2930.17,35695,4761,3012,0,27920,37967
2024-07-01,451,Security,100559,8379.92,10543,12709,95,0,23932,28663
2024-07-01,452,AI Suite,68761,5730.08,31396,19122,1843,0,22510,36406
2024-07-01,453,Security,144286,12023.83,17148,3385,2416,0,16475,30160
2024-07-01,454,Enterprise,37934,3161.17,24415,8195,2126,0,26162,37379
2024-07-01,455,Enterprise,64940,5411.67,42830,9395,6249,0,7265,11461
2024-07-01,456,Enterprise,88760,7396.67,48213,17634,5290,0,2456,2564
2024-07-01,457,Analytics,69835,5819.58,43390,10286,9656,0,18181,17682
2024-07-01,458,Analytics,94075,7839.58,28864,4649,6781,0,27638,2947
2024-07-01,459,Security,149071,12422.58,23214,16848,3445,0,14845,24492
2024-07-01,460,Enterprise,43019,3584.92,36157,17103,9185,0,23322,35961
2024-07-01,461,Core Platform,86137,7178.08,6371,11699,8358,0,18034,27801
2024-07-01,462,Enterprise,128573,10714.42,25798,3973,6484,0,25208,30428
2024-07-01,463,Analytics,121789,10149.08,33278,14755,4701,0,4881,30290
2024-07-01,464,Core Platform,71920,5993.33,43005,2312,310,0,18893,27010
2024-07-01,465,Enterprise,98295,8191.25,31721,12481,3914,0,2555,2875
2024-07-01,466,Security,32090,2674.17,10364,12209,2919,0,13345,5121
2024-07-01,467,Enterprise,20764,1730.33,41640,19741,5578,0,25206,38922
2024-07-01,468,AI Suite,132523,11043.58,15075,12696,6756,0,28561,22601
2024-07-01,469,Security,111756,9313.0,38675,4565,8130,0,14212,3837
2024-07-01,470,Enterprise,70412,5867.67,34901,12281,8112,0,5223,15036
2024-07-01,471,Enterprise,116447,9703.92,27876,10184,543,0,10476,28443
2024-07-01,472,Analytics,135535,11294.58,12298,16783,4424,0,19540,10864
2024-07-01,473,Analytics,149278,12439.83,29172,2208,378,0,15377,38724
2024-07-01,474,Security,61217,5101.42,11120,16598,3927,0,23352,7283
2024-07-01,475,Security,16746,1395.5,11633,12530,9110,0,11906,9799
2024-07-01,476,Enterprise,53143,4428.58,40783,7862,4657,0,19128,26098
2024-07-01,477,Analytics,116934,9744.5,19218,18026,7324,0,6578,3727
2024-07-01,478,Security,113781,9481.75,13907,768,7095,0,1371,33116
2024-07-01,479,Security,9812,817.67,11400,17120,7308,63355,1358,9608
2024-07-01,480,Security,17951,1495.92,22433,10256,7565,0,28446,614
2024-07-01,481,Enterprise,84160,7013.33,26925,15977,9761,0,23875,25608
2024-07-01,482,AI Suite,37535,3127.92,20506,5611,4556,0,26250,39342
2024-07-01,483,Core Platform,107735,8977.92,45025,18218,3834,0,13385,10298
2024-07-01,484,AI Suite,8794,732.83,21138,11487,2693,11216,14353,36287
2024-07-01,485,Security,94576,7881.33,25493,8835,2714,0,12988,28302
2024-07-01,486,Core Platform,100922,8410.17,47732,390,2732,0,18543,20122
2024-07-01,487,AI Suite,117536,9794.67,16310,9464,1496,0,23641,23313
2024-07-01,488,Analytics,44173,3681.08,12528,15967,4358,0,22694,27760
2024-07-01,489,Enterprise,95818,7984.83,20685,2925,2620,0,18333,18267
2024-07-01,490,Analytics,101904,8492.0,10502,12218,2627,0,18769,10343
2024-07-01,491,Security,72645,6053.75,11076,1910,9066,0,13125,12718
2024-07-01,492,AI Suite,49012,4084.33,36184,15203,3056,0,12783,27535
2024-07-01,493,AI Suite,139751,11645.92,4304,13642,6705,0,26137,25456
2024-07-01,494,AI Suite,69672,5806.0,37169,16003,6865,0,25993,16316
2024-07-01,495,Analytics,24150,2012.5,45306,14345,636,0,16417,6580
2024-07-01,496,Enterprise,94836,7903.0,45220,1195,6422,0,29894,13414
2024-07-01,497,Enterprise,54388,4532.33,6630,10709,3912,0,3089,29610
2024-07-01,498,Enterprise,96063,8005.25,14267,1678,416,0,20631,1620
2024-07-01,499,AI Suite,152763,12730.25,28098,10138,433,0,14593,19455
2024-07-01,500,Enterprise,141153,11762.75,32615,1243,5886,0,13691,19412
2024-08-01,1,Core Platform,84165,7013.75,33633,9838,7332,0,4307,1395
2024-08-01,2,Analytics,47460,3955.0,23241,2303,2330,0,28262,21568
2024-08-01,3,Analytics,136451,11370.92,5096,13634,5384,0,29214,10500
2024-08-01,4,Analytics,95055,7921.25,38037,19190,9649,0,14615,30534
2024-08-01,5,Enterprise,10246,853.83,12710,11493,1247,30382,25927,28742
2024-08-01,6,Enterprise,131440,10953.33,45502,7246,5150,0,14465,19381
2024-08-01,7,AI Suite,95559,7963.25,22353,13944,4167,0,26552,8577
2024-08-01,8,AI Suite,9875,822.92,6943,6054,1270,0,23847,32275
2024-08-01,9,Core Platform,28141,2345.08,13284,12146,8634,0,16959,4521
2024-08-01,10,AI Suite,69748,5812.33,47627,201,9535,0,4976,20643
2024-08-01,11,Enterprise,114125,9510.42,32113,14429,7470,0,15651,2779
2024-08-01,12,Enterprise,629,52.42,27262,551,9090,0,14396,15865
2024-08-01,13,Security,150820,12568.33,26831,14333,8459,0,14474,4481
2024-08-01,14,Core Platform,83394,6949.5,15981,1253,2517,0,27792,31377
2024-08-01,15,Security,34553,2879.42,25825,7884,9403,0,17159,25775
2024-08-01,16,Security,128807,10733.92,47935,17946,5439,0,6107,31958
2024-08-01,17,Analytics,94721,7893.42,4845,16392,2841,0,10453,6762
2024-08-01,18,AI Suite,50227,4185.58,20529,16573,2429,0,14801,27184
2024-08-01,19,Security,72948,6079.0,34561,10415,1431,0,2608,27646
2024-08-01,20,Analytics,129416,10784.67,37281,12314,6749,0,9431,2245
2024-08-01,21,Enterprise,153760,12813.33,38597,12888,3867,0,9582,12926
2024-08-01,22,Enterprise,139704,11642.0,24331,5010,9144,0,28329,36949
2024-08-01,23,Analytics,0,0.0,15511,1645,9937,85365,27203,38092
2024-08-01,24,AI Suite,84430,7035.83,37074,16007,3932,0,6529,38963
2024-08-01,25,AI Suite,73352,6112.67,12750,1699,7748,0,29476,21013
2024-08-01,26,AI Suite,94781,7898.42,22173,6898,3074,0,5300,63
2024-08-01,27,Core Platform,39803,3316.92,7947,8512,7805,0,5359,11634
2024-08-01,28,Analytics,111683,9306.92,15335,18987,6416,0,23859,551
2024-08-01,29,Enterprise,145051,12087.58,14534,2278,3952,0,4419,10468
2024-08-01,30,Security,13385,1115.42,2721,16043,2658,134909,8900,39798
2024-08-01,31,Enterprise,33232,2769.33,37515,17654,8946,0,15603,29174
2024-08-01,32,Analytics,33136,2761.33,6696,984,5005,0,20547,31963
2024-08-01,33,AI Suite,112863,9405.25,1427,710,2881,0,2,35223
2024-08-01,34,AI Suite,141041,11753.42,1969,3944,4678,0,29311,25348
2024-08-01,35,AI Suite,157273,13106.08,49549,18001,687,0,28906,27814
2024-08-01,36,Core Platform,5278,439.83,10001,3041,6076,0,13502,34475
2024-08-01,37,AI Suite,44117,3676.42,23854,11855,1344,0,24614,24771
2024-08-01,38,Enterprise,108903,9075.25,34900,12587,8077,0,29690,19597
2024-08-01,39,AI Suite,22764,1897.0,9128,12839,4854,0,13229,33360
2024-08-01,40,Security,130944,10912.0,8002,13334,985,0,5295,32006
2024-08-01,41,Core Platform,29266,2438.83,5134,5655,9192,0,2448,2714
2024-08-01,42,Enterprise,121468,10122.33,16828,214,4683,0,3739,36920
2024-08-01,43,AI Suite,105897,8824.75,44272,7484,669,0,21485,14931
2024-08-01,44,Core Platform,144487,12040.58,28015,16628,9381,0,27725,21364
2024-08-01,45,AI Suite,131355,10946.25,28172,16940,9876,0,11472,38513
2024-08-01,46,Core Platform,135493,11291.08,31651,11255,1368,0,27908,6805
2024-08-01,47,AI Suite,61377,5114.75,26069,8998,7019,0,1637,26893
2024-08-01,48,Enterprise,76834,6402.83,16177,448,51,0,755,18527
2024-08-01,49,AI Suite,121981,10165.08,20952,18228,4611,0,26604,36362
2024-08-01,50,AI Suite,104368,8697.33,18890,16299,3833,0,25978,25964
2024-08-01,51,Analytics,146810,12234.17,13395,15065,5429,0,28565,14658
2024-08-01,52,Security,80907,6742.25,47282,12805,9925,0,14989,17064
2024-08-01,53,AI Suite,37538,3128.17,25606,15669,1563,0,10679,9087
2024-08-01,54,Core Platform,125712,10476.0,11848,10510,877,0,2870,6512
2024-08-01,55,Core Platform,151556,12629.67,29480,16365,8531,0,1247,14773
2024-08-01,56,AI Suite,73773,6147.75,30223,15373,1699,0,28363,23598
2024-08-01,57,Core Platform,11844,987.0,2664,9995,9911,0,6790,18254
2024-08-01,58,Analytics,84227,7018.92,41780,18871,2922,0,22872,12115
2024-08-01,59,AI Suite,85095,7091.25,34155,1976,5298,0,13718,5036
2024-08-01,60,Core Platform,20736,1728.0,4804,1637,957,0,27382,37045
2024-08-01,61,Analytics,117728,9810.67,8258,18540,6873,0,5772,3075
2024-08-01,62,Enterprise,123928,10327.33,26132,8685,9357,0,8890,1445
2024-08-01,63,Analytics,122178,10181.5,29677,4229,1534,0,10345,30807
2024-08-01,64,Enterprise,95006,7917.17,8036,10166,1978,0,27420,24037
2024-08-01,65,Analytics,103298,8608.17,1147,16968,2119,0,13171,20660
2024-08-01,66,Analytics,86180,7181.67,29229,16836,1915,0,15996,35900
2024-08-01,67,Core Platform,10994,916.17,9719,7194,7604,0,12014,35165
2024-08-01,68,Core Platform,55333,4611.08,45796,885,7516,0,10298,31031
2024-08-01,69,Core Platform,151904,12658.67,34613,11794,3575,0,26297,23709
2024-08-01,70,Enterprise,105570,8797.5,47316,7116,2025,0,21939,13018
2024-08-01,71,Enterprise,61790,5149.17,9489,11002,509,0,12776,27426
2024-08-01,72,Security,117484,9790.33,33898,12690,3461,0,15297,18271
2024-08-01,73,Core Platform,149107,12425.58,9100,4935,2897,0,23753,19655
2024-08-01,74,Core Platform,40383,3365.25,36658,13113,1818,0,20665,17228
2024-08-01,75,Enterprise,99697,8308.08,37831,13091,692,0,4407,36984
2024-08-01,76,AI Suite,902,75.17,2397,5639,4737,132234,26567,6950
2024-08-01,77,Analytics,32359,2696.58,2066,12731,6687,0,29847,35978
2024-08-01,78,Core Platform,141809,11817.42,31779,14299,212,0,8674,29679
2024-08-01,79,Analytics,73760,6146.67,43145,9909,2217,0,27530,2185
2024-08-01,80,Core Platform,48135,4011.25,24614,14075,938,0,21739,8902
2024-08-01,81,Analytics,91797,7649.75,30308,1577,4388,0,4462,37049
2024-08-01,82,Security,65266,5438.83,39755,10071,6567,0,23424,19063
2024-08-01,83,Enterprise,59036,4919.67,48703,13134,3532,0,24282,27311
2024-08-01,84,Analytics,47113,3926.08,31428,1111,3784,0,12729,37546
2024-08-01,85,Analytics,101127,8427.25,49244,1539,8643,0,16906,26115
2024-08-01,86,AI Suite,126618,10551.5,21184,3220,6598,0,13072,22975
2024-08-01,87,Core Platform,106048,8837.33,8886,19695,7788,0,9838,6676
2024-08-01,88,AI Suite,115259,9604.92,30138,7930,2464,0,2801,710
2024-08-01,89,Core Platform,108457,9038.08,23025,40,7771,0,4368,6963
2024-08-01,90,Core Platform,107968,8997.33,36724,19594,222,0,17912,32628
2024-08-01,91,Core Platform,84089,7007.42,2731,5068,7318,0,16376,19384
2024-08-01,92,Security,2612,217.67,5863,4248,7108,0,25578,22777
2024-08-01,93,Core Platform,97791,8149.25,9276,12424,9172,0,28414,29144
2024-08-01,94,AI Suite,112967,9413.92,34751,14800,9929,0,21613,28466
2024-08-01,95,Enterprise,58828,4902.33,21122,4080,710,0,29262,25520
2024-08-01,96,Security,52434,4369.5,15501,15882,185,0,2332,13927
2024-08-01,97,AI Suite,79881,6656.75,31712,12630,1107,0,25188,16347
2024-08-01,98,Core Platform,33394,2782.83,32382,19641,7421,0,18304,34108
2024-08-01,99,Enterprise,102551,8545.92,35976,8193,8557,0,17224,32850
2024-08-01,100,AI Suite,77352,6446.0,31785,14696,5378,0,12496,33252
2024-08-01,101,Security,72014,6001.17,19644,7625,6628,0,7295,5484
2024-08-01,102,Security,54094,4507.83,2638,9086,476,0,5458,12724
2024-08-01,103,Security,69979,5831.58,42935,1440,8350,0,14885,1531
2024-08-01,104,AI Suite,130732,10894.33,3367,8312,3876,0,23929,21249
2024-08-01,105,Enterprise,10853,904.42,2794,5460,8557,0,26361,29279
2024-08-01,106,Enterprise,102668,8555.67,2271,12546,8589,0,2098,9320
2024-08-01,107,AI Suite,156436,13036.33,45322,8061,1169,0,20666,1690
2024-08-01,108,Core Platform,123288,10274.0,39870,11475,431,0,14481,28276
2024-08-01,109,Analytics,17795,1482.92,4468,7249,4225,0,20668,32905
2024-08-01,110,Enterprise,130671,10889.25,38898,15728,3339,0,20182,18395
2024-08-01,111,Core Platform,144088,12007.33,10958,7507,8297,0,15387,11010
2024-08-01,112,Analytics,108798,9066.5,20550,6208,6601,0,2289,16255
2024-08-01,113,Security,141606,11800.5,30024,16318,5043,0,11810,38134
2024-08-01,114,AI Suite,100172,8347.67,26461,17008,510,0,7684,6303
2024-08-01,115,Enterprise,2306,192.17,30262,131,7400,0,4434,2775
2024-08-01,116,AI Suite,152927,12743.92,49442,17049,4322,0,21801,19957
2024-08-01,117,Core Platform,48470,4039.17,10960,12181,5757,0,7111,17544
2024-08-01,118,Analytics,142007,11833.92,16297,1451,7686,0,27286,36083
2024-08-01,119,Analytics,147734,12311.17,26902,6429,6366,0,20903,7066
2024-08-01,120,Security,18966,1580.5,10168,521,5479,0,23518,1117
2024-08-01,121,Security,87770,7314.17,29456,4765,3427,0,7842,19512
2024-08-01,122,Security,69843,5820.25,45418,11284,8138,0,27004,21812
2024-08-01,123,Core Platform,119713,9976.08,28408,12908,5923,0,20855,32107
2024-08-01,124,Enterprise,135212,11267.67,18977,11803,2158,0,16207,12464
2024-08-01,125,Security,147824,12318.67,37350,19130,555,0,25675,3875
2024-08-01,126,Analytics,39282,3273.5,21293,16549,550,0,16799,29222
2024-08-01,127,Enterprise,122411,10200.92,34964,407,8303,0,15531,38395
2024-08-01,128,Enterprise,25073,2089.42,4492,14007,118,0,11001,15238
2024-08-01,129,Core Platform,35004,2917.0,25186,15797,5826,0,5071,38354
2024-08-01,130,Core Platform,132837,11069.75,16461,4020,1491,0,762,38311
2024-08-01,131,Security,106547,8878.92,5260,14095,6990,0,11998,25532
2024-08-01,132,AI Suite,131451,10954.25,49835,2510,7047,0,23059,23910
2024-08-01,133,Analytics,18884,1573.67,13495,6274,4413,0,22934,470
2024-08-01,134,Core Platform,59627,4968.92,30431,7389,3252,0,6620,11694
2024-08-01,135,Enterprise,124205,10350.42,10298,11713,4286,0,3668,22371
2024-08-01,136,AI Suite,131761,10980.08,19878,6141,6586,0,19583,4982
2024-08-01,137,Enterprise,110611,9217.58,48591,14157,7005,0,14226,7502
2024-08-01,138,Enterprise,92852,7737.67,11535,13184,7752,0,7996,28089
2024-08-01,139,Analytics,112774,9397.83,35631,692,1223,0,6611,25329
2024-08-01,140,Analytics,91482,7623.5,7227,18594,3359,0,7615,18413
2024-08-01,141,Core Platform,118175,9847.92,20356,2416,5879,0,25692,25904
2024-08-01,142,Security,75520,6293.33,43046,7033,5033,0,21049,21561
2024-08-01,143,Enterprise,151657,12638.08,23692,6677,3840,0,26818,14175
2024-08-01,144,Analytics,116716,9726.33,13719,6821,1734,0,6719,4528
2024-08-01,145,Analytics,66794,5566.17,38844,15717,3600,0,27279,14824
2024-08-01,146,Enterprise,25838,2153.17,41865,10041,9034,0,9790,23313
2024-08-01,147,Security,82015,6834.58,35267,5503,7427,0,1450,22630
2024-08-01,148,Core Platform,5508,459.0,10316,78,3452,0,17156,26832
2024-08-01,149,Enterprise,37958,3163.17,45654,199,1577,0,14475,25179
2024-08-01,150,Analytics,102958,8579.83,5119,15356,2207,0,14669,15814
2024-08-01,151,Enterprise,54329,4527.42,44042,9777,9427,0,6075,7189
2024-08-01,152,Core Platform,91720,7643.33,3351,8049,1054,0,16925,16458
2024-08-01,153,Security,59277,4939.75,38058,4300,758,0,10329,18425
2024-08-01,154,Security,91749,7645.75,33954,13177,1494,0,5757,970
2024-08-01,155,Security,82784,6898.67,45127,3976,3623,0,17526,30704
2024-08-01,156,Security,59227,4935.58,21987,6401,808,0,18212,25763
2024-08-01,157,Security,148343,12361.92,23818,8134,4378,0,6825,14747
2024-08-01,158,Security,142345,11862.08,34553,6463,2556,0,21283,25246
2024-08-01,159,Core Platform,90299,7524.92,43617,11953,6463,0,21497,16583
2024-08-01,160,Analytics,21782,1815.17,3653,9001,8766,0,23369,22310
2024-08-01,161,Analytics,55515,4626.25,3072,14160,1661,0,173,25941
2024-08-01,162,AI Suite,127733,10644.42,44890,4102,1021,0,15465,11641
2024-08-01,163,AI Suite,115112,9592.67,36458,18330,1271,0,2454,16040
2024-08-01,164,Core Platform,67011,5584.25,33519,11209,9182,0,13787,8230
2024-08-01,165,Enterprise,84507,7042.25,48170,16300,8183,0,12147,16544
2024-08-01,166,Security,25315,2109.58,3379,8627,4611,0,3837,20051
2024-08-01,167,Security,120675,10056.25,15006,17110,981,0,11085,512
2024-08-01,168,Security,85200,7100.0,12342,497,4751,0,23273,12641
2024-08-01,169,Security,18221,1518.42,41284,3252,5158,0,22906,33884
2024-08-01,170,Analytics,22955,1912.92,10211,5766,2731,0,1750,21427
2024-08-01,171,Enterprise,84647,7053.92,22574,15577,2320,0,21541,10759
2024-08-01,172,Analytics,122975,10247.92,9065,19883,2995,0,4257,18370
2024-08-01,173,Security,137411,11450.92,14770,8504,4896,0,1095,5144
2024-08-01,174,Enterprise,14916,1243.0,9276,8767,8858,0,898,36648
2024-08-01,175,Core Platform,59685,4973.75,26866,2581,2598,0,27116,27345
2024-08-01,176,Security,90643,7553.58,16606,10397,5173,0,15487,22736
2024-08-01,177,AI Suite,100789,8399.08,25778,19926,2764,0,19827,39205
2024-08-01,178,Analytics,114233,9519.42,2075,15612,6956,0,3590,10298
2024-08-01,179,AI Suite,57089,4757.42,5569,7897,7647,0,13728,11891
2024-08-01,180,Security,120602,10050.17,5915,20,1932,0,24062,3611
2024-08-01,181,Core Platform,57065,4755.42,33320,9272,7463,0,25563,27758
2024-08-01,182,Enterprise,101023,8418.58,23948,10479,7157,0,6075,24764
2024-08-01,183,Enterprise,107989,8999.08,8524,17364,7977,0,12900,23587
2024-08-01,184,AI Suite,14010,1167.5,49129,16465,8049,0,2634,27993
2024-08-01,185,AI Suite,105327,8777.25,21488,1869,6767,0,8883,11783
2024-08-01,186,AI Suite,76873,6406.08,23493,7473,2594,0,22904,5467
2024-08-01,187,Analytics,108319,9026.58,3186,3365,3321,0,19509,2601
2024-08-01,188,AI Suite,44610,3717.5,31876,18226,332,0,29385,5484
2024-08-01,189,Core Platform,77527,6460.58,48707,4527,4698,0,10607,38836
2024-08-01,190,Core Platform,51703,4308.58,7760,14935,1848,0,17423,10577
2024-08-01,191,Enterprise,152738,12728.17,8507,17703,9206,0,11772,22204
2024-08-01,192,Enterprise,76935,6411.25,5212,7079,5013,0,8369,23475
2024-08-01,193,Core Platform,20221,1685.08,28468,11239,1091,0,19306,7864
2024-08-01,194,Security,21309,1775.75,8899,6461,9188,0,8157,34491
2024-08-01,195,Enterprise,63329,5277.42,31780,17831,1927,0,26586,74
2024-08-01,196,Security,41656,3471.33,34548,8593,7897,0,6107,32882
2024-08-01,197,Analytics,125204,10433.67,21570,10290,6577,0,26894,13350
2024-08-01,198,Enterprise,61401,5116.75,33141,10929,6528,0,12945,33405
2024-08-01,199,AI Suite,54358,4529.83,41960,16911,7076,0,25956,27544
2024-08-01,200,AI Suite,58120,4843.33,40552,12468,6235,0,4659,18407
2024-08-01,201,Enterprise,83885,6990.42,23774,3580,1028,0,5481,3352
2024-08-01,202,Enterprise,59408,4950.67,33769,4043,6086,0,17023,28622
2024-08-01,203,AI Suite,35445,2953.75,40164,3885,8465,0,28691,34164
2024-08-01,204,Security,142768,11897.33,18767,2868,3079,0,12938,27821
2024-08-01,205,Enterprise,101001,8416.75,13424,5044,8129,0,22396,23751
2024-08-01,206,AI Suite,55262,4605.17,10170,3993,2682,0,16665,2374
2024-08-01,207,Core Platform,15792,1316.0,48023,11232,4569,0,25000,28303
2024-08-01,208,Analytics,66601,5550.08,15306,6355,8476,0,9501,25822
2024-08-01,209,Enterprise,117652,9804.33,3937,10196,5860,0,625,19267
2024-08-01,210,Enterprise,62352,5196.0,5501,394,1428,0,29131,31095
2024-08-01,211,Security,128732,10727.67,48720,9359,6605,0,24771,26351
2024-08-01,212,Core Platform,49394,4116.17,24331,18258,5194,0,24256,19967
2024-08-01,213,Core Platform,35004,2917.0,11959,11408,6117,0,12676,20070
2024-08-01,214,AI Suite,115987,9665.58,29654,8879,5516,0,3228,4467
2024-08-01,215,Core Platform,32670,2722.5,2731,10226,5331,0,14771,276
2024-08-01,216,Analytics,39565,3297.08,37047,16771,5014,0,15517,6759
2024-08-01,217,AI Suite,124065,10338.75,16492,18342,5960,0,24006,6584
2024-08-01,218,Core Platform,22809,1900.75,4374,12055,4724,0,24719,36136
2024-08-01,219,Security,125410,10450.83,32994,12491,2530,0,29648,7645
2024-08-01,220,Security,94539,7878.25,32893,11223,4596,0,1003,18871
2024-08-01,221,Analytics,13747,1145.58,26463,3794,1068,0,22749,10589
2024-08-01,222,Analytics,121775,10147.92,22573,16011,6956,0,1823,3387
2024-08-01,223,Security,40518,3376.5,33858,3351,4837,0,22605,23388
2024-08-01,224,Analytics,147920,12326.67,31559,19908,9937,0,4282,29645
2024-08-01,225,Security,85620,7135.0,39387,13121,6746,0,23891,24745
2024-08-01,226,Analytics,54974,4581.17,49573,1057,2557,0,23113,32772
2024-08-01,227,AI Suite,10948,912.33,28475,12371,6948,0,24200,1474
2024-08-01,228,AI Suite,42347,3528.92,20656,7015,2965,0,601,1184
2024-08-01,229,Core Platform,68073,5672.75,21370,6176,6643,0,20769,24973
2024-08-01,230,Security,137984,11498.67,4889,6716,8215,0,16520,19678
2024-08-01,231,Core Platform,9663,805.25,33844,5392,3739,0,9221,35821
2024-08-01,232,Analytics,47464,3955.33,5860,9270,3775,0,11649,1538
2024-08-01,233,AI Suite,38169,3180.75,48025,1711,7816,0,24592,20652
2024-08-01,234,Analytics,122477,10206.42,21821,2277,5833,0,17637,16398
2024-08-01,235,Enterprise,23384,1948.67,2027,4844,8386,0,23170,28395
2024-08-01,236,AI Suite,66808,5567.33,31164,13451,98,0,16643,22486
2024-08-01,237,Security,18747,1562.25,16172,6578,8716,0,7167,172
2024-08-01,238,Analytics,14794,1232.83,48754,10792,4637,0,24991,17853
2024-08-01,239,Enterprise,63887,5323.92,42288,14549,6718,0,16191,4888
2024-08-01,240,Security,150442,12536.83,18211,12039,8656,0,28776,32152
2024-08-01,241,Security,34690,2890.83,17293,6044,7730,0,11238,32204
2024-08-01,242,AI Suite,54704,4558.67,7525,7902,4628,0,1470,23245
2024-08-01,243,Security,68858,5738.17,12593,11773,6272,0,28535,14420
2024-08-01,244,Analytics,108627,9052.25,39259,19948,7814,0,6887,26592
2024-08-01,245,Security,30070,2505.83,26193,16801,6691,0,4541,21828
2024-08-01,246,Analytics,76826,6402.17,11321,2830,9334,0,29874,4575
2024-08-01,247,Security,97630,8135.83,10836,18131,6683,0,11556,34229
2024-08-01,248,Core Platform,105327,8777.25,14901,536,4685,0,25742,10792
2024-08-01,249,AI Suite,133158,11096.5,48674,17966,5787,0,6373,27856
2024-08-01,250,Analytics,72340,6028.33,9517,15738,6450,0,81,12450
2024-08-01,251,AI Suite,68248,5687.33,38320,13100,2394,0,14588,21260
2024-08-01,252,Security,8252,687.67,10229,16364,8112,26848,17442,25135
2024-08-01,253,Security,71255,5937.92,12966,3656,7928,0,219,18095
2024-08-01,254,Analytics,57918,4826.5,33554,15554,959,0,24459,37730
2024-08-01,255,Analytics,52449,4370.75,6814,4231,9091,0,5254,6939
2024-08-01,256,Enterprise,82509,6875.75,11472,16211,2328,0,18748,37340
2024-08-01,257,AI Suite,122793,10232.75,14682,8425,6199,0,10250,25413
2024-08-01,258,Core Platform,100287,8357.25,17832,3801,2761,0,80,21858
2024-08-01,259,Core Platform,30585,2548.75,32049,13512,4753,0,15516,28752
2024-08-01,260,AI Suite,138834,11569.5,1273,1161,8039,0,1270,32322
2024-08-01,261,AI Suite,151705,12642.08,24646,12117,7535,0,29854,24596
2024-08-01,262,AI Suite,62089,5174.08,13726,16807,3537,0,26966,333
2024-08-01,263,Security,113932,9494.33,43703,5325,7234,0,19556,14576
2024-08-01,264,Core Platform,58529,4877.42,17150,4140,7093,0,25827,5927
2024-08-01,265,AI Suite,140790,11732.5,42583,16063,8149,0,19320,32964
2024-08-01,266,Core Platform,127201,10600.08,42174,11945,2630,0,12920,7623
2024-08-01,267,Enterprise,130594,10882.83,39878,18322,1617,0,12702,24439
2024-08-01,268,Core Platform,58453,4871.08,17124,19750,212,0,5517,24371
2024-08-01,269,Enterprise,129442,10786.83,42708,5857,4667,0,16458,34549
2024-08-01,270,Analytics,132780,11065.0,23483,8208,5963,0,11872,24685
2024-08-01,271,Core Platform,31632,2636.0,46017,10912,1249,0,8263,18302
2024-08-01,272,Analytics,108346,9028.83,33471,2685,162,0,7562,28254
2024-08-01,273,Enterprise,28864,2405.33,43196,5611,3724,0,19051,3090
2024-08-01,274,Security,145135,12094.58,2851,4688,7474,0,29799,27983
2024-08-01,275,Core Platform,64604,5383.67,27962,6812,5199,0,29545,11931
2024-08-01,276,AI Suite,58694,4891.17,40703,16155,1890,0,10774,11284
2024-08-01,277,Security,143966,11997.17,7116,18745,9389,0,2745,36478
2024-08-01,278,Analytics,15857,1321.42,25444,18232,2375,75128,25192,36385
2024-08-01,279,Enterprise,148256,12354.67,10220,13743,3679,0,23082,19085
2024-08-01,280,AI Suite,24116,2009.67,6224,15976,3403,0,19506,19024
2024-08-01,281,AI Suite,75741,6311.75,29808,4596,2277,0,25989,10556
2024-08-01,282,Analytics,130902,10908.5,48375,14986,9705,0,8199,26411
2024-08-01,283,Analytics,126115,10509.58,22844,12993,3019,0,1913,22050
2024-08-01,284,Security,136622,11385.17,12711,12509,7887,0,9210,15548
2024-08-01,285,AI Suite,124487,10373.92,39071,3382,5670,0,18860,23978
2024-08-01,286,Core Platform,27674,2306.17,41761,14717,1395,0,14311,19501
2024-08-01,287,Security,60764,5063.67,28471,16765,523,0,22852,27269
2024-08-01,288,Core Platform,13841,1153.42,22280,7357,7670,0,29047,20843
2024-08-01,289,Security,47147,3928.92,21210,15542,9146,0,14521,15611
2024-08-01,290,Analytics,99732,8311.0,4414,11627,1327,0,9234,29762
2024-08-01,291,AI Suite,139626,11635.5,36852,5377,4484,0,20928,7854
2024-08-01,292,Enterprise,102094,8507.83,9301,12353,7167,0,10248,4435
2024-08-01,293,Security,106452,8871.0,1689,8960,4344,0,24216,15424
2024-08-01,294,AI Suite,61081,5090.08,34034,9009,249,0,21136,6748
2024-08-01,295,AI Suite,44612,3717.67,2919,16664,3710,0,21384,285
2024-08-01,296,Analytics,6180,515.0,35231,6206,26,137836,20522,18124
2024-08-01,297,AI Suite,83790,6982.5,6582,18282,9096,0,23297,36352
2024-08-01,298,Enterprise,88906,7408.83,32768,13754,1267,0,23612,16153
2024-08-01,299,AI Suite,164082,13673.5,24484,15517,372,0,18539,12184
2024-08-01,300,AI Suite,143517,11959.75,28516,12560,807,0,22652,9700
2024-08-01,301,Core Platform,4861,405.08,17829,6752,1891,14454,18040,18586
2024-08-01,302,Analytics,71128,5927.33,35424,19211,7908,0,10855,5582
2024-08-01,303,Core Platform,23382,1948.5,23774,7439,9660,0,6117,22684
2024-08-01,304,Analytics,39210,3267.5,21307,19921,3669,0,20995,4738
2024-08-01,305,AI Suite,21728,1810.67,20589,3671,1334,0,28902,36746
2024-08-01,306,Analytics,109705,9142.08,47712,699,5623,0,9115,2435
2024-08-01,307,AI Suite,56887,4740.58,43157,3594,8185,0,14216,11992
2024-08-01,308,Enterprise,49342,4111.83,45709,14612,4309,0,12385,22972
2024-08-01,309,Security,92127,7677.25,12352,18669,3261,0,11176,29824
2024-08-01,310,Core Platform,49928,4160.67,20973,7482,3599,0,16238,33811
2024-08-01,311,Security,61484,5123.67,42206,14670,7747,0,10930,6418
2024-08-01,312,Security,33162,2763.5,31989,13388,4122,0,5816,15313
2024-08-01,313,Security,45020,3751.67,30735,4334,1709,0,28495,4909
2024-08-01,314,AI Suite,146075,12172.92,34647,16172,4494,0,8582,3164
2024-08-01,315,Enterprise,30702,2558.5,28321,3939,9716,0,24556,29836
2024-08-01,316,Security,83968,6997.33,32734,17125,2108,0,9055,5730
2024-08-01,317,Analytics,122566,10213.83,6715,19544,8101,0,25153,13296
2024-08-01,318,AI Suite,43619,3634.92,12320,8273,2845,0,13449,4641
2024-08-01,319,Enterprise,152817,12734.75,25367,18277,6394,0,14994,37169
2024-08-01,320,Enterprise,29313,2442.75,19707,11643,8254,0,24247,38199
2024-08-01,321,Analytics,95021,7918.42,46933,12441,6077,0,28472,20706
2024-08-01,322,Security,147027,12252.25,15058,10785,2398,0,15154,31917
2024-08-01,323,Analytics,23105,1925.42,4310,12862,5089,0,16158,17322
2024-08-01,324,AI Suite,32209,2684.08,7674,14381,4612,0,11057,31070
2024-08-01,325,Security,133108,11092.33,1935,16729,2279,0,18338,13615
2024-08-01,326,Security,20337,1694.75,35061,18354,9505,0,20368,19182
2024-08-01,327,Analytics,47905,3992.08,26345,2112,7378,0,7171,28464
2024-08-01,328,AI Suite,126842,10570.17,4017,1852,2124,0,6440,13600
2024-08-01,329,Security,9585,798.75,40683,3075,6495,0,18514,7330
2024-08-01,330,Analytics,40757,3396.42,14049,2116,5857,0,22238,20497
2024-08-01,331,Security,35278,2939.83,28547,9089,1660,0,15652,10801
2024-08-01,332,Core Platform,95313,7942.75,26313,11830,8582,0,8029,9897
2024-08-01,333,AI Suite,26833,2236.08,15387,9959,4875,0,2259,10261
2024-08-01,334,AI Suite,155454,12954.5,20084,6510,351,0,26264,32244
2024-08-01,335,Analytics,106474,8872.83,27612,3214,8442,0,19248,8355
2024-08-01,336,Security,12379,1031.58,31929,3549,1756,0,2945,10225
2024-08-01,337,Analytics,74346,6195.5,47880,11429,360,0,16762,38718
2024-08-01,338,Core Platform,68032,5669.33,34687,10081,9163,0,24391,15834
2024-08-01,339,Enterprise,138064,11505.33,46640,13560,8323,0,18182,10330
2024-08-01,340,Core Platform,68433,5702.75,33559,4426,4138,0,17895,4278
2024-08-01,341,Analytics,53917,4493.08,43893,2993,6525,0,13561,19446
2024-08-01,342,Analytics,44734,3727.83,48248,2419,974,0,379,33991
2024-08-01,343,AI Suite,27638,2303.17,29778,3761,9704,0,2868,26163
2024-08-01,344,Enterprise,25106,2092.17,20107,4618,2536,0,10333,36301
2024-08-01,345,Security,34222,2851.83,12494,13138,369,0,24279,13970
2024-08-01,346,Enterprise,6204,517.0,31905,14237,8033,93634,25962,32301
2024-08-01,347,Core Platform,113226,9435.5,10915,17194,4441,0,26715,2150
2024-08-01,348,Enterprise,58235,4852.92,20683,17588,5185,0,15606,4157
2024-08-01,349,Core Platform,152680,12723.33,34534,5381,2674,0,27272,36508
2024-08-01,350,Core Platform,128971,10747.58,31813,12880,2731,0,21032,9379
2024-08-01,351,Analytics,71418,5951.5,35782,15362,6140,0,15097,39741
2024-08-01,352,Analytics,33580,2798.33,23855,8155,4514,0,12268,18766
2024-08-01,353,AI Suite,130984,10915.33,2339,18108,4093,0,12604,21652
2024-08-01,354,Security,98684,8223.67,45226,9751,3741,0,10329,8594
2024-08-01,355,Security,89993,7499.42,12836,2600,8802,0,8413,23372
2024-08-01,356,AI Suite,5265,438.75,23671,4725,6065,0,13150,9593
2024-08-01,357,Analytics,152574,12714.5,9652,19017,2808,0,5225,35940
2024-08-01,358,Analytics,149279,12439.92,43752,17972,4165,0,21700,21783
2024-08-01,359,Analytics,159692,13307.67,27783,14102,1113,0,1176,29882
2024-08-01,360,Security,101616,8468.0,4863,3904,1183,0,23851,4074
2024-08-01,361,AI Suite,123690,10307.5,41847,11787,679,0,12534,13414
2024-08-01,362,Analytics,75288,6274.0,37518,12522,3448,0,22506,22017
2024-08-01,363,Enterprise,18067,1505.58,3727,7014,5578,0,24540,3829
2024-08-01,364,Analytics,132472,11039.33,12059,5823,5779,0,19796,28062
2024-08-01,365,Enterprise,111955,9329.58,19194,342,5958,0,14381,34439
2024-08-01,366,Core Platform,22557,1879.75,9631,9180,3230,0,8063,361
2024-08-01,367,Core Platform,9315,776.25,22054,17325,8010,141711,119,22576
2024-08-01,368,Core Platform,71809,5984.08,47625,13173,7249,0,6102,13124
2024-08-01,369,Analytics,109862,9155.17,38323,5091,5354,0,11322,4318
2024-08-01,370,Analytics,30721,2560.08,37212,19311,9275,0,20079,30134
2024-08-01,371,Core Platform,94686,7890.5,29326,2961,6337,0,8118,7392
2024-08-01,372,Core Platform,43067,3588.92,23730,1809,2151,0,6244,3730
2024-08-01,373,Analytics,62567,5213.92,15165,13118,6321,0,22452,24417
2024-08-01,374,Core Platform,139210,11600.83,16020,5731,2959,0,15574,17593
2024-08-01,375,Enterprise,108073,9006.08,44842,5916,2290,0,13124,591
2024-08-01,376,Core Platform,123092,10257.67,35271,16011,3168,0,1723,17246
2024-08-01,377,Enterprise,33947,2828.92,21938,2143,3805,0,15866,26790
2024-08-01,378,Security,40427,3368.92,35919,8110,1343,0,29633,21732
2024-08-01,379,Enterprise,83542,6961.83,16274,16872,9263,0,10761,4348
2024-08-01,380,Enterprise,67187,5598.92,20629,4164,645,0,762,2211
2024-08-01,381,AI Suite,106272,8856.0,46671,1216,1848,0,2634,28715
2024-08-01,382,Analytics,120901,10075.08,42791,3894,8268,0,13144,36714
2024-08-01,383,Core Platform,135934,11327.83,7277,4892,3769,0,1287,29370
2024-08-01,384,Enterprise,49477,4123.08,3758,271,3703,0,4723,17488
2024-08-01,385,Enterprise,144408,12034.0,40893,12445,1614,0,17578,37731
2024-08-01,386,Enterprise,54560,4546.67,9758,5774,2603,0,29188,32168
2024-08-01,387,Security,117878,9823.17,25039,4967,7676,0,20489,8047
2024-08-01,388,Analytics,125649,10470.75,44547,16159,245,0,16680,34869
2024-08-01,389,AI Suite,47891,3990.92,49628,12005,1879,0,15432,36364
2024-08-01,390,AI Suite,1624,135.33,44365,2122,498,72366,11746,2939
2024-08-01,391,Analytics,70499,5874.92,27899,15369,2610,0,28245,38288
2024-08-01,392,Security,74613,6217.75,8192,3840,1203,0,11296,22324
2024-08-01,393,Analytics,113723,9476.92,3523,11936,1785,0,14965,968
2024-08-01,394,AI Suite,152019,12668.25,19332,17790,4216,0,20872,11104
2024-08-01,395,Analytics,45967,3830.58,28364,13755,4524,0,19533,37641
2024-08-01,396,Core Platform,100290,8357.5,14724,18786,2717,0,15522,3997
2024-08-01,397,Enterprise,135302,11275.17,39704,9780,7279,0,8152,22209
2024-08-01,398,Enterprise,11834,986.17,15095,1808,2354,0,15839,5456
2024-08-01,399,Core Platform,55589,4632.42,44455,2424,1470,0,29299,36119
2024-08-01,400,Enterprise,66256,5521.33,2460,13951,1726,0,6813,36690
2024-08-01,401,Security,91287,7607.25,13976,3307,117,0,19765,5662
2024-08-01,402,Enterprise,44353,3696.08,32327,7594,3714,0,14773,16369
2024-08-01,403,Core Platform,10299,858.25,1406,6273,5603,0,6282,15443
2024-08-01,404,Security,128891,10740.92,17466,7459,1856,0,23728,25553
2024-08-01,405,AI Suite,95736,7978.0,16503,12127,6746,0,17166,15711
2024-08-01,406,AI Suite,39676,3306.33,24687,11361,6337,0,9421,34360
2024-08-01,407,Enterprise,54811,4567.58,33604,6086,6225,0,9654,35882
2024-08-01,408,Core Platform,83079,6923.25,1488,7129,367,0,24139,32397
2024-08-01,409,Security,47588,3965.67,18041,7874,2100,0,20466,13208
2024-08-01,410,AI Suite,50263,4188.58,24883,6914,1978,0,5194,7209
2024-08-01,411,Analytics,133937,11161.42,33604,788,7204,0,4693,9723
2024-08-01,412,Core Platform,160297,13358.08,4281,16849,6300,0,23683,4168
2024-08-01,413,AI Suite,97381,8115.08,3213,1616,3786,0,12237,196
2024-08-01,414,Analytics,105437,8786.42,2550,15352,7536,0,4397,20383
2024-08-01,415,AI Suite,30105,2508.75,41108,17249,5153,0,13471,6891
2024-08-01,416,Analytics,66244,5520.33,45160,1534,4282,0,1609,38565
2024-08-01,417,AI Suite,44093,3674.42,23842,7966,3341,0,24345,5376
2024-08-01,418,Enterprise,52755,4396.25,40427,11019,2782,0,2354,34797
2024-08-01,419,Enterprise,120235,10019.58,33257,17262,2486,0,11200,1579
2024-08-01,420,Analytics,141690,11807.5,11349,9777,2740,0,26491,22982
2024-08-01,421,Core Platform,44028,3669.0,37504,7059,9593,0,23626,9761
2024-08-01,422,Core Platform,15069,1255.75,38170,15493,6523,0,29751,15450
2024-08-01,423,AI Suite,48916,4076.33,22606,10159,9874,0,28995,5574
2024-08-01,424,Enterprise,110197,9183.08,2198,19204,2542,0,10761,37942
2024-08-01,425,Analytics,149224,12435.33,47513,9432,4898,0,8727,29298
2024-08-01,426,Security,47021,3918.42,36149,14857,3624,0,4221,5935
2024-08-01,427,Enterprise,162142,13511.83,47307,19994,5587,0,26520,24619
2024-08-01,428,Core Platform,111991,9332.58,19379,7161,5804,0,25618,11210
2024-08-01,429,Security,121277,10106.42,35167,9675,1453,0,5661,37965
2024-08-01,430,Security,120148,10012.33,13359,1705,7935,0,6040,26785
2024-08-01,431,Core Platform,91317,7609.75,15523,12903,4036,0,12927,14431
2024-08-01,432,Enterprise,105759,8813.25,22107,3039,9716,0,3162,28863
2024-08-01,433,Enterprise,110849,9237.42,8603,15692,555,0,28935,8172
2024-08-01,434,AI Suite,130862,10905.17,4761,17994,2946,0,29661,4430
2024-08-01,435,Security,16898,1408.17,41056,17156,7152,0,2352,39224
2024-08-01,436,Enterprise,37830,3152.5,12140,180,5082,0,16019,37384
2024-08-01,437,Core Platform,131973,10997.75,6267,9538,8534,0,15287,1558
2024-08-01,438,Analytics,96943,8078.58,36952,19088,7332,0,28109,34166
2024-08-01,439,Core Platform,110053,9171.08,33490,15292,2494,0,10387,13789
2024-08-01,440,Analytics,99540,8295.0,46745,12763,8743,0,6076,18501
2024-08-01,441,Enterprise,18829,1569.08,14157,17467,7831,0,8762,27364
2024-08-01,442,Core Platform,12624,1052.0,40035,17396,4772,21824,12513,3528
2024-08-01,443,AI Suite,98031,8169.25,17893,19594,3163,0,12685,26704
2024-08-01,444,Core Platform,142291,11857.58,9131,19112,5596,0,3199,26518
2024-08-01,445,Core Platform,107701,8975.08,29417,178,1959,0,1437,30464
2024-08-01,446,Security,46207,3850.58,37448,15547,6922,0,7379,30228
2024-08-01,447,Analytics,20837,1736.42,36353,12040,1719,0,13958,28669
2024-08-01,448,AI Suite,133794,11149.5,9878,13043,1248,0,16097,3354
2024-08-01,449,Security,69103,5758.58,8839,16220,93,0,14284,27572
2024-08-01,450,Core Platform,135129,11260.75,46944,3531,2969,0,17572,38442
2024-08-01,451,Core Platform,130765,10897.08,40822,8792,9484,0,2105,31832
2024-08-01,452,AI Suite,124137,10344.75,38464,4760,1985,0,23536,8492
2024-08-01,453,Security,83041,6920.08,20504,6746,3253,0,28068,17642
2024-08-01,454,Core Platform,52322,4360.17,47731,14055,6518,0,20950,4632
2024-08-01,455,Security,151801,12650.08,10800,14682,7197,0,3653,26362
2024-08-01,456,Security,135480,11290.0,46388,19593,2753,0,9610,6071
2024-08-01,457,Analytics,82841,6903.42,29734,19837,738,0,20757,37783
2024-08-01,458,Core Platform,152146,12678.83,49679,6785,4474,0,10041,7495
2024-08-01,459,Enterprise,155022,12918.5,4781,16628,7339,0,19609,32979
2024-08-01,460,Security,45273,3772.75,26156,11002,7826,0,750,3511
2024-08-01,461,Analytics,137156,11429.67,40396,1195,4147,0,10602,32776
2024-08-01,462,Core Platform,44181,3681.75,9040,15505,4319,0,13062,11354
2024-08-01,463,Enterprise,40207,3350.58,27019,11305,1052,0,66,11635
2024-08-01,464,Analytics,58427,4868.92,26698,19236,1430,0,29781,6977
2024-08-01,465,AI Suite,77283,6440.25,25412,7943,214,0,15037,13970
2024-08-01,466,AI Suite,66611,5550.92,14963,15768,9185,0,6689,12843
2024-08-01,467,AI Suite,45916,3826.33,12077,1459,1926,0,21158,9233
2024-08-01,468,Security,118217,9851.42,31541,15102,9181,0,5570,6072
2024-08-01,469,AI Suite,5148,429.0,49869,5302,154,145091,17654,8206
2024-08-01,470,Analytics,148577,12381.42,14163,14166,5886,0,3506,19305
2024-08-01,471,Enterprise,80579,6714.92,27139,5606,4868,0,3599,26615
2024-08-01,472,Security,75696,6308.0,13153,2663,3530,0,23754,39989
2024-08-01,473,Core Platform,103681,8640.08,27114,10412,7540,0,10483,20802
2024-08-01,474,Security,42445,3537.08,21005,8530,8736,0,15847,39022
2024-08-01,475,Security,69391,5782.58,35001,6380,2741,0,3428,8540
2024-08-01,476,AI Suite,36885,3073.75,4830,8160,467,0,15453,14571
2024-08-01,477,Security,26852,2237.67,43360,4716,2823,0,15391,14333
2024-08-01,478,Core Platform,10426,868.83,9686,3205,9809,0,13818,2421
2024-08-01,479,Analytics,58097,4841.42,11559,5210,6412,0,14061,15611
2024-08-01,480,Enterprise,28457,2371.42,2621,4323,3869,0,26653,33839
2024-08-01,481,Security,100054,8337.83,2778,12082,1741,0,9356,14551
2024-08-01,482,AI Suite,88852,7404.33,30871,3395,5676,0,19103,19559
2024-08-01,483,Security,39381,3281.75,13526,6122,9176,0,7178,27378
2024-08-01,484,AI Suite,41462,3455.17,26011,17584,9048,0,15015,2336
2024-08-01,485,Security,53553,4462.75,6673,4845,2334,0,14035,15886
2024-08-01,486,AI Suite,60350,5029.17,25118,12027,2560,0,4247,29406
2024-08-01,487,Enterprise,29780,2481.67,2016,10406,1637,0,8969,3338
2024-08-01,488,Analytics,78563,6546.92,4960,15969,1032,0,27838,38642
2024-08-01,489,Analytics,97252,8104.33,22572,19541,9727,0,17233,34774
2024-08-01,490,Core Platform,93209,7767.42,26833,13003,6073,0,29888,13763
2024-08-01,491,Analytics,62837,5236.42,49909,1385,9254,0,1133,7201
2024-08-01,492,Core Platform,45680,3806.67,44577,17076,4255,0,12597,30584
2024-08-01,493,Analytics,97263,8105.25,40794,3364,8173,0,20814,25087
2024-08-01,494,Core Platform,24295,2024.58,31221,19785,7416,0,23205,28964
2024-08-01,495,Enterprise,5883,490.25,26454,1311,8233,0,9684,8989
2024-08-01,496,Security,58927,4910.58,9472,18037,7462,0,25251,18370
2024-08-01,497,Core Platform,43705,3642.08,45824,9890,7528,0,20418,20682
2024-08-01,498,AI Suite,130569,10880.75,37035,13879,8404,0,28039,27657
2024-08-01,499,Core Platform,101989,8499.08,20803,15493,5379,0,15175,28347
2024-08-01,500,AI Suite,94813,7901.08,27877,7841,7718,0,4016,20582
2024-09-01,1,Enterprise,116277,9689.75,4752,2633,8276,0,1737,31857
2024-09-01,2,Enterprise,100511,8375.92,5288,11000,8528,0,4260,21019
2024-09-01,3,Analytics,102647,8553.92,48065,19903,6214,0,22914,36855
2024-09-01,4,Analytics,37802,3150.17,7713,4649,2417,0,4925,32559
2024-09-01,5,Analytics,12509,1042.42,10277,493,7738,0,16408,6374
2024-09-01,6,Analytics,52737,4394.75,17136,14465,636,0,13124,31054
2024-09-01,7,Core Platform,53308,4442.33,41283,3235,3940,0,7018,9504
2024-09-01,8,Security,17465,1455.42,38077,13236,4062,0,8155,5108
2024-09-01,9,AI Suite,153205,12767.08,26596,12047,3720,0,2201,39776
2024-09-01,10,Analytics,58033,4836.08,39995,9710,932,0,10590,21404
2024-09-01,11,AI Suite,109090,9090.83,30002,378,6078,0,25474,28768
2024-09-01,12,Core Platform,131388,10949.0,42971,2284,7586,0,2628,29696
2024-09-01,13,Enterprise,49507,4125.58,24729,4256,7058,0,11805,27039
2024-09-01,14,Core Platform,63927,5327.25,24204,8435,1932,0,583,39649
2024-09-01,15,Security,36899,3074.92,39177,15663,9777,0,17219,26772
2024-09-01,16,AI Suite,142785,11898.75,34287,4030,9183,0,13079,19912
2024-09-01,17,Core Platform,151236,12603.0,16118,9430,4480,0,12240,35917
2024-09-01,18,Enterprise,124718,10393.17,13285,725,1512,0,14042,21427
2024-09-01,19,Core Platform,137254,11437.83,40731,14778,2316,0,16864,12809
2024-09-01,20,Enterprise,91633,7636.08,11973,14171,2483,0,19145,25556
2024-09-01,21,AI Suite,106677,8889.75,3702,626,7678,0,6465,242
2024-09-01,22,Core Platform,85128,7094.0,17137,768,5497,0,24754,22475
2024-09-01,23,AI Suite,97964,8163.67,46478,9611,8733,0,14546,24828
2024-09-01,24,Core Platform,40005,3333.75,23596,821,1035,0,8831,34256
2024-09-01,25,Enterprise,9859,821.58,23736,6566,6679,0,22717,23137
2024-09-01,26,AI Suite,103494,8624.5,31677,10443,3021,0,10666,30308
2024-09-01,27,Analytics,147803,12316.92,33788,5949,6438,0,12170,37747
2024-09-01,28,AI Suite,83076,6923.0,15402,19076,303,0,1200,26287
2024-09-01,29,AI Suite,125411,10450.92,45598,9999,79,0,15462,4248
2024-09-01,30,Enterprise,101873,8489.42,17771,1913,3166,0,20401,27442
2024-09-01,31,Enterprise,85143,7095.25,6607,14806,9930,0,10227,29038
2024-09-01,32,AI Suite,133019,11084.92,39166,8182,7138,0,6941,11407
2024-09-01,33,Enterprise,89657,7471.42,16227,18709,4657,0,10873,17004
2024-09-01,34,Analytics,18337,1528.08,39213,12299,663,0,12248,14702
2024-09-01,35,Analytics,105502,8791.83,30870,14637,9225,0,29648,14989
2024-09-01,36,Core Platform,32258,2688.17,23733,14617,3980,0,27747,34609
2024-09-01,37,Analytics,27005,2250.42,36469,157,3590,0,15020,36848
2024-09-01,38,Analytics,104900,8741.67,10735,102,982,0,21593,8866
2024-09-01,39,Core Platform,74685,6223.75,6744,16783,8385,0,8436,3230
2024-09-01,40,Security,49919,4159.92,30062,11031,4781,0,14869,15821
2024-09-01,41,Security,117047,9753.92,28107,6664,3620,0,4317,4812
2024-09-01,42,Analytics,48213,4017.75,12361,60,6237,0,16081,37183
2024-09-01,43,Analytics,141251,11770.92,44591,5776,1100,0,16611,32366
2024-09-01,44,Enterprise,81847,6820.58,6090,7395,5600,0,18798,23175
2024-09-01,45,Core Platform,154425,12868.75,32799,14137,647,0,20102,39355
2024-09-01,46,Security,57956,4829.67,25509,3715,8820,0,25686,37658
2024-09-01,47,Enterprise,143842,11986.83,44070,12239,7316,0,21113,23399
2024-09-01,48,Core Platform,141831,11819.25,10297,14695,5422,0,28551,37698
2024-09-01,49,Core Platform,28581,2381.75,40955,2302,3039,0,28001,14543
2024-09-01,50,Analytics,95287,7940.58,1834,3207,3551,0,4638,35678
2024-09-01,51,Analytics,139174,11597.83,23818,11033,7901,0,570,355
2024-09-01,52,AI Suite,79938,6661.5,17165,330,9349,0,26284,35207
2024-09-01,53,Enterprise,81664,6805.33,31034,17065,846,0,16162,23179
2024-09-01,54,Enterprise,58095,4841.25,5301,10477,8125,0,20461,23332
2024-09-01,55,Analytics,77984,6498.67,45868,4347,665,0,21221,22944
2024-09-01,56,Core Platform,23884,1990.33,21703,5432,7220,0,580,9059
2024-09-01,57,Analytics,80032,6669.33,12288,14536,3054,0,1757,23672
2024-09-01,58,AI Suite,6610,550.83,21161,1950,7688,0,12559,37321
2024-09-01,59,Core Platform,115252,9604.33,38293,16443,4151,0,18309,18972
2024-09-01,60,AI Suite,115362,9613.5,1069,3918,1545,0,12089,28389
2024-09-01,61,Security,15428,1285.67,45361,16108,680,105200,247,37848
2024-09-01,62,Core Platform,158652,13221.0,48257,10845,1110,0,18273,7846
2024-09-01,63,Enterprise,73052,6087.67,37205,12739,5709,0,4303,4486
2024-09-01,64,Analytics,108529,9044.08,11069,2560,2586,0,11718,12660
2024-09-01,65,Core Platform,85288,7107.33,21736,4064,7457,0,7776,23707
2024-09-01,66,Security,20070,1672.5,12934,4676,7210,0,18496,27956
2024-09-01,67,Analytics,138975,11581.25,15046,9548,861,0,29673,23604
2024-09-01,68,Analytics,67793,5649.42,1605,3184,9062,0,15494,23021
2024-09-01,69,Analytics,9415,784.58,41714,15523,6108,123651,15183,31176
2024-09-01,70,Analytics,25323,2110.25,24766,4451,8538,0,4493,16074
2024-09-01,71,Enterprise,59945,4995.42,6976,18534,6738,0,24968,24977
2024-09-01,72,Analytics,110032,9169.33,17778,1469,9742,0,13292,1891
2024-09-01,73,Security,92281,7690.08,32405,7700,8505,0,6888,24067
2024-09-01,74,Analytics,24820,2068.33,24585,7287,3479,0,681,14778
2024-09-01,75,Analytics,106687,8890.58,35324,10077,604,0,11761,13011
2024-09-01,76,AI Suite,64485,5373.75,16837,13814,9088,0,5476,16564
2024-09-01,77,Analytics,76297,6358.08,2481,6612,2180,0,11236,36844
2024-09-01,78,Core Platform,147354,12279.5,1562,2808,3204,0,9617,24397
2024-09-01,79,Security,27404,2283.67,33994,2905,69,0,8759,5602
2024-09-01,80,Core Platform,126251,10520.92,24626,14526,6677,0,4251,14660
2024-09-01,81,Enterprise,156774,13064.5,41689,13911,3840,0,22777,20212
2024-09-01,82,Analytics,132693,11057.75,39859,17603,2471,0,24820,27829
2024-09-01,83,Security,121132,10094.33,44237,15165,8102,0,7933,26822
2024-09-01,84,Enterprise,99086,8257.17,20699,13747,7785,0,4317,32943
2024-09-01,85,Analytics,53205,4433.75,14757,187,9039,0,1684,9310
2024-09-01,86,Security,48349,4029.08,7506,5547,6476,0,14443,21395
2024-09-01,87,Core Platform,62083,5173.58,10699,4423,2890,0,14516,34334
2024-09-01,88,Security,66384,5532.0,47491,18015,3511,0,22933,9214
2024-09-01,89,Core Platform,93056,7754.67,34832,13772,9514,0,10833,23407
2024-09-01,90,Enterprise,122060,10171.67,22959,9247,3253,0,14119,18300
2024-09-01,91,AI Suite,29685,2473.75,43230,15684,8762,0,22506,39411
2024-09-01,92,Security,142196,11849.67,23817,10825,9024,0,5884,39444
2024-09-01,93,AI Suite,122037,10169.75,16487,101,7570,0,17742,22571
2024-09-01,94,Analytics,92479,7706.58,24040,5612,1560,0,3812,18310
2024-09-01,95,Core Platform,62080,5173.33,19654,8899,7479,0,24901,33310
2024-09-01,96,Security,17624,1468.67,37745,18719,7951,0,18491,34234
2024-09-01,97,AI Suite,112249,9354.08,34373,18504,7822,0,23424,1035
2024-09-01,98,AI Suite,112791,9399.25,47374,1696,3584,0,5480,32784
2024-09-01,99,Enterprise,60999,5083.25,28020,10226,5322,0,13914,24676
2024-09-01,100,Security,95371,7947.58,20027,2221,2446,0,10345,12297
2024-09-01,101,Analytics,91410,7617.5,7020,14995,3490,0,11726,1528
2024-09-01,102,Core Platform,56282,4690.17,11871,15725,5963,0,9533,20676
2024-09-01,103,Enterprise,138847,11570.58,36491,7353,8546,0,27172,35773
2024-09-01,104,Core Platform,97131,8094.25,6618,16099,7598,0,10741,39654
2024-09-01,105,Security,57723,4810.25,34849,12789,4675,0,17612,31835
2024-09-01,106,Analytics,23882,1990.17,25650,3589,4958,0,9750,3196
2024-09-01,107,Enterprise,75850,6320.83,31698,12294,5319,0,21946,18661
2024-09-01,108,AI Suite,130672,10889.33,39844,8338,2440,0,20916,18797
2024-09-01,109,AI Suite,115964,9663.67,5789,19939,8962,0,13129,26757
2024-09-01,110,Analytics,146020,12168.33,19617,1135,2773,0,22641,14832
2024-09-01,111,Core Platform,54418,4534.83,49951,12089,4496,0,22957,3187
2024-09-01,112,Core Platform,17214,1434.5,40930,17521,307,86325,18639,17199
2024-09-01,113,Enterprise,47270,3939.17,5614,10573,1788,0,28957,33300
2024-09-01,114,Core Platform,97614,8134.5,17082,13285,5207,0,17547,39751
2024-09-01,115,Security,37897,3158.08,13979,9734,9431,0,21561,33348
2024-09-01,116,Enterprise,134845,11237.08,11108,5938,9336,0,20209,4006
2024-09-01,117,Analytics,73245,6103.75,16295,12869,5973,0,26829,5332
2024-09-01,118,Enterprise,126175,10514.58,6008,17868,3552,0,1750,30896
2024-09-01,119,Security,115724,9643.67,35645,15297,7526,0,9097,34613
2024-09-01,120,Security,4306,358.83,37494,3402,4978,0,1790,20407
2024-09-01,121,Core Platform,106187,8848.92,9741,18849,6514,0,8191,15464
2024-09-01,122,Security,86756,7229.67,46760,7379,3754,0,20550,10054
2024-09-01,123,Enterprise,65999,5499.92,20083,14424,7914,0,18048,13538
2024-09-01,124,Enterprise,40321,3360.08,47772,8747,9627,0,9176,10295
2024-09-01,125,Core Platform,60864,5072.0,21426,15358,970,0,16658,1013
2024-09-01,126,AI Suite,5448,454.0,3288,11823,6375,89156,23216,8734
2024-09-01,127,Security,126622,10551.83,19443,14874,2537,0,29858,7724
2024-09-01,128,Core Platform,1975,164.58,22562,691,4902,0,2035,28761
2024-09-01,129,AI Suite,39393,3282.75,11180,17451,539,0,11662,24961
2024-09-01,130,Security,24855,2071.25,10714,12005,6720,0,606,34961
2024-09-01,131,Security,98924,8243.67,13424,7552,6409,0,3865,28956
2024-09-01,132,Analytics,100153,8346.08,14396,16294,3250,0,21538,2965
2024-09-01,133,Core Platform,139763,11646.92,30750,10300,2562,0,6648,22258
2024-09-01,134,Security,20394,1699.5,28459,9023,2805,0,16072,3027
2024-09-01,135,Core Platform,109831,9152.58,16015,5366,4521,0,23205,20845
2024-09-01,136,Analytics,100689,8390.75,16577,8625,1711,0,24300,18050
2024-09-01,137,AI Suite,52909,4409.08,7901,11591,2229,0,22785,4299
2024-09-01,138,Analytics,64005,5333.75,47611,4995,749,0,29193,7363
2024-09-01,139,AI Suite,81992,6832.67,49098,16112,2556,0,18535,26531
2024-09-01,140,Analytics,146485,12207.08,30616,15062,6741,0,23798,31878
2024-09-01,141,AI Suite,100309,8359.08,39202,9819,6632,0,13921,19651
2024-09-01,142,Security,71301,5941.75,19864,2256,6628,0,4501,22752
2024-09-01,143,AI Suite,126593,10549.42,18069,15165,9103,0,12714,26025
2024-09-01,144,Core Platform,24145,2012.08,45004,2134,7623,0,19363,13067
2024-09-01,145,Core Platform,120939,10078.25,6177,17031,8089,0,17599,29569
2024-09-01,146,Security,51949,4329.08,46463,3923,7851,0,16438,425
2024-09-01,147,Core Platform,63951,5329.25,3148,8432,5868,0,11585,27753
2024-09-01,148,Core Platform,134823,11235.25,47327,15739,7529,0,13710,29876
2024-09-01,149,Analytics,39179,3264.92,8983,15796,7242,0,9067,15376
2024-09-01,150,Enterprise,70215,5851.25,37942,2591,2021,0,2477,9311
2024-09-01,151,Enterprise,32404,2700.33,41684,17683,2633,0,5464,23847
2024-09-01,152,Security,141989,11832.42,38280,18374,7896,0,25683,38347
2024-09-01,153,AI Suite,32937,2744.75,3064,4761,7021,0,16894,29971
2024-09-01,154,Analytics,29629,2469.08,46841,313,3692,0,14973,19020
2024-09-01,155,Core Platform,43833,3652.75,27928,14794,5342,0,26905,10604
2024-09-01,156,Security,6729,560.75,29433,454,4214,0,5663,26936
2024-09-01,157,Analytics,72437,6036.42,30647,13318,4139,0,10336,31989
2024-09-01,158,Core Platform,119070,9922.5,17861,7267,8188,0,21327,26355
2024-09-01,159,Enterprise,35715,2976.25,48234,9332,475,0,13141,19124
2024-09-01,160,AI Suite,55530,4627.5,15246,5917,6973,0,29150,17121
2024-09-01,161,Core Platform,87170,7264.17,27421,10883,9079,0,14677,37480
2024-09-01,162,Analytics,58428,4869.0,2752,7082,5141,0,15938,15318
2024-09-01,163,Security,116483,9706.92,39781,1410,4604,0,3044,34433
2024-09-01,164,Analytics,130988,10915.67,25879,18034,9961,0,8474,11301
2024-09-01,165,Enterprise,94050,7837.5,8445,8979,5002,0,26391,34952
2024-09-01,166,Core Platform,140745,11728.75,36370,16642,4865,0,14089,21761
2024-09-01,167,Core Platform,145045,12087.08,23025,2038,2984,0,11056,1358
2024-09-01,168,Core Platform,19538,1628.17,45642,14199,8083,0,21112,28502
2024-09-01,169,Analytics,32529,2710.75,37314,6252,8473,0,26661,7206
2024-09-01,170,Enterprise,132951,11079.25,1297,12430,4247,0,17134,19603
2024-09-01,171,AI Suite,144542,12045.17,44625,18606,8373,0,20030,34821
2024-09-01,172,Enterprise,89626,7468.83,22320,12992,7799,0,2782,29914
2024-09-01,173,Core Platform,40923,3410.25,37723,1552,4231,0,8827,12730
2024-09-01,174,Core Platform,86599,7216.58,43227,11656,7141,0,25375,34438
2024-09-01,175,Core Platform,43286,3607.17,44088,10892,6261,0,6961,35492
2024-09-01,176,AI Suite,61862,5155.17,47996,15230,7805,0,5613,25957
2024-09-01,177,Analytics,32073,2672.75,38206,6074,3525,0,25734,20269
2024-09-01,178,AI Suite,70846,5903.83,12458,18205,54,0,6059,24997
2024-09-01,179,Core Platform,4364,363.67,34126,9610,5246,140939,5678,30322
2024-09-01,180,Core Platform,17899,1491.58,35858,11099,6605,0,10667,28423
2024-09-01,181,AI Suite,0,0.0,3718,5281,8898,59782,29019,31354
2024-09-01,182,Security,0,0.0,29053,697,1543,39383,3265,10510
2024-09-01,183,Analytics,73268,6105.67,17358,85,1534,0,12943,18127
2024-09-01,184,Security,42042,3503.5,29323,11285,6777,0,14244,7147
2024-09-01,185,Enterprise,113734,9477.83,40561,13734,7287,0,13907,14787
2024-09-01,186,Security,40251,3354.25,33731,9083,8827,0,10074,31546
2024-09-01,187,Core Platform,136489,11374.08,31632,19229,4105,0,24360,39172
2024-09-01,188,Core Platform,95772,7981.0,29634,18142,8933,0,8563,33824
2024-09-01,189,AI Suite,78896,6574.67,20250,1300,8096,0,11517,2790
2024-09-01,190,Analytics,35778,2981.5,46758,19824,7891,0,8061,9021
2024-09-01,191,Enterprise,147648,12304.0,27583,19363,1061,0,12284,963
2024-09-01,192,Security,109605,9133.75,48562,2841,4187,0,12820,26742
2024-09-01,193,Core Platform,127269,10605.75,39164,7896,9506,0,29104,27545
2024-09-01,194,Core Platform,77124,6427.0,47387,12154,8083,0,12166,25258
2024-09-01,195,Core Platform,105439,8786.58,4925,3306,5350,0,13200,5754
2024-09-01,196,AI Suite,61558,5129.83,4809,8850,4733,0,23464,1728
2024-09-01,197,Security,30097,2508.08,7920,15594,5026,0,14551,4962
2024-09-01,198,Security,80500,6708.33,25438,12554,7849,0,20189,2907
2024-09-01,199,Security,141554,11796.17,11793,16038,4796,0,1926,10825
2024-09-01,200,Analytics,109893,9157.75,21361,1295,7468,0,24865,33339
2024-09-01,201,Core Platform,77148,6429.0,48671,14671,640,0,16673,32951
2024-09-01,202,Analytics,91420,7618.33,1491,8938,8410,0,27463,13902
2024-09-01,203,AI Suite,86434,7202.83,44401,10030,2417,0,8525,35187
2024-09-01,204,Enterprise,17969,1497.42,19379,10898,5121,0,16557,10398
2024-09-01,205,Security,119665,9972.08,36163,13768,4790,0,5167,3637
2024-09-01,206,Analytics,87581,7298.42,6123,15946,9670,0,4449,37768
2024-09-01,207,Enterprise,13601,1133.42,26208,1664,9822,0,20124,5991
2024-09-01,208,AI Suite,150378,12531.5,42359,7364,3024,0,28227,27128
2024-09-01,209,Analytics,146433,12202.75,1804,3867,493,0,2116,36588
2024-09-01,210,Enterprise,66139,5511.58,49546,402,4782,0,22277,8868
2024-09-01,211,Security,47598,3966.5,41097,17138,802,0,28344,26714
2024-09-01,212,Core Platform,141875,11822.92,27632,15800,6975,0,4760,169
2024-09-01,213,AI Suite,39158,3263.17,31956,3109,6813,0,23771,30152
2024-09-01,214,Enterprise,72240,6020.0,31033,10986,2251,0,7322,20349
2024-09-01,215,Security,37640,3136.67,37180,15714,7421,0,17671,10721
2024-09-01,216,Enterprise,145621,12135.08,30442,6113,266,0,28745,7414
2024-09-01,217,Security,150209,12517.42,44213,9803,913,0,18224,15200
2024-09-01,218,Core Platform,151721,12643.42,8186,10309,939,0,18068,18708
2024-09-01,219,Security,38117,3176.42,49501,5627,1742,0,29068,17145
2024-09-01,220,Enterprise,33828,2819.0,16609,17062,6011,0,11750,12397
2024-09-01,221,Core Platform,0,0.0,28183,2557,5766,81533,24743,19520
2024-09-01,222,Core Platform,31091,2590.92,12773,5358,3272,0,19554,38294
2024-09-01,223,Analytics,123596,10299.67,2001,13952,8043,0,5769,3820
2024-09-01,224,Core Platform,77698,6474.83,14620,1729,7414,0,27693,30376
2024-09-01,225,Core Platform,138622,11551.83,14034,3641,589,0,11290,4147
2024-09-01,226,Core Platform,64290,5357.5,41431,18579,9025,0,18686,13413
2024-09-01,227,Enterprise,83838,6986.5,18164,5587,6885,0,14926,771
2024-09-01,228,Core Platform,104791,8732.58,17708,2595,8325,0,23253,3128
2024-09-01,229,Analytics,24884,2073.67,15865,18374,6779,0,26189,31094
2024-09-01,230,Security,15339,1278.25,19279,11171,5284,0,20581,17710
2024-09-01,231,Enterprise,150503,12541.92,25846,8540,2598,0,11033,31383
2024-09-01,232,Security,131916,10993.0,31200,15171,173,0,13062,10737
2024-09-01,233,Core Platform,70803,5900.25,10689,2536,8244,0,18920,16450
2024-09-01,234,Security,70320,5860.0,7568,16164,273,0,7190,32924
2024-09-01,235,Core Platform,82610,6884.17,7490,5499,1778,0,9291,391
2024-09-01,236,Core Platform,87187,7265.58,19485,2330,5226,0,24850,360
2024-09-01,237,Analytics,149982,12498.5,44420,4607,2127,0,3204,1781
2024-09-01,238,Core Platform,47682,3973.5,13809,6859,8196,0,11508,26758
2024-09-01,239,Core Platform,14662,1221.83,28298,499,6375,0,9821,18823
2024-09-01,240,Analytics,69062,5755.17,5682,11509,7580,0,5175,9627
2024-09-01,241,Analytics,97380,8115.0,24337,12169,6777,0,2913,1888
2024-09-01,242,AI Suite,71036,5919.67,12356,10326,1045,0,3012,10709
2024-09-01,243,Security,112863,9405.25,25566,17866,9532,0,17308,8877
2024-09-01,244,Core Platform,105930,8827.5,12905,4930,3564,0,17272,10477
2024-09-01,245,Enterprise,19474,1622.83,3619,9944,7949,0,29212,37811
2024-09-01,246,Enterprise,144948,12079.0,1948,3650,2098,0,10113,11439
2024-09-01,247,Enterprise,50115,4176.25,17848,4825,5586,0,23986,27594
2024-09-01,248,Security,129656,10804.67,29207,6935,9839,0,10775,20525
2024-09-01,249,AI Suite,44684,3723.67,45651,8276,5793,0,23203,23691
2024-09-01,250,Enterprise,148662,12388.5,33190,11690,9923,0,24733,25318
2024-09-01,251,Core Platform,159815,13317.92,11373,12877,1692,0,27525,15830
2024-09-01,252,AI Suite,86378,7198.17,28804,2862,1527,0,4002,3253
2024-09-01,253,AI Suite,3920,326.67,24481,247,9015,0,16339,31592
2024-09-01,254,Analytics,56630,4719.17,15621,5556,7012,0,28320,24049
2024-09-01,255,Security,98239,8186.58,17169,17743,2361,0,15033,32998
2024-09-01,256,Enterprise,63290,5274.17,16266,16693,7383,0,16705,16769
2024-09-01,257,Analytics,16155,1346.25,38087,13541,4577,0,16025,400
2024-09-01,258,Core Platform,110447,9203.92,19828,16362,8504,0,18601,9463
2024-09-01,259,Enterprise,67120,5593.33,43225,9651,7806,0,27415,19218
2024-09-01,260,Security,34072,2839.33,21776,3675,8080,0,27258,25310
2024-09-01,261,Core Platform,28600,2383.33,12074,4439,566,0,22934,34250
2024-09-01,262,Analytics,92403,7700.25,12522,11009,9353,0,5156,28977
2024-09-01,263,Analytics,20980,1748.33,46039,19887,8798,0,16243,39778
2024-09-01,264,Security,137357,11446.42,24426,18796,6120,0,16536,8174
2024-09-01,265,AI Suite,133725,11143.75,5322,3076,6002,0,22314,34282
2024-09-01,266,Core Platform,112356,9363.0,4240,19668,9805,0,21944,24223
2024-09-01,267,Core Platform,58890,4907.5,28367,1780,3665,0,19601,33083
2024-09-01,268,Analytics,51558,4296.5,46407,369,6476,0,16744,38019
2024-09-01,269,Analytics,141907,11825.58,38146,7887,4009,0,23834,33735
2024-09-01,270,Core Platform,66429,5535.75,45443,17110,6658,0,9163,22635
2024-09-01,271,Analytics,112150,9345.83,17292,10023,7313,0,4817,598
2024-09-01,272,Analytics,104411,8700.92,27609,16972,1251,0,23967,4113
2024-09-01,273,AI Suite,20133,1677.75,8188,8493,7582,0,18459,21823
2024-09-01,274,AI Suite,156067,13005.58,31057,18880,5855,0,10669,38159
2024-09-01,275,Enterprise,40450,3370.83,22249,16683,3532,0,8516,23066
2024-09-01,276,Security,143002,11916.83,3480,14284,9097,0,5158,5740
2024-09-01,277,Analytics,144114,12009.5,45745,17520,599,0,25248,37988
2024-09-01,278,Security,117374,9781.17,44038,13676,4311,0,25068,8760
2024-09-01,279,AI Suite,93099,7758.25,1383,11986,8207,0,28421,13578
2024-09-01,280,Enterprise,73108,6092.33,5285,15312,8072,0,25836,11014
2024-09-01,281,Enterprise,31833,2652.75,32133,17943,605,0,16821,10969
2024-09-01,282,Analytics,63796,5316.33,43230,1045,4579,0,19430,2102
2024-09-01,283,Enterprise,16306,1358.83,45646,10229,4791,0,8842,1416
2024-09-01,284,AI Suite,52884,4407.0,29952,9956,1086,0,10865,4791
2024-09-01,285,AI Suite,154178,12848.17,33127,17231,2990,0,28044,4345
2024-09-01,286,Analytics,73760,6146.67,23420,1729,3091,0,22123,12976
2024-09-01,287,Enterprise,143156,11929.67,14883,10342,5525,0,674,24608
2024-09-01,288,Enterprise,149545,12462.08,44481,8584,2692,0,5398,16184
2024-09-01,289,AI Suite,87486,7290.5,20916,10147,431,0,13911,21504
2024-09-01,290,Core Platform,64011,5334.25,15671,7233,5503,0,17956,21368
2024-09-01,291,Core Platform,92572,7714.33,44536,5489,8943,0,12036,18378
2024-09-01,292,Core Platform,59444,4953.67,18597,6651,1243,0,24475,4745
2024-09-01,293,Analytics,18596,1549.67,11061,7421,5428,0,20956,31667
2024-09-01,294,Enterprise,40689,3390.75,36890,7213,3027,0,26004,11261
2024-09-01,295,AI Suite,152063,12671.92,20528,15475,7495,0,23920,2120
2024-09-01,296,Analytics,25616,2134.67,41832,12409,4099,0,13129,22372
2024-09-01,297,Enterprise,108168,9014.0,23089,9555,99,0,6563,18206
2024-09-01,298,Security,104370,8697.5,41039,12722,729,0,21793,7341
2024-09-01,299,Enterprise,105214,8767.83,35987,8242,5697,0,24629,15106
2024-09-01,300,Core Platform,119951,9995.92,2674,2290,9155,0,2871,20458
2024-09-01,301,Security,134787,11232.25,31183,4900,8469,0,25432,25964
2024-09-01,302,Security,54926,4577.17,10308,4045,4156,0,20388,33598
2024-09-01,303,Analytics,47628,3969.0,25413,18856,9367,0,23152,11584
2024-09-01,304,Analytics,77270,6439.17,43586,4550,5723,0,16672,3728
2024-09-01,305,Analytics,17365,1447.08,28174,6868,146,0,4522,26023
2024-09-01,306,AI Suite,14048,1170.67,14871,677,3854,0,9605,19875
2024-09-01,307,Analytics,97417,8118.08,18946,16111,2992,0,17968,38302
2024-09-01,308,Security,106087,8840.58,46227,6098,3370,0,20335,35449
2024-09-01,309,Analytics,8753,729.42,1286,14867,6114,24971,717,36763
2024-09-01,310,Analytics,67383,5615.25,42954,4698,8298,0,25072,21092
2024-09-01,311,Enterprise,92752,7729.33,37131,10100,5909,0,7590,1743
2024-09-01,312,Core Platform,53009,4417.42,32102,16604,3864,0,10842,33452
2024-09-01,313,Security,32405,2700.42,36049,8563,9743,0,23474,10744
2024-09-01,314,Core Platform,50827,4235.58,29576,4593,4752,0,5704,10051
2024-09-01,315,Analytics,18263,1521.92,21020,18659,396,70013,26856,10045
2024-09-01,316,Security,140796,11733.0,21187,10891,3974,0,10730,4047
2024-09-01,317,Core Platform,0,0.0,42063,2556,6415,91068,14948,18624
2024-09-01,318,AI Suite,119861,9988.42,7855,13079,2588,0,4331,27001
2024-09-01,319,Security,121874,10156.17,25753,3272,4374,0,29686,24669
2024-09-01,320,Enterprise,66738,5561.5,17730,13150,5157,0,25259,35607
2024-09-01,321,AI Suite,56781,4731.75,22751,5393,7010,0,6139,18586
2024-09-01,322,Analytics,68146,5678.83,43413,16416,6356,0,23979,33323
2024-09-01,323,Core Platform,123217,10268.08,40896,5364,9342,0,20337,20928
2024-09-01,324,Core Platform,136679,11389.92,11705,6503,5284,0,3887,24001
2024-09-01,325,Security,141255,11771.25,17045,14940,7669,0,19635,11678
2024-09-01,326,Analytics,12273,1022.75,45675,6838,6480,0,8170,26475
2024-09-01,327,Analytics,29720,2476.67,7176,10116,3068,0,21426,2367
2024-09-01,328,Security,119787,9982.25,15417,2631,4507,0,17614,13708
2024-09-01,329,AI Suite,29953,2496.08,33747,11793,1810,0,21357,36385
2024-09-01,330,Core Platform,54631,4552.58,45403,6307,3111,0,16471,36578
2024-09-01,331,Enterprise,130239,10853.25,22628,2775,7529,0,7918,6037
2024-09-01,332,Enterprise,102852,8571.0,2616,8525,2959,0,1072,11058
2024-09-01,333,AI Suite,23933,1994.42,37841,656,7241,0,27500,16229
2024-09-01,334,AI Suite,85804,7150.33,36555,18178,9049,0,9324,33165
2024-09-01,335,Security,53249,4437.42,18852,10544,5460,0,4708,24383
2024-09-01,336,AI Suite,133118,11093.17,22308,6482,2388,0,21468,31477
2024-09-01,337,AI Suite,137133,11427.75,8720,1372,1073,0,13828,16706
2024-09-01,338,AI Suite,31785,2648.75,10602,14581,5302,0,9126,16821
2024-09-01,339,Security,611,50.92,12286,9344,8733,38761,5540,38744
2024-09-01,340,Security,147000,12250.0,24638,17798,1944,0,20739,38098
2024-09-01,341,Security,119314,9942.83,44718,12962,2283,0,15736,25634
2024-09-01,342,Security,109345,9112.08,46995,18474,9903,0,5231,26190
2024-09-01,343,Enterprise,59816,4984.67,37607,7047,7280,0,6728,14306
2024-09-01,344,AI Suite,52799,4399.92,1715,11889,9118,0,25150,3446
2024-09-01,345,AI Suite,124613,10384.42,27105,8408,7267,0,3874,6267
2024-09-01,346,Security,19882,1656.83,24184,1116,1190,0,18828,7957
2024-09-01,347,Analytics,18703,1558.58,44652,15803,6651,0,2726,16371
2024-09-01,348,Enterprise,131422,10951.83,24153,11172,167,0,22357,27613
2024-09-01,349,Security,82302,6858.5,26109,4378,5817,0,15682,39198
2024-09-01,350,Analytics,70229,5852.42,10783,6706,8965,0,28016,12
2024-09-01,351,AI Suite,127048,10587.33,13552,14556,7245,0,17449,34674
2024-09-01,352,Enterprise,107152,8929.33,1698,2950,1098,0,7559,3500
2024-09-01,353,Security,20602,1716.83,47558,1165,7907,0,492,9444
2024-09-01,354,AI Suite,114281,9523.42,27775,2880,9029,0,28032,8926
2024-09-01,355,Enterprise,20175,1681.25,20975,12868,8872,0,29358,15330
2024-09-01,356,Core Platform,10077,839.75,10172,8899,4369,0,10357,35893
2024-09-01,357,AI Suite,41644,3470.33,24064,13041,672,0,4617,33742
2024-09-01,358,Analytics,157568,13130.67,48956,14638,3807,0,7450,29442
2024-09-01,359,Enterprise,24168,2014.0,16540,1219,2988,0,9732,31711
2024-09-01,360,Security,52806,4400.5,38449,15990,7758,0,25413,29309
2024-09-01,361,Core Platform,82795,6899.58,11735,8248,7312,0,14096,32285
2024-09-01,362,Security,37722,3143.5,7370,11995,3695,0,15957,8341
2024-09-01,363,Analytics,70832,5902.67,16307,8072,9687,0,24392,19909
2024-09-01,364,Analytics,78875,6572.92,46314,492,7073,0,1372,23429
2024-09-01,365,Enterprise,42134,3511.17,20366,2661,9149,0,27085,18484
2024-09-01,366,Security,126827,10568.92,2665,2693,9101,0,26578,36804
2024-09-01,367,Enterprise,59174,4931.17,2787,12994,6130,0,22593,24005
2024-09-01,368,AI Suite,46634,3886.17,21214,10514,175,0,11400,34236
2024-09-01,369,Analytics,75443,6286.92,25463,3053,9024,0,1045,14861
2024-09-01,370,Enterprise,127155,10596.25,44278,5560,1080,0,16773,34320
2024-09-01,371,Security,95781,7981.75,10849,19412,1525,0,6205,8076
2024-09-01,372,AI Suite,14282,1190.17,28742,2415,2940,0,1279,12476
2024-09-01,373,AI Suite,153654,12804.5,31935,19732,9994,0,7328,38484
2024-09-01,374,Enterprise,110609,9217.42,4212,9120,133,0,5331,29942
2024-09-01,375,Security,50785,4232.08,45799,634,3535,0,10893,13713
2024-09-01,376,Core Platform,74050,6170.83,46898,9787,8933,0,27071,30383
2024-09-01,377,AI Suite,85287,7107.25,5239,1249,6087,0,13579,34351
2024-09-01,378,Enterprise,42372,3531.0,44956,12834,9082,0,7159,25208
2024-09-01,379,AI Suite,122912,10242.67,29452,17401,6063,0,20842,33363
2024-09-01,380,Enterprise,16979,1414.92,43839,8839,7846,0,149,21804
2024-09-01,381,AI Suite,145724,12143.67,47525,12798,5511,0,17333,13761
2024-09-01,382,AI Suite,132663,11055.25,42375,6043,6446,0,21047,21131
2024-09-01,383,AI Suite,22958,1913.17,22431,18,1836,0,4590,15499
2024-09-01,384,Enterprise,136478,11373.17,49741,9878,5091,0,7489,8399
2024-09-01,385,Analytics,82167,6847.25,36384,13259,1741,0,156,18412
2024-09-01,386,Analytics,110966,9247.17,38413,6332,7720,0,13390,35949
2024-09-01,387,Analytics,134649,11220.75,49481,2654,3755,0,25093,18621
2024-09-01,388,Analytics,95526,7960.5,16579,13392,5233,0,28785,11057
2024-09-01,389,Enterprise,117622,9801.83,10247,9876,9432,0,27996,36368
2024-09-01,390,Security,18718,1559.83,10978,8087,4598,0,23267,38693
2024-09-01,391,Core Platform,56224,4685.33,49269,16003,4047,0,17214,12058
2024-09-01,392,Analytics,69588,5799.0,34003,11809,2571,0,5941,17323
2024-09-01,393,AI Suite,43804,3650.33,23460,9479,3188,0,2908,4383
2024-09-01,394,Enterprise,6150,512.5,17167,14900,8750,55109,25579,2335
2024-09-01,395,Core Platform,58570,4880.83,37838,11988,5845,0,2635,19725
2024-09-01,396,Analytics,157245,13103.75,14935,16822,7940,0,25168,25496
2024-09-01,397,AI Suite,105006,8750.5,23573,7303,5114,0,25409,14629
2024-09-01,398,AI Suite,87848,7320.67,23449,10952,2736,0,26006,2983
2024-09-01,399,Security,73276,6106.33,35209,10927,4128,0,22086,37433
2024-09-01,400,Analytics,63960,5330.0,41083,3762,6325,0,23286,3485
2024-09-01,401,Analytics,142422,11868.5,42884,4773,9301,0,10486,12304
2024-09-01,402,Enterprise,30715,2559.58,30635,13672,2431,0,24612,37345
2024-09-01,403,Analytics,94383,7865.25,28915,19857,1211,0,7632,93
2024-09-01,404,AI Suite,16047,1337.25,42641,7208,352,0,22567,320
2024-09-01,405,AI Suite,142457,11871.42,39382,9268,7586,0,6552,10352
2024-09-01,406,Core Platform,34035,2836.25,7388,10222,6739,0,19101,10349
2024-09-01,407,AI Suite,99532,8294.33,15876,17679,607,0,17399,18935
2024-09-01,408,Security,96624,8052.0,2094,16911,6732,0,27717,15976
2024-09-01,409,Core Platform,43378,3614.83,12864,1114,2046,0,24726,36852
2024-09-01,410,Security,77423,6451.92,23140,12261,2668,0,5720,10935
2024-09-01,411,Security,138521,11543.42,34147,2737,3913,0,9283,9275
2024-09-01,412,AI Suite,110157,9179.75,28076,1406,5005,0,23886,1820
2024-09-01,413,AI Suite,72826,6068.83,41988,9939,1911,0,15969,29797
2024-09-01,414,Analytics,55119,4593.25,5440,6530,1300,0,18661,30605
2024-09-01,415,Analytics,76514,6376.17,26940,11419,7944,0,11384,6899
2024-09-01,416,AI Suite,56410,4700.83,7261,13882,1770,0,7891,8294
2024-09-01,417,AI Suite,8942,745.17,42730,2719,3778,0,10197,331
2024-09-01,418,Core Platform,117061,9755.08,21917,13238,2828,0,634,32729
2024-09-01,419,Core Platform,118935,9911.25,49438,12312,7959,0,6585,33092
2024-09-01,420,Analytics,112926,9410.5,14758,8702,5738,0,8393,19135
2024-09-01,421,Security,141253,11771.08,28233,6197,4203,0,7239,23598
2024-09-01,422,Analytics,9940,828.33,18296,5792,9370,0,7767,27642
2024-09-01,423,Analytics,98980,8248.33,18621,10012,7611,0,21065,22978
2024-09-01,424,Core Platform,11155,929.58,42305,4348,9862,0,16945,8603
2024-09-01,425,Analytics,136692,11391.0,27927,12930,7643,0,27511,25109
2024-09-01,426,Enterprise,134327,11193.92,28156,6764,1380,0,23628,7316
2024-09-01,427,Core Platform,134175,11181.25,43298,4770,542,0,19515,39089
2024-09-01,428,Enterprise,36068,3005.67,40532,7723,143,0,27424,10839
2024-09-01,429,Core Platform,23264,1938.67,12381,14394,6322,0,14639,28977
2024-09-01,430,AI Suite,44170,3680.83,38524,1649,613,0,24437,3620
2024-09-01,431,Core Platform,147108,12259.0,33438,8469,7519,0,26327,39458
2024-09-01,432,Security,77639,6469.92,13751,12874,7225,0,3771,1045
2024-09-01,433,Analytics,79402,6616.83,26736,7889,9759,0,4036,24821
2024-09-01,434,Enterprise,114343,9528.58,14461,7674,2015,0,19182,22291
2024-09-01,435,Security,144354,12029.5,35001,9872,8583,0,23777,3426
2024-09-01,436,Enterprise,80343,6695.25,4455,8944,746,0,27819,4194
2024-09-01,437,Enterprise,44389,3699.08,35746,15830,4403,0,21333,26522
2024-09-01,438,Analytics,61228,5102.33,2964,13707,356,0,1424,15384
2024-09-01,439,Core Platform,52237,4353.08,2135,12006,2529,0,15765,7710
2024-09-01,440,Core Platform,92515,7709.58,21312,6154,6199,0,21153,15665
2024-09-01,441,Core Platform,90169,7514.08,8593,9615,8375,0,5458,37294
2024-09-01,442,Security,59504,4958.67,44297,13368,8757,0,0,25298
2024-09-01,443,AI Suite,19523,1626.92,25192,13228,6518,0,27875,35514
2024-09-01,444,Enterprise,134535,11211.25,41613,1204,2483,0,25941,32600
2024-09-01,445,Enterprise,28062,2338.5,23335,84,4832,0,6388,29901
2024-09-01,446,AI Suite,66494,5541.17,20917,17047,1821,0,270,447
2024-09-01,447,Core Platform,130999,10916.58,6108,10385,4147,0,15619,22788
2024-09-01,448,Core Platform,52951,4412.58,13499,6558,6888,0,19194,10525
2024-09-01,449,Analytics,64342,5361.83,18582,9481,1695,0,21699,4415
2024-09-01,450,AI Suite,106002,8833.5,23014,1881,8295,0,27622,18118
2024-09-01,451,Security,130420,10868.33,7686,1615,852,0,13730,16515
2024-09-01,452,Analytics,28380,2365.0,35773,14390,9535,0,19594,39244
2024-09-01,453,Security,41942,3495.17,1088,11433,7547,0,22331,11279
2024-09-01,454,Security,142290,11857.5,22726,13883,3905,0,3397,5004
2024-09-01,455,AI Suite,148591,12382.58,23106,18161,4720,0,4656,37515
2024-09-01,456,AI Suite,53203,4433.58,18918,13568,1518,0,9185,1094
2024-09-01,457,Core Platform,65823,5485.25,30067,11408,2251,0,17496,24595
2024-09-01,458,Security,93013,7751.08,18656,6557,5204,0,15975,26162
2024-09-01,459,Core Platform,58771,4897.58,24457,16785,3494,0,18806,15688
2024-09-01,460,Analytics,83328,6944.0,29181,6408,4445,0,8893,7262
2024-09-01,461,Analytics,57965,4830.42,33131,13919,7384,0,28093,26610
2024-09-01,462,Analytics,131846,10987.17,41079,19020,2850,0,23218,33210
2024-09-01,463,Core Platform,65876,5489.67,24899,6956,2825,0,10122,9139
2024-09-01,464,Security,49381,4115.08,29184,7432,4102,0,11869,509
2024-09-01,465,Security,88741,7395.08,3873,6028,9275,0,29622,31544
2024-09-01,466,Core Platform,21351,1779.25,26051,16722,8808,0,20145,24894
2024-09-01,467,Enterprise,68751,5729.25,45150,13463,903,0,25961,25396
2024-09-01,468,Security,75034,6252.83,34149,9199,9884,0,10737,21060
2024-09-01,469,Core Platform,113882,9490.17,3292,15476,7914,0,14351,39870
2024-09-01,470,Security,96384,8032.0,45822,18893,2057,0,20073,18174
2024-09-01,471,Security,101439,8453.25,26081,10766,2480,0,21147,15468
2024-09-01,472,Enterprise,134317,11193.08,2388,19859,4331,0,29862,37384
2024-09-01,473,Analytics,140280,11690.0,44875,6637,8900,0,3002,26754
2024-09-01,474,Analytics,24752,2062.67,26359,17448,1234,0,28353,34410
2024-09-01,475,AI Suite,14205,1183.75,13447,3988,6351,0,5324,7891
2024-09-01,476,AI Suite,48837,4069.75,20157,2922,7821,0,15375,11308
2024-09-01,477,Core Platform,94936,7911.33,3146,6455,6798,0,10126,26682
2024-09-01,478,Enterprise,82790,6899.17,35603,229,5511,0,5645,1835
2024-09-01,479,Core Platform,80921,6743.42,35937,14089,189,0,19719,112
2024-09-01,480,Analytics,47662,3971.83,11096,15088,2005,0,11074,13789
2024-09-01,481,Security,9266,772.17,5618,16241,6975,81476,969,11801
2024-09-01,482,Analytics,53557,4463.08,33298,19527,6977,0,13306,6485
2024-09-01,483,Security,45849,3820.75,17297,19400,6402,0,25204,36231
2024-09-01,484,Enterprise,112669,9389.08,46791,17438,9112,0,27444,12304
2024-09-01,485,Analytics,59668,4972.33,18513,2058,5146,0,16872,7333
2024-09-01,486,Analytics,49462,4121.83,15387,14019,895,0,27372,25338
2024-09-01,487,AI Suite,149890,12490.83,36159,8715,6807,0,7908,29574
2024-09-01,488,Enterprise,21292,1774.33,9348,15762,3206,0,28325,35263
2024-09-01,489,Core Platform,80857,6738.08,10896,13922,7798,0,22655,24239
2024-09-01,490,AI Suite,101722,8476.83,1741,19694,4730,0,6377,25138
2024-09-01,491,Analytics,94342,7861.83,25801,7325,7466,0,26934,18217
2024-09-01,492,Enterprise,94898,7908.17,21139,5491,8621,0,19010,3520
2024-09-01,493,AI Suite,95829,7985.75,13286,7120,3488,0,20426,18543
2024-09-01,494,Security,133278,11106.5,41098,19580,6667,0,3689,6647
2024-09-01,495,Security,87867,7322.25,5170,16817,8217,0,3076,30577
2024-09-01,496,Core Platform,0,0.0,17433,6623,9106,18980,10221,14056
2024-09-01,497,Analytics,30168,2514.0,42303,484,1616,0,4130,34458
2024-09-01,498,AI Suite,82332,6861.0,31482,7996,4446,0,556,26443
2024-09-01,499,AI Suite,146148,12179.0,41749,14253,5941,0,27159,36054
2024-09-01,500,Analytics,126222,10518.5,17719,2446,3395,0,23879,28937
2024-10-01,1,Analytics,102919,8576.58,6638,505,4058,0,25945,19389
2024-10-01,2,Enterprise,21415,1784.58,48353,13435,7222,0,16664,4818
2024-10-01,3,Security,126013,10501.08,16121,9920,3540,0,6929,11080
2024-10-01,4,Security,50747,4228.92,20702,7776,2265,0,14756,21788
2024-10-01,5,Enterprise,74368,6197.33,41123,4682,8034,0,4280,34786
2024-10-01,6,Core Platform,137913,11492.75,35354,8954,3377,0,10737,35699
2024-10-01,7,Core Platform,72128,6010.67,28185,12979,4299,0,25453,27809
2024-10-01,8,Analytics,117059,9754.92,7869,7362,8004,0,17582,24852
2024-10-01,9,Analytics,146277,12189.75,48346,7155,2026,0,25369,5717
2024-10-01,10,AI Suite,13528,1127.33,28728,8922,8656,0,9321,29342
2024-10-01,11,Enterprise,74733,6227.75,41368,11742,1436,0,2555,14819
2024-10-01,12,Enterprise,59371,4947.58,8655,14263,5881,0,19373,7184
2024-10-01,13,Analytics,47387,3948.92,31788,15334,8413,0,27780,38460
2024-10-01,14,Core Platform,106242,8853.5,7197,12885,4467,0,22856,22840
2024-10-01,15,Core Platform,63659,5304.92,31489,15961,8209,0,24209,29358
2024-10-01,16,Security,57458,4788.17,21050,4080,1772,0,27303,32233
2024-10-01,17,Enterprise,77705,6475.42,42277,11268,8193,0,13643,22841
2024-10-01,18,Security,95427,7952.25,11749,18732,3202,0,12765,3741
2024-10-01,19,AI Suite,27560,2296.67,32951,12819,5605,0,26509,16932
2024-10-01,20,AI Suite,144810,12067.5,30852,7506,3215,0,20926,27848
2024-10-01,21,Enterprise,27453,2287.75,17996,1171,2959,0,22701,23348
2024-10-01,22,Security,148143,12345.25,49316,2962,3507,0,19373,26247
2024-10-01,23,AI Suite,160064,13338.67,37027,18047,2722,0,24887,3249
2024-10-01,24,Core Platform,150537,12544.75,7956,13318,342,0,741,10149
2024-10-01,25,Security,106360,8863.33,45222,14696,9685,0,13683,18452
2024-10-01,26,Security,104252,8687.67,1376,2482,4602,0,28307,325
2024-10-01,27,AI Suite,20732,1727.67,7721,2280,3937,0,29715,16374
2024-10-01,28,Analytics,131896,10991.33,38623,10180,1545,0,11675,16270
2024-10-01,29,Analytics,31402,2616.83,40333,19115,2500,0,18304,18965
2024-10-01,30,AI Suite,63143,5261.92,33054,17600,1653,0,2093,13283
2024-10-01,31,Enterprise,135446,11287.17,29042,9162,315,0,24424,21200
2024-10-01,32,Security,71212,5934.33,28799,4526,8809,0,3777,13025
2024-10-01,33,Core Platform,106158,8846.5,33264,8909,6479,0,1179,35487
2024-10-01,34,Enterprise,22576,1881.33,1986,14299,4329,0,23935,26595
2024-10-01,35,Core Platform,103356,8613.0,28416,10320,7889,0,18653,15161
2024-10-01,36,AI Suite,145943,12161.92,20111,2973,4404,0,18996,22539
2024-10-01,37,Security,60426,5035.5,6178,2906,8243,0,22704,34342
2024-10-01,38,Analytics,57992,4832.67,9758,9902,5301,0,27118,35248
2024-10-01,39,Enterprise,116538,9711.5,48878,9437,3035,0,8271,26617
2024-10-01,40,Analytics,142782,11898.5,17998,16337,2120,0,18629,14752
2024-10-01,41,AI Suite,32197,2683.08,7161,1081,6397,0,28502,13351
2024-10-01,42,Analytics,134398,11199.83,32316,14305,1106,0,5102,31630
2024-10-01,43,Analytics,38271,3189.25,15195,8091,527,0,4622,20498
2024-10-01,44,Enterprise,0,0.0,12311,666,9662,0,6702,27951
2024-10-01,45,Enterprise,111530,9294.17,47153,5400,732,0,5583,10182
2024-10-01,46,Enterprise,47960,3996.67,19817,3720,338,0,24328,28229
2024-10-01,47,Core Platform,30197,2516.42,45389,11537,4056,0,3462,740
2024-10-01,48,Analytics,133542,11128.5,13788,9602,3979,0,27931,18144
2024-10-01,49,Core Platform,86534,7211.17,34495,15378,19,0,13282,2270
2024-10-01,50,AI Suite,106511,8875.92,17172,10417,7425,0,28670,31863
2024-10-01,51,AI Suite,36239,3019.92,1871,12439,7325,0,26738,30774
2024-10-01,52,Enterprise,16365,1363.75,31142,1378,7007,0,25771,4049
2024-10-01,53,Security,71647,5970.58,9874,10148,1747,0,22650,13552
2024-10-01,54,Analytics,85687,7140.58,44615,8370,3449,0,16396,33419
2024-10-01,55,AI Suite,518,43.17,21061,10351,9833,137181,1789,28779
2024-10-01,56,Core Platform,42834,3569.5,19777,4387,7120,0,22252,35158
2024-10-01,57,Core Platform,107602,8966.83,29632,12197,4440,0,19905,13733
2024-10-01,58,Security,153722,12810.17,39069,16299,9643,0,25375,8288
2024-10-01,59,Analytics,114504,9542.0,27788,5442,3023,0,1312,12324
2024-10-01,60,Analytics,36954,3079.5,27858,14903,9366,0,12556,15019
2024-10-01,61,Core Platform,59786,4982.17,5621,3481,4749,0,24731,14187
2024-10-01,62,Core Platform,65127,5427.25,16319,9054,1936,0,18935,29699
2024-10-01,63,Security,105967,8830.58,40640,1377,1030,0,14218,16702
2024-10-01,64,Analytics,30233,2519.42,24377,19083,5406,0,10808,14484
2024-10-01,65,Enterprise,90985,7582.08,43140,11197,9113,0,27982,18167
2024-10-01,66,Core Platform,141691,11807.58,30290,3124,7573,0,24542,552
2024-10-01,67,Core Platform,113011,9417.58,28393,415,2562,0,1891,32765
2024-10-01,68,Enterprise,129139,10761.58,32772,9929,2013,0,28449,7054
2024-10-01,69,Security,64168,5347.33,46165,18620,689,0,22280,3957
2024-10-01,70,Analytics,120597,10049.75,42711,11580,6903,0,29989,19674
2024-10-01,71,Enterprise,59138,4928.17,4671,2686,2582,0,16183,29762
2024-10-01,72,Analytics,143504,11958.67,13925,15895,5581,0,1009,28220
2024-10-01,73,AI Suite,96942,8078.5,3744,13952,1009,0,14636,12781
2024-10-01,74,Security,131795,10982.92,14927,10226,7654,0,12215,37831
2024-10-01,75,Enterprise,88524,7377.0,42903,16510,5430,0,7187,27417
2024-10-01,76,Enterprise,112933,9411.08,47677,2584,7945,0,25646,26134
2024-10-01,77,Core Platform,88706,7392.17,41353,13095,1672,0,29043,18364
2024-10-01,78,Security,162847,13570.58,33882,15644,667,0,18577,7024
2024-10-01,79,AI Suite,69912,5826.0,45126,667,7236,0,18765,9053
2024-10-01,80,Security,9948,829.0,6003,18543,8595,120456,8952,33795
2024-10-01,81,AI Suite,107167,8930.58,49697,900,258,0,7027,38885
2024-10-01,82,Enterprise,71948,5995.67,17131,11590,9220,0,17262,8287
2024-10-01,83,AI Suite,92348,7695.67,29708,14318,9678,0,29745,21418
2024-10-01,84,Security,100638,8386.5,5478,14503,8243,0,2110,19933
2024-10-01,85,Security,148626,12385.5,26156,6561,1493,0,14129,21917
2024-10-01,86,Analytics,118982,9915.17,41320,13494,9843,0,3469,3933
2024-10-01,87,Analytics,106081,8840.08,48343,18298,1249,0,11229,10023
2024-10-01,88,Core Platform,151134,12594.5,48555,6392,5214,0,28295,38073
2024-10-01,89,Enterprise,101534,8461.17,28663,4600,7223,0,22565,37553
2024-10-01,90,Core Platform,48597,4049.75,34871,5619,1730,0,1730,25389
2024-10-01,91,Analytics,41847,3487.25,12931,1849,1719,0,18583,30820
2024-10-01,92,Analytics,114666,9555.5,30951,12551,1703,0,22488,25785
2024-10-01,93,Core Platform,66725,5560.42,12799,12247,3956,0,9119,19369
2024-10-01,94,Security,23375,1947.92,20550,18662,5238,0,10624,32040
2024-10-01,95,AI Suite,57432,4786.0,23005,13682,4509,0,23130,33629
2024-10-01,96,Analytics,119055,9921.25,9033,5972,9913,0,11920,19330
2024-10-01,97,Analytics,85056,7088.0,4157,15299,3396,0,11228,2458
2024-10-01,98,Core Platform,121732,10144.33,10906,9298,1046,0,12896,39532
2024-10-01,99,Core Platform,49293,4107.75,32143,1676,6584,0,29119,22290
2024-10-01,100,Core Platform,4278,356.5,15207,5689,1411,33321,23498,19222
2024-10-01,101,Core Platform,158544,13212.0,49359,18732,3277,0,7443,39144
2024-10-01,102,Analytics,104982,8748.5,40995,13304,8558,0,9329,17299
2024-10-01,103,Security,55898,4658.17,17783,14013,3078,0,18375,2215
2024-10-01,104,Core Platform,150965,12580.42,1708,15439,6594,0,19410,34888
2024-10-01,105,AI Suite,120788,10065.67,5872,14854,1805,0,23545,1260
2024-10-01,106,Analytics,3726,310.5,47683,6831,3105,130991,15014,28079
2024-10-01,107,Analytics,146446,12203.83,24466,10027,1954,0,25820,24928
2024-10-01,108,Core Platform,124779,10398.25,18043,17991,3879,0,25523,39256
2024-10-01,109,Core Platform,0,0.0,14297,6099,9448,6183,6897,13511
2024-10-01,110,Enterprise,56505,4708.75,7310,6044,145,0,25695,25603
2024-10-01,111,Enterprise,127390,10615.83,37726,8726,9843,0,21493,37980
2024-10-01,112,Analytics,46748,3895.67,43692,14719,4211,0,14989,26015
2024-10-01,113,AI Suite,147201,12266.75,17014,5408,5289,0,20869,24026
2024-10-01,114,Analytics,99157,8263.08,4661,8061,8012,0,27392,5875
2024-10-01,115,Analytics,66779,5564.92,45740,5630,1243,0,2619,17458
2024-10-01,116,AI Suite,78347,6528.92,19658,8005,338,0,4718,9584
2024-10-01,117,Enterprise,148474,12372.83,44251,5841,4927,0,9596,22844
2024-10-01,118,Enterprise,83622,6968.5,48506,435,2736,0,5288,9928
2024-10-01,119,Analytics,50513,4209.42,10955,16298,2671,0,25872,39679
2024-10-01,120,Analytics,115115,9592.92,22441,17307,1272,0,18890,8007
2024-10-01,121,Core Platform,127255,10604.58,48292,8762,3112,0,398,9972
2024-10-01,122,AI Suite,83154,6929.5,2498,19052,2592,0,14439,34605
2024-10-01,123,Security,13687,1140.58,35392,13,1194,0,27170,6968
2024-10-01,124,Analytics,122902,10241.83,49235,2799,3229,0,16889,11649
2024-10-01,125,Enterprise,58694,4891.17,18114,8706,7984,0,1935,39530
2024-10-01,126,Security,14919,1243.25,1830,2651,9570,0,22609,20571
2024-10-01,127,Core Platform,24702,2058.5,43229,16680,6048,0,22570,428
2024-10-01,128,Enterprise,39482,3290.17,12971,7896,622,0,25,6911
2024-10-01,129,Analytics,114920,9576.67,29479,14008,898,0,24602,32396
2024-10-01,130,Security,78373,6531.08,24203,185,7743,0,17643,32699
2024-10-01,131,Analytics,81551,6795.92,9134,1344,7908,0,22756,16814
2024-10-01,132,Core Platform,32821,2735.08,42007,3863,9532,0,23410,37983
2024-10-01,133,Security,104681,8723.42,23332,16687,3505,0,12872,3841
2024-10-01,134,Core Platform,56336,4694.67,17447,3841,5014,0,22770,36452
2024-10-01,135,Security,92632,7719.33,17717,4418,4552,0,10585,37029
2024-10-01,136,Enterprise,18926,1577.17,41638,10397,7307,0,17553,16964
2024-10-01,137,Enterprise,2006,167.17,3300,1605,5599,0,16673,15706
2024-10-01,138,Core Platform,44927,3743.92,24576,14480,5261,0,18657,27281
2024-10-01,139,Core Platform,38558,3213.17,27602,9930,2806,0,6358,35301
2024-10-01,140,Enterprise,51798,4316.5,49027,14621,5377,0,6579,27764
2024-10-01,141,Core Platform,84113,7009.42,18598,3177,1356,0,12497,8957
2024-10-01,142,AI Suite,21661,1805.08,8460,15171,865,0,2876,7472
2024-10-01,143,Analytics,97428,8119.0,27826,16830,3763,0,17495,18868
2024-10-01,144,AI Suite,43526,3627.17,30075,8286,2543,0,22107,15041
2024-10-01,145,AI Suite,86300,7191.67,11960,6592,7775,0,19559,15374
2024-10-01,146,AI Suite,60563,5046.92,26464,7182,9115,0,1308,278
2024-10-01,147,Analytics,4917,409.75,8352,5950,8073,0,14457,27662
2024-10-01,148,Analytics,108255,9021.25,37353,11853,9325,0,6355,38501
2024-10-01,149,AI Suite,117032,9752.67,46893,7949,258,0,9593,32494
2024-10-01,150,Security,67857,5654.75,19859,8901,1333,0,4921,27993
2024-10-01,151,Security,78609,6550.75,26826,11013,990,0,6505,32581
2024-10-01,152,AI Suite,1758,146.5,2651,3180,8642,0,10817,20891
2024-10-01,153,AI Suite,91676,7639.67,39905,11322,4198,0,24346,7821
2024-10-01,154,Security,47290,3940.83,29683,9874,6514,0,13283,17738
2024-10-01,155,Security,6491,540.92,39944,5309,9054,0,13446,37787
2024-10-01,156,Security,68630,5719.17,35759,1568,6588,0,23296,26332
2024-10-01,157,Core Platform,14800,1233.33,27469,15680,880,19188,12892,29692
2024-10-01,158,Security,128318,10693.17,33171,18047,8362,0,20891,20769
2024-10-01,159,Analytics,44821,3735.08,8399,28,6410,0,2804,38778
2024-10-01,160,Enterprise,137043,11420.25,24258,8887,1840,0,8974,18020
2024-10-01,161,Analytics,17274,1439.5,10862,7839,5849,0,16323,10493
2024-10-01,162,Analytics,35930,2994.17,27082,16817,7904,0,19114,29961
2024-10-01,163,Core Platform,77839,6486.58,48107,3375,7978,0,15926,9008
2024-10-01,164,Security,80384,6698.67,15555,11552,6241,0,4945,3972
2024-10-01,165,Core Platform,41321,3443.42,46356,5149,8565,0,29023,35347
2024-10-01,166,Analytics,95846,7987.17,5661,2231,2115,0,14438,27293
2024-10-01,167,AI Suite,103087,8590.58,22660,17285,9598,0,1558,37845
2024-10-01,168,Analytics,143456,11954.67,32620,10414,4387,0,14580,27442
2024-10-01,169,AI Suite,138334,11527.83,26076,51,7687,0,10466,3533
2024-10-01,170,AI Suite,40829,3402.42,35136,12444,4282,0,686,26175
2024-10-01,171,Analytics,97234,8102.83,17497,3962,5601,0,2885,25018
2024-10-01,172,Core Platform,145445,12120.42,19518,14517,3578,0,14148,7088
2024-10-01,173,Security,26417,2201.42,11700,9015,4037,0,17430,29813
2024-10-01,174,Core Platform,74808,6234.0,38831,18884,3344,0,11639,39571
2024-10-01,175,Core Platform,150348,12529.0,10976,14345,7705,0,3338,2308
2024-10-01,176,AI Suite,103040,8586.67,12292,12890,1949,0,9134,23020
2024-10-01,177,Security,115601,9633.42,8875,15818,8246,0,27881,14953
2024-10-01,178,Core Platform,39504,3292.0,33881,18748,7841,0,28739,16405
2024-10-01,179,Core Platform,92289,7690.75,3034,3247,3466,0,10054,3921
2024-10-01,180,Analytics,0,0.0,13754,4942,4952,141474,2898,25592
2024-10-01,181,Security,10241,853.42,49384,11804,1563,34001,22659,10949
2024-10-01,182,Security,57854,4821.17,14933,13908,2057,0,26943,35791
2024-10-01,183,Enterprise,14896,1241.33,4482,7814,1188,0,8042,26226
2024-10-01,184,AI Suite,134836,11236.33,34126,6622,1569,0,23781,3539
2024-10-01,185,AI Suite,90565,7547.08,46162,5720,3879,0,29565,7599
2024-10-01,186,Core Platform,118335,9861.25,30497,4615,1907,0,29483,25733
2024-10-01,187,Analytics,86243,7186.92,44133,4229,9432,0,6051,32703
2024-10-01,188,AI Suite,94107,7842.25,18837,7752,2337,0,412,11117
2024-10-01,189,Analytics,92155,7679.58,35779,21,1421,0,13225,4232
2024-10-01,190,Enterprise,60486,5040.5,19640,13990,615,0,29301,33427
2024-10-01,191,AI Suite,132525,11043.75,22364,8732,5624,0,25912,8305
2024-10-01,192,Analytics,146864,12238.67,7091,19757,8904,0,29700,16421
2024-10-01,193,Security,39281,3273.42,47458,16304,2286,0,4299,25832
2024-10-01,194,Analytics,95755,7979.58,44417,19240,773,0,4711,20923
2024-10-01,195,Analytics,55575,4631.25,5744,3306,2495,0,28101,38751
2024-10-01,196,Core Platform,45717,3809.75,34667,608,6186,0,3755,28259
2024-10-01,197,Enterprise,52726,4393.83,8190,1712,4,0,1833,38625
2024-10-01,198,Enterprise,143669,11972.42,17949,8985,229,0,12517,37517
2024-10-01,199,Enterprise,73273,6106.08,48030,10799,414,0,18646,2463
2024-10-01,200,Security,86036,7169.67,44077,16004,7110,0,9610,29356
2024-10-01,201,Core Platform,49995,4166.25,3629,13070,9852,0,10382,25932
2024-10-01,202,AI Suite,100412,8367.67,24391,18632,3213,0,26199,11606
2024-10-01,203,Enterprise,98922,8243.5,22630,9121,2442,0,7381,21554
2024-10-01,204,Enterprise,18954,1579.5,19880,8327,6974,0,24551,1379
2024-10-01,205,AI Suite,47730,3977.5,18864,4370,92,0,13299,31944
2024-10-01,206,Analytics,137006,11417.17,39344,6650,2748,0,5009,6899
2024-10-01,207,Core Platform,69664,5805.33,3263,1729,3295,0,21868,6203
2024-10-01,208,AI Suite,23622,1968.5,11370,9535,1933,0,5227,12678
2024-10-01,209,Security,33486,2790.5,6996,13230,9873,0,8626,1508
2024-10-01,210,AI Suite,32106,2675.5,33564,11436,1759,0,20010,20502
2024-10-01,211,Security,49586,4132.17,9902,9671,5152,0,20120,25260
2024-10-01,212,Core Platform,62059,5171.58,14641,19009,8168,0,21709,7433
2024-10-01,213,Enterprise,63112,5259.33,28535,15218,4515,0,16903,14931
2024-10-01,214,Enterprise,32331,2694.25,43538,18011,3578,0,22527,6527
2024-10-01,215,Analytics,6730,560.83,37133,543,2231,0,29229,34091
2024-10-01,216,Core Platform,126862,10571.83,20309,11056,8574,0,5341,22843
2024-10-01,217,Core Platform,109726,9143.83,19122,19681,1388,0,29305,24540
2024-10-01,218,Security,129815,10817.92,36893,6240,8711,0,22408,24364
2024-10-01,219,Analytics,0,0.0,22841,2148,5537,132146,12947,4957
2024-10-01,220,Analytics,119260,9938.33,1356,8866,8550,0,19661,19747
2024-10-01,221,Enterprise,140042,11670.17,44160,15104,3880,0,13904,13517
2024-10-01,222,Core Platform,138903,11575.25,28008,17208,5138,0,5649,4622
2024-10-01,223,Enterprise,92157,7679.75,13485,19941,7827,0,29352,3571
2024-10-01,224,Enterprise,88848,7404.0,16626,11483,9873,0,11874,39237
2024-10-01,225,Core Platform,142964,11913.67,14383,2987,5682,0,20659,21560
2024-10-01,226,Enterprise,86749,7229.08,25124,4914,5839,0,25281,32888
2024-10-01,227,Core Platform,137976,11498.0,21704,11009,211,0,3388,26675
2024-10-01,228,Core Platform,61399,5116.58,43231,1245,4661,0,19711,23251
2024-10-01,229,Security,122398,10199.83,35129,10491,4463,0,798,24597
2024-10-01,230,Enterprise,76228,6352.33,46581,404,1372,0,13433,34516
2024-10-01,231,Enterprise,141571,11797.58,11814,5192,4748,0,17359,677
2024-10-01,232,AI Suite,149539,12461.58,13300,11489,1853,0,26946,24679
2024-10-01,233,AI Suite,58526,4877.17,24659,15817,7744,0,14082,38827
2024-10-01,234,Core Platform,33404,2783.67,6359,5032,6003,0,743,737
2024-10-01,235,Analytics,109991,9165.92,4444,13110,3384,0,7189,31816
2024-10-01,236,Core Platform,35142,2928.5,29831,12829,3110,0,22998,15717
2024-10-01,237,Analytics,33699,2808.25,4788,3770,3524,0,24912,32332
2024-10-01,238,Analytics,86132,7177.67,11953,5486,7972,0,20981,23708
2024-10-01,239,Analytics,63070,5255.83,27795,1772,261,0,8634,16002
2024-10-01,240,Analytics,114027,9502.25,48102,8901,7263,0,17292,17673
2024-10-01,241,Security,50012,4167.67,35602,4606,646,0,21611,9747
2024-10-01,242,AI Suite,0,0.0,30504,2856,7702,108600,8405,23576
2024-10-01,243,Security,60745,5062.08,40315,629,8607,0,9048,14676
2024-10-01,244,AI Suite,0,0.0,48591,1871,2088,42396,7390,12852
2024-10-01,245,Core Platform,70527,5877.25,10205,11448,1968,0,23289,32019
2024-10-01,246,Core Platform,96409,8034.08,49781,1619,7391,0,16264,27469
2024-10-01,247,Enterprise,6618,551.5,12054,3070,7215,0,5655,30700
2024-10-01,248,Enterprise,21941,1828.42,10216,11994,8476,0,14513,35047
2024-10-01,249,Enterprise,148357,12363.08,36684,19118,3413,0,13229,35482
2024-10-01,250,Enterprise,39568,3297.33,17261,1466,2010,0,516,39966
2024-10-01,251,Analytics,26704,2225.33,13109,16834,7416,0,10527,26281
2024-10-01,252,Security,87645,7303.75,15541,7964,1184,0,20772,11337
2024-10-01,253,Enterprise,67123,5593.58,10285,8873,6230,0,9665,31614
2024-10-01,254,Analytics,108002,9000.17,35139,11936,3758,0,2594,4630
2024-10-01,255,Security,0,0.0,10153,785,8903,30132,1107,7758
2024-10-01,256,Enterprise,51125,4260.42,33838,11894,2804,0,18032,21830
2024-10-01,257,Core Platform,32575,2714.58,10181,2900,4943,0,12374,10713
2024-10-01,258,Core Platform,45886,3823.83,36255,18693,8208,0,6229,5004
2024-10-01,259,Enterprise,37849,3154.08,22897,942,8441,0,15856,4190
2024-10-01,260,Core Platform,654,54.5,26189,1212,558,137189,5441,1443
2024-10-01,261,Analytics,91250,7604.17,37225,387,5354,0,6841,19499
2024-10-01,262,Security,115883,9656.92,37831,17429,4207,0,20593,11804
2024-10-01,263,AI Suite,8571,714.25,5745,4104,1262,0,24567,33634
2024-10-01,264,Security,67295,5607.92,13749,2124,6568,0,9403,35161
2024-10-01,265,AI Suite,76475,6372.92,27585,7603,7786,0,14046,24011
2024-10-01,266,Security,142239,11853.25,48959,15720,3851,0,9832,30759
2024-10-01,267,Analytics,114213,9517.75,2143,2552,723,0,8810,16451
2024-10-01,268,Core Platform,113855,9487.92,18105,10146,664,0,6573,11768
2024-10-01,269,Core Platform,139880,11656.67,41961,6828,7984,0,28567,29272
2024-10-01,270,Enterprise,122127,10177.25,27753,9549,9757,0,3999,762
2024-10-01,271,AI Suite,138615,11551.25,11814,17242,2471,0,22246,3517
2024-10-01,272,AI Suite,144491,12040.92,6628,5438,1130,0,697,17522
2024-10-01,273,AI Suite,66574,5547.83,4345,6697,9818,0,11674,11086
2024-10-01,274,Analytics,83384,6948.67,19894,13423,478,0,2949,7593
2024-10-01,275,Security,120738,10061.5,20672,19014,3045,0,21282,35572
2024-10-01,276,Security,20179,1681.58,47335,3173,7688,0,25047,3474
2024-10-01,277,AI Suite,6376,531.33,36128,2811,2322,0,8171,30920
2024-10-01,278,Core Platform,23061,1921.75,20706,7223,6167,0,982,13493
2024-10-01,279,Analytics,79547,6628.92,16702,18878,2825,0,18546,5299
2024-10-01,280,Analytics,104116,8676.33,36119,17710,1462,0,11779,36221
2024-10-01,281,Analytics,93832,7819.33,8918,14386,637,0,13228,12843
2024-10-01,282,Enterprise,51616,4301.33,11944,6642,6602,0,24918,14359
2024-10-01,283,Enterprise,67646,5637.17,36238,177,9717,0,3980,25756
2024-10-01,284,Security,123626,10302.17,36528,3311,1229,0,1301,16257
2024-10-01,285,Security,24931,2077.58,18158,19655,4222,0,26025,20340
2024-10-01,286,Security,95849,7987.42,5620,12660,2346,0,5808,23886
2024-10-01,287,AI Suite,137370,11447.5,1233,7388,3998,0,27478,35540
2024-10-01,288,Security,57694,4807.83,34240,6315,613,0,26786,19101
2024-10-01,289,Enterprise,125719,10476.58,28865,8283,5900,0,8081,13814
2024-10-01,290,Analytics,113398,9449.83,2104,13355,5853,0,17517,16926
2024-10-01,291,AI Suite,29127,2427.25,13069,14294,3076,0,28621,25917
2024-10-01,292,AI Suite,42863,3571.92,25974,18352,3780,0,11799,12615
2024-10-01,293,Core Platform,36592,3049.33,36911,2719,1274,0,24832,15873
2024-10-01,294,Enterprise,138499,11541.58,31281,10357,5501,0,1046,36332
2024-10-01,295,Security,48472,4039.33,27911,15880,294,0,3606,22773
2024-10-01,296,Core Platform,122276,10189.67,30552,8691,254,0,1100,35596
2024-10-01,297,Security,85890,7157.5,19300,1524,8110,0,3606,9823
2024-10-01,298,Core Platform,156529,13044.08,9738,18038,4865,0,13560,6381
2024-10-01,299,Enterprise,84398,7033.17,26472,7218,8982,0,1408,29018
2024-10-01,300,AI Suite,55754,4646.17,6035,15348,8996,0,9526,5172
2024-10-01,301,AI Suite,1091,90.92,38036,3560,2469,117490,2732,17998
2024-10-01,302,Analytics,31762,2646.83,39432,19761,8338,0,13828,18170
2024-10-01,303,Security,152867,12738.92,20396,12456,62,0,22971,25495
2024-10-01,304,Security,8629,719.08,38641,5692,4075,0,541,22906
2024-10-01,305,Security,107423,8951.92,11458,5146,3412,0,27556,6011
2024-10-01,306,AI Suite,124921,10410.08,23763,2773,434,0,15015,19091
2024-10-01,307,AI Suite,147388,12282.33,5743,17664,2763,0,5490,28846
2024-10-01,308,Security,67531,5627.58,7596,3594,9735,0,6449,29581
2024-10-01,309,Security,79136,6594.67,12507,13667,1997,0,21952,18344
2024-10-01,310,Enterprise,111262,9271.83,9402,16902,1863,0,6580,38475
2024-10-01,311,Analytics,146343,12195.25,20964,16383,420,0,28332,36982
2024-10-01,312,AI Suite,123682,10306.83,31143,19391,9295,0,27600,33005
2024-10-01,313,Core Platform,141163,11763.58,37650,19695,3310,0,20134,18925
2024-10-01,314,Core Platform,136541,11378.42,16998,9370,3251,0,5140,9822
2024-10-01,315,AI Suite,81430,6785.83,24227,3788,5054,0,18211,38807
2024-10-01,316,Core Platform,43887,3657.25,36936,3001,6621,0,15167,445
2024-10-01,317,Core Platform,134802,11233.5,33319,3950,9366,0,19163,2585
2024-10-01,318,AI Suite,26788,2232.33,36027,14741,4205,0,2810,37722
2024-10-01,319,Security,46986,3915.5,33521,17840,9245,0,4657,31498
2024-10-01,320,Security,17497,1458.08,12236,6173,5358,0,3008,24177
2024-10-01,321,Enterprise,100269,8355.75,40171,5820,9556,0,4147,2282
2024-10-01,322,Security,49864,4155.33,44564,6991,6004,0,4346,685
2024-10-01,323,AI Suite,134497,11208.08,3125,13727,8338,0,15621,5188
2024-10-01,324,Enterprise,120860,10071.67,3452,14666,6525,0,10567,19055
2024-10-01,325,Core Platform,126016,10501.33,43654,11275,1190,0,21727,19778
2024-10-01,326,Analytics,75524,6293.67,29209,994,5073,0,12756,36414
2024-10-01,327,Enterprise,58688,4890.67,28997,11140,7094,0,26938,18734
2024-10-01,328,Security,39461,3288.42,35002,17729,320,0,13727,11851
2024-10-01,329,Analytics,2647,220.58,1335,3608,961,96236,25377,78
2024-10-01,330,Analytics,123357,10279.75,43521,15011,7496,0,20657,387
2024-10-01,331,Security,134266,11188.83,16182,11298,7909,0,13821,12313
2024-10-01,332,Enterprise,66407,5533.92,6741,5528,7877,0,85,23263
2024-10-01,333,AI Suite,133250,11104.17,25070,13024,321,0,17568,8688
2024-10-01,334,AI Suite,117190,9765.83,47661,10369,1745,0,9137,20548
2024-10-01,335,AI Suite,126216,10518.0,19825,18630,9703,0,23384,2700
2024-10-01,336,Analytics,15594,1299.5,43517,8383,4308,0,14933,20679
2024-10-01,337,Analytics,40372,3364.33,5627,17587,7919,0,12715,19165
2024-10-01,338,AI Suite,29372,2447.67,1946,2177,4636,0,9486,15162
2024-10-01,339,Security,25999,2166.58,37956,16033,125,0,24181,21003
2024-10-01,340,AI Suite,7903,658.58,7599,4075,6476,0,7476,11753
2024-10-01,341,Analytics,11019,918.25,34626,14193,3174,31178,4433,36936
2024-10-01,342,Analytics,39126,3260.5,22394,17750,1632,0,13041,32405
2024-10-01,343,Analytics,43122,3593.5,44572,8440,5454,0,11932,23264
2024-10-01,344,Core Platform,87543,7295.25,24313,9495,824,0,22856,13195
2024-10-01,345,Enterprise,68442,5703.5,27136,9132,6957,0,28948,22098
2024-10-01,346,Analytics,68797,5733.08,34370,11185,5094,0,12951,1013
2024-10-01,347,Analytics,110764,9230.33,11964,7270,4853,0,18839,34396
2024-10-01,348,AI Suite,71546,5962.17,29227,7645,3281,0,25683,7287
2024-10-01,349,Enterprise,116242,9686.83,48112,10219,7100,0,10912,32686
2024-10-01,350,Analytics,140784,11732.0,36860,4526,9107,0,4848,7724
2024-10-01,351,AI Suite,39425,3285.42,9560,9136,8996,0,25605,32186
2024-10-01,352,Security,146862,12238.5,43588,9707,2898,0,14582,25436
2024-10-01,353,Security,98670,8222.5,34246,16960,2191,0,3583,29337
2024-10-01,354,Core Platform,45247,3770.58,36857,508,6173,0,18275,8990
2024-10-01,355,Core Platform,70416,5868.0,32351,13151,3918,0,1215,29317
2024-10-01,356,Core Platform,129607,10800.58,26959,197,3522,0,4245,13042
2024-10-01,357,Analytics,30637,2553.08,45538,19369,6506,0,6825,7129
2024-10-01,358,Analytics,138796,11566.33,40158,11330,6832,0,29864,7603
2024-10-01,359,Enterprise,80146,6678.83,48700,18965,8083,0,27365,30740
2024-10-01,360,Enterprise,72459,6038.25,35645,16078,2965,0,25931,39252
2024-10-01,361,Security,143070,11922.5,15498,1009,4769,0,14986,30080
2024-10-01,362,Enterprise,116825,9735.42,19114,3291,9718,0,13566,33104
2024-10-01,363,AI Suite,45877,3823.08,21420,13123,9943,0,29424,10212
2024-10-01,364,Security,72984,6082.0,45308,18243,3169,0,1674,8213
2024-10-01,365,Enterprise,138787,11565.58,8239,16906,9775,0,9019,24530
2024-10-01,366,AI Suite,19627,1635.58,8626,10749,3142,0,26560,17162
2024-10-01,367,Analytics,1317,109.75,32834,4310,2993,149285,12675,35462
2024-10-01,368,Enterprise,15321,1276.75,10036,11765,6828,0,23571,15697
2024-10-01,369,Analytics,44660,3721.67,18937,8348,5270,0,27645,18859
2024-10-01,370,Core Platform,129982,10831.83,35206,16436,5465,0,15701,13116
2024-10-01,371,Security,136736,11394.67,30908,3356,4183,0,16902,34587
2024-10-01,372,Security,22764,1897.0,31159,17522,8383,0,8898,34496
2024-10-01,373,Enterprise,18715,1559.58,36574,206,3816,0,2461,3314
2024-10-01,374,Core Platform,146039,12169.92,49367,12079,1333,0,20775,17613
2024-10-01,375,Core Platform,17164,1430.33,11692,4955,4068,0,25109,7758
2024-10-01,376,Enterprise,64592,5382.67,9960,777,7059,0,19637,27872
2024-10-01,377,Core Platform,120288,10024.0,24197,9623,3052,0,14415,14514
2024-10-01,378,Enterprise,106370,8864.17,24175,5686,586,0,21849,12307
2024-10-01,379,AI Suite,132777,11064.75,40227,14434,6861,0,29563,37028
2024-10-01,380,Core Platform,91050,7587.5,48272,10639,5380,0,28859,24650
2024-10-01,381,Analytics,86822,7235.17,21980,17761,7034,0,15395,9077
2024-10-01,382,AI Suite,77501,6458.42,20638,13283,4491,0,17879,26924
2024-10-01,383,Enterprise,3689,307.42,15464,5607,1918,87844,500,28928
2024-10-01,384,Enterprise,76446,6370.5,42660,16792,8690,0,244,21
2024-10-01,385,Analytics,34024,2835.33,45882,8350,4328,0,23220,7805
2024-10-01,386,Enterprise,51659,4304.92,11932,4620,6392,0,16788,21000
2024-10-01,387,Security,135046,11253.83,33889,19594,3909,0,20977,22591
2024-10-01,388,Security,147688,12307.33,3979,14859,4866,0,8793,36030
2024-10-01,389,Enterprise,69529,5794.08,37230,10752,8869,0,3374,12844
2024-10-01,390,Security,137498,11458.17,39579,8879,1326,0,27789,32546
2024-10-01,391,Security,125287,10440.58,23714,16199,2854,0,10451,31268
2024-10-01,392,Core Platform,80271,6689.25,45503,12100,4638,0,25271,20803
2024-10-01,393,Analytics,141600,11800.0,16134,16927,945,0,29522,29374
2024-10-01,394,Analytics,31508,2625.67,38342,14722,6295,0,4722,20764
2024-10-01,395,Analytics,15138,1261.5,27157,2131,2211,0,19236,13687
2024-10-01,396,AI Suite,101835,8486.25,42309,12319,8329,0,24606,36845
2024-10-01,397,Analytics,19281,1606.75,32203,19691,410,43736,15219,30630
2024-10-01,398,Security,84012,7001.0,25204,18965,5147,0,22776,25296
2024-10-01,399,Enterprise,70795,5899.58,11817,5761,263,0,21761,216
2024-10-01,400,Enterprise,9727,810.58,33513,5790,7815,0,12225,39753
2024-10-01,401,Core Platform,46181,3848.42,33309,12748,878,0,24854,19649
2024-10-01,402,AI Suite,147632,12302.67,27437,8774,7506,0,17194,11936
2024-10-01,403,AI Suite,72836,6069.67,5979,7271,2502,0,8108,14714
2024-10-01,404,Enterprise,152894,12741.17,40980,9570,5942,0,28382,11632
2024-10-01,405,Analytics,153610,12800.83,17578,13150,9536,0,11903,19399
2024-10-01,406,Security,19599,1633.25,47083,6163,6145,0,16719,18232
2024-10-01,407,AI Suite,96306,8025.5,13708,11951,6745,0,11721,38887
2024-10-01,408,Core Platform,62513,5209.42,42852,19574,1849,0,1129,39086
2024-10-01,409,Enterprise,52284,4357.0,18552,15825,4341,0,6984,16090
2024-10-01,410,Enterprise,142154,11846.17,36552,13544,9617,0,17834,27640
2024-10-01,411,Security,82984,6915.33,31616,2587,6447,0,24390,2093
2024-10-01,412,Core Platform,81236,6769.67,16649,15791,3269,0,9199,35899
2024-10-01,413,AI Suite,73510,6125.83,12913,3529,7862,0,23173,2699
2024-10-01,414,AI Suite,37311,3109.25,33423,9106,1253,0,9731,18815
2024-10-01,415,Security,35747,2978.92,28378,14022,4371,0,6321,23139
2024-10-01,416,Core Platform,30425,2535.42,1787,17493,3228,0,21660,34657
2024-10-01,417,Core Platform,53753,4479.42,47066,3798,4131,0,21286,579
2024-10-01,418,Analytics,6278,523.17,26485,14336,8058,87323,17048,23497
2024-10-01,419,Enterprise,88422,7368.5,21154,2599,4682,0,21169,28214
2024-10-01,420,AI Suite,80666,6722.17,42640,11939,4841,0,3754,1905
2024-10-01,421,Analytics,147817,12318.08,11860,9477,4887,0,11518,17099
2024-10-01,422,Security,69212,5767.67,46317,17845,4659,0,5784,8697
2024-10-01,423,Security,114742,9561.83,43655,9228,6215,0,3060,28368
2024-10-01,424,AI Suite,58553,4879.42,3626,19776,8886,0,17919,30827
2024-10-01,425,AI Suite,52420,4368.33,44071,16347,4332,0,29252,10856
2024-10-01,426,Core Platform,100642,8386.83,31799,19836,4126,0,26710,1079
2024-10-01,427,Analytics,96135,8011.25,39519,2079,6459,0,1270,28195
2024-10-01,428,Analytics,133166,11097.17,8852,14129,7747,0,19357,34277
2024-10-01,429,Core Platform,24660,2055.0,36473,16096,8351,0,8999,29848
2024-10-01,430,Security,35577,2964.75,48286,9232,1058,0,16860,6305
2024-10-01,431,Core Platform,92997,7749.75,18318,10027,8133,0,18812,25214
2024-10-01,432,Security,85343,7111.92,19312,8077,5569,0,25513,11117
2024-10-01,433,Security,78375,6531.25,22834,2751,3029,0,1803,24462
2024-10-01,434,Core Platform,147695,12307.92,43693,13130,2368,0,24148,14930
2024-10-01,435,AI Suite,27618,2301.5,34774,9342,7415,0,23254,18778
2024-10-01,436,Analytics,134761,11230.08,14406,15708,3349,0,14670,4584
2024-10-01,437,AI Suite,57679,4806.58,29690,18695,1891,0,17627,2124
2024-10-01,438,Analytics,25155,2096.25,20574,11372,5353,0,21034,9631
2024-10-01,439,Analytics,135150,11262.5,31098,18316,5046,0,13544,25361
2024-10-01,440,Security,87344,7278.67,17512,233,6838,0,4750,28873
2024-10-01,441,Enterprise,68460,5705.0,31398,17722,2377,0,20665,1114
2024-10-01,442,AI Suite,26941,2245.08,41823,19041,3112,0,15286,7941
2024-10-01,443,Enterprise,89343,7445.25,16532,11409,3096,0,15674,27929
2024-10-01,444,Analytics,89204,7433.67,3724,11707,7695,0,1924,34125
2024-10-01,445,Core Platform,17472,1456.0,32158,18763,7699,0,5306,30631
2024-10-01,446,Core Platform,99377,8281.42,32328,6740,110,0,1139,2491
2024-10-01,447,Analytics,87765,7313.75,24906,10102,8336,0,4572,37772
2024-10-01,448,AI Suite,55724,4643.67,23547,17234,7366,0,24497,9298
2024-10-01,449,Enterprise,46113,3842.75,7390,11359,5642,0,9675,27371
2024-10-01,450,Enterprise,117311,9775.92,5332,2285,787,0,10704,2532
2024-10-01,451,AI Suite,141816,11818.0,30090,6557,2151,0,7400,19307
2024-10-01,452,AI Suite,155524,12960.33,27108,17428,721,0,16574,5520
2024-10-01,453,Analytics,37428,3119.0,10066,17301,3231,0,17529,17120
2024-10-01,454,Security,118534,9877.83,30426,863,8173,0,13821,24208
2024-10-01,455,Enterprise,79800,6650.0,47493,4479,6840,0,17765,35433
2024-10-01,456,Security,79686,6640.5,48073,736,9894,0,14174,23016
2024-10-01,457,Analytics,139088,11590.67,15442,1989,4886,0,22062,9441
2024-10-01,458,Analytics,142783,11898.58,36362,7714,2232,0,3735,22710
2024-10-01,459,Analytics,140190,11682.5,47369,4072,6363,0,1210,28055
2024-10-01,460,AI Suite,96482,8040.17,32847,4431,1607,0,9967,25677
2024-10-01,461,AI Suite,84625,7052.08,35650,18289,8159,0,10616,38081
2024-10-01,462,Security,112552,9379.33,18633,1599,610,0,12674,5094
2024-10-01,463,Security,93822,7818.5,13285,10901,1237,0,12125,16891
2024-10-01,464,Enterprise,111592,9299.33,39753,10276,369,0,7550,34940
2024-10-01,465,Core Platform,8260,688.33,26661,15483,7223,77300,18751,234
2024-10-01,466,Enterprise,37741,3145.08,32654,13805,2630,0,13105,38157
2024-10-01,467,AI Suite,78212,6517.67,23937,9092,2294,0,1211,4400
2024-10-01,468,Analytics,13627,1135.58,17718,9622,6066,0,28082,19514
2024-10-01,469,Analytics,118253,9854.42,6857,9013,4643,0,25754,39728
2024-10-01,470,Enterprise,134867,11238.92,33041,5246,9439,0,27472,13959
2024-10-01,471,Enterprise,75598,6299.83,14031,10505,5380,0,537,37747
2024-10-01,472,Analytics,26893,2241.08,6345,11847,5092,0,8696,13864
2024-10-01,473,Analytics,92521,7710.08,23886,4704,5068,0,22709,1866
2024-10-01,474,AI Suite,9385,782.08,1394,17487,8102,148327,27325,2829
2024-10-01,475,Analytics,122056,10171.33,4542,13598,8552,0,19961,10978
2024-10-01,476,AI Suite,22522,1876.83,33466,11641,7116,0,5227,18478
2024-10-01,477,AI Suite,67676,5639.67,38409,17370,2715,0,6539,27613
2024-10-01,478,Enterprise,41508,3459.0,14795,16028,836,0,321,36094
2024-10-01,479,Analytics,52950,4412.5,22352,3321,419,0,14367,6147
2024-10-01,480,Analytics,109051,9087.58,4660,10899,1928,0,23259,39856
2024-10-01,481,Security,59266,4938.83,41301,16178,3706,0,29498,38031
2024-10-01,482,Security,146568,12214.0,43023,9179,8653,0,7958,9792
2024-10-01,483,Security,35433,2952.75,32768,16663,6212,0,911,23164
2024-10-01,484,AI Suite,28056,2338.0,33622,5142,6345,0,85,38755
2024-10-01,485,AI Suite,6422,535.17,28710,13936,7514,44448,2983,18166
2024-10-01,486,Enterprise,51582,4298.5,13005,9001,4391,0,15391,30809
2024-10-01,487,Security,139560,11630.0,25466,18296,6870,0,25376,7261
2024-10-01,488,Core Platform,47592,3966.0,27697,4629,4478,0,23719,36505
2024-10-01,489,AI Suite,36935,3077.92,37503,16239,5079,0,3243,30834
2024-10-01,490,Analytics,138852,11571.0,39219,17926,5879,0,6036,6801
2024-10-01,491,Analytics,86659,7221.58,31964,13588,8290,0,26195,22365
2024-10-01,492,Enterprise,107981,8998.42,20052,17159,2071,0,12565,855
2024-10-01,493,AI Suite,143269,11939.08,35000,2346,6624,0,14381,10963
2024-10-01,494,Enterprise,24473,2039.42,16268,2033,7814,0,25384,38550
2024-10-01,495,Core Platform,148735,12394.58,49143,7733,1172,0,20717,5576
2024-10-01,496,Security,154670,12889.17,32497,18226,740,0,20275,35077
2024-10-01,497,Enterprise,89788,7482.33,42940,15231,5569,0,26617,29025
2024-10-01,498,Analytics,71795,5982.92,33382,17084,4005,0,29932,32709
2024-10-01,499,Analytics,124003,10333.58,11436,7537,182,0,14169,8833
2024-10-01,500,Security,45435,3786.25,18669,4746,484,0,29561,10177
2024-11-01,1,Analytics,48659,4054.92,14708,5037,327,0,1004,24827
2024-11-01,2,Core Platform,70115,5842.92,12815,9109,9972,0,26135,1656
2024-11-01,3,Analytics,26055,2171.25,32590,14317,2597,0,2282,15826
2024-11-01,4,Enterprise,70671,5889.25,12385,3126,9527,0,15957,27284
2024-11-01,5,Enterprise,62862,5238.5,17581,583,9787,0,3199,8092
2024-11-01,6,Core Platform,39097,3258.08,20990,14837,7246,0,5064,39971
2024-11-01,7,Core Platform,65446,5453.83,35696,19646,8494,0,22992,20884
2024-11-01,8,Analytics,89817,7484.75,18375,7466,1402,0,20072,4617
2024-11-01,9,Security,141481,11790.08,47585,6811,5184,0,26646,27604
2024-11-01,10,Analytics,110838,9236.5,39375,17857,8676,0,17990,2624
2024-11-01,11,Security,45784,3815.33,44758,15282,2574,0,6439,27725
2024-11-01,12,AI Suite,121588,10132.33,13404,12596,5146,0,28485,10288
2024-11-01,13,Analytics,48440,4036.67,21541,19913,1822,0,7803,9220
2024-11-01,14,AI Suite,117054,9754.5,8294,15770,8609,0,20312,6109
2024-11-01,15,Core Platform,107156,8929.67,41552,8514,3167,0,28649,4006
2024-11-01,16,Security,88164,7347.0,12510,14389,3776,0,14349,33849
2024-11-01,17,Core Platform,68090,5674.17,15311,306,9407,0,3438,18877
2024-11-01,18,Enterprise,157616,13134.67,47471,11496,2398,0,29402,39429
2024-11-01,19,Core Platform,43085,3590.42,21564,17683,3705,0,26325,5114
2024-11-01,20,Security,62883,5240.25,43728,1822,2353,0,12209,25421
2024-11-01,21,Core Platform,52278,4356.5,4542,12983,1047,0,3601,36653
2024-11-01,22,AI Suite,135167,11263.92,5563,3432,8405,0,19440,2273
2024-11-01,23,Core Platform,95046,7920.5,49900,15291,5273,0,18698,37725
2024-11-01,24,Enterprise,123836,10319.67,35710,13557,9199,0,13993,18581
2024-11-01,25,Enterprise,142042,11836.83,48011,9421,5768,0,24063,35027
2024-11-01,26,AI Suite,58266,4855.5,20180,4948,89,0,2432,14310
2024-11-01,27,Analytics,119871,9989.25,47616,15506,975,0,9163,32019
2024-11-01,28,Enterprise,43911,3659.25,28454,7676,7002,0,13677,31447
2024-11-01,29,AI Suite,81854,6821.17,43906,17758,2890,0,24332,38855
2024-11-01,30,AI Suite,73578,6131.5,34179,18900,205,0,14992,29395
2024-11-01,31,Core Platform,147721,12310.08,19021,5482,13,0,19439,23739
2024-11-01,32,Security,60134,5011.17,46209,10118,9406,0,22090,13682
2024-11-01,33,Security,36508,3042.33,10781,13642,464,0,20633,19601
2024-11-01,34,Analytics,32909,2742.42,48577,4987,2788,0,148,8185
2024-11-01,35,Core Platform,132857,11071.42,27972,19860,9255,0,7949,20328
2024-11-01,36,Core Platform,148588,12382.33,20948,6696,2080,0,1786,20727
2024-11-01,37,Core Platform,69389,5782.42,41218,4852,3023,0,29035,3688
2024-11-01,38,Core Platform,92089,7674.08,29121,3374,1212,0,26022,27096
2024-11-01,39,Core Platform,68838,5736.5,11556,3096,9529,0,27217,33308
2024-11-01,40,Enterprise,137562,11463.5,23873,10991,9161,0,18933,24512
2024-11-01,41,Enterprise,36925,3077.08,34762,12361,3956,0,25780,8831
2024-11-01,42,Enterprise,96976,8081.33,1924,2036,7546,0,10849,27574
2024-11-01,43,Core Platform,57959,4829.92,2249,8849,5738,0,2765,5110
2024-11-01,44,Core Platform,151774,12647.83,33581,16642,1161,0,12926,24254
2024-11-01,45,Enterprise,90458,7538.17,42011,10165,1649,0,17256,39046
2024-11-01,46,AI Suite,136782,11398.5,7493,9768,9919,0,4393,13944
2024-11-01,47,Enterprise,93275,7772.92,11078,15293,1163,0,5981,36427
2024-11-01,48,Enterprise,11191,932.58,27795,3657,9490,0,16777,13949
2024-11-01,49,Security,80548,6712.33,42653,19870,7376,0,616,33768
2024-11-01,50,Analytics,21113,1759.42,2713,9101,2361,0,17559,15920
2024-11-01,51,Core Platform,107895,8991.25,38961,7550,1895,0,14104,10952
2024-11-01,52,Security,149470,12455.83,10611,11238,9618,0,24621,34698
2024-11-01,53,Security,90480,7540.0,19223,13044,9095,0,17191,12308
2024-11-01,54,Analytics,132900,11075.0,46865,6400,4214,0,18215,34795
2024-11-01,55,AI Suite,20913,1742.75,30487,6923,8498,0,21987,16071
2024-11-01,56,AI Suite,127508,10625.67,34078,13071,3489,0,23043,2014
2024-11-01,57,Core Platform,6650,554.17,48425,14552,7902,77192,15439,15406
2024-11-01,58,AI Suite,122497,10208.08,27550,14771,2370,0,15266,35844
2024-11-01,59,Analytics,160997,13416.42,12995,14962,1893,0,4549,13268
2024-11-01,60,Core Platform,125712,10476.0,4307,8828,5509,0,6795,38039
2024-11-01,61,AI Suite,30738,2561.5,13731,466,1091,0,21320,24824
2024-11-01,62,Security,40379,3364.92,3485,4759,1078,0,12489,15474
2024-11-01,63,Enterprise,49860,4155.0,25869,1768,5734,0,10342,26173
2024-11-01,64,AI Suite,64298,5358.17,20625,12133,5283,0,10277,2493
2024-11-01,65,Core Platform,17307,1442.25,43799,18093,786,88724,13161,9204
2024-11-01,66,Core Platform,29849,2487.42,38314,5399,3621,0,8749,39284
2024-11-01,67,Security,99682,8306.83,41547,8770,4931,0,12218,12188
2024-11-01,68,Security,68824,5735.33,35841,901,5164,0,13931,33026
2024-11-01,69,Enterprise,28443,2370.25,43771,4258,2515,0,23556,312
2024-11-01,70,Core Platform,68603,5716.92,46155,19064,5553,0,29381,9541
2024-11-01,71,Core Platform,97107,8092.25,33602,15405,8432,0,19208,23800
2024-11-01,72,AI Suite,124710,10392.5,48298,16656,4300,0,16504,2586
2024-11-01,73,Enterprise,93893,7824.42,25239,2851,3666,0,7255,12905
2024-11-01,74,Analytics,89993,7499.42,29343,17109,1217,0,12589,13387
2024-11-01,75,Analytics,98997,8249.75,44483,6966,2273,0,3921,20900
2024-11-01,76,Analytics,61592,5132.67,2857,11614,8755,0,17620,17687
2024-11-01,77,Core Platform,36677,3056.42,28226,9432,5317,0,15150,25948
2024-11-01,78,AI Suite,118805,9900.42,1798,1980,5618,0,19323,33596
2024-11-01,79,Core Platform,42429,3535.75,49401,6693,2809,0,23902,17293
2024-11-01,80,Analytics,79954,6662.83,12764,2124,8634,0,21215,7371
2024-11-01,81,AI Suite,111025,9252.08,42856,9965,5696,0,603,907
2024-11-01,82,Core Platform,31983,2665.25,24965,14338,7410,0,12844,34113
2024-11-01,83,Core Platform,136691,11390.92,48757,16591,2187,0,11723,12503
2024-11-01,84,Core Platform,61037,5086.42,27701,2447,9013,0,29837,37069
2024-11-01,85,Analytics,77954,6496.17,27349,4017,2380,0,28701,884
2024-11-01,86,Enterprise,111062,9255.17,33374,357,6023,0,7894,21388
2024-11-01,87,AI Suite,108697,9058.08,9713,11046,4684,0,17422,35780
2024-11-01,88,Core Platform,37442,3120.17,46763,19861,9030,0,18762,25958
2024-11-01,89,Enterprise,83971,6997.58,2021,5506,1190,0,26607,16689
2024-11-01,90,Security,42882,3573.5,38532,1478,2441,0,16712,21585
2024-11-01,91,Enterprise,24832,2069.33,31455,15593,2408,0,9385,23210
2024-11-01,92,Analytics,44810,3734.17,6901,11748,7935,0,29894,14369
2024-11-01,93,Core Platform,14432,1202.67,2990,12631,4047,0,28615,12498
2024-11-01,94,Security,44707,3725.58,44129,11302,883,0,971,24193
2024-11-01,95,Security,119693,9974.42,20304,2480,5250,0,23034,32012
2024-11-01,96,AI Suite,137354,11446.17,47489,8223,501,0,23918,6286
2024-11-01,97,Enterprise,114073,9506.08,27505,19216,6263,0,25910,16506
2024-11-01,98,AI Suite,134731,11227.58,47456,7147,3086,0,5556,2539
2024-11-01,99,Core Platform,100333,8361.08,19232,17157,6797,0,10197,31807
2024-11-01,100,Security,150886,12573.83,10446,18681,3165,0,27959,31142
2024-11-01,101,Core Platform,56416,4701.33,2762,18278,1838,0,10826,21947
2024-11-01,102,Security,548,45.67,14372,3402,8647,0,4563,18393
2024-11-01,103,Analytics,77680,6473.33,3446,10715,1352,0,11313,4536
2024-11-01,104,Core Platform,123089,10257.42,8637,9433,8189,0,3183,39853
2024-11-01,105,Enterprise,24673,2056.08,3979,3746,3016,0,22997,34501
2024-11-01,106,Analytics,83298,6941.5,25140,18620,637,0,26245,5585
2024-11-01,107,AI Suite,22858,1904.83,8131,11974,4126,0,15007,10748
2024-11-01,108,AI Suite,1994,166.17,18258,2309,7944,0,28020,20595
2024-11-01,109,Enterprise,46640,3886.67,26796,10123,4443,0,16825,7653
2024-11-01,110,Analytics,146193,12182.75,14591,7311,1095,0,24235,31405
2024-11-01,111,Enterprise,24164,2013.67,25168,4017,2640,0,25234,23857
2024-11-01,112,AI Suite,115193,9599.42,22536,7025,9308,0,17420,8733
2024-11-01,113,Security,146379,12198.25,13799,9187,6264,0,21773,34211
2024-11-01,114,Enterprise,54890,4574.17,35753,2958,3976,0,9375,11735
2024-11-01,115,Security,13122,1093.5,27629,2418,9267,0,24368,407
2024-11-01,116,Core Platform,28459,2371.58,43661,9803,9751,0,17370,17172
2024-11-01,117,Security,82844,6903.67,28486,17258,6053,0,1860,32268
2024-11-01,118,Security,97853,8154.42,9874,13186,3095,0,2151,25900
2024-11-01,119,AI Suite,17897,1491.42,38591,2736,5762,0,21451,17011
2024-11-01,120,AI Suite,113862,9488.5,18996,18383,6804,0,7579,6905
2024-11-01,121,Enterprise,33993,2832.75,7922,641,3934,0,17484,10000
2024-11-01,122,AI Suite,25387,2115.58,18600,15797,1764,0,22542,5063
2024-11-01,123,AI Suite,38200,3183.33,5363,18187,1127,0,15001,8092
2024-11-01,124,AI Suite,22570,1880.83,33420,15259,1526,0,4151,1914
2024-11-01,125,Enterprise,79812,6651.0,40516,19611,355,0,29148,21793
2024-11-01,126,Core Platform,17265,1438.75,36544,13958,8670,0,15613,10352
2024-11-01,127,AI Suite,57769,4814.08,34420,3031,8995,0,1356,34197
2024-11-01,128,Core Platform,79608,6634.0,40866,15671,707,0,10593,10506
2024-11-01,129,Analytics,33085,2757.08,26287,5134,3721,0,12775,24765
2024-11-01,130,Analytics,28718,2393.17,36633,13770,1205,0,6429,12318
2024-11-01,131,Core Platform,139696,11641.33,28897,19432,4812,0,243,25858
2024-11-01,132,Enterprise,159536,13294.67,35984,18408,2121,0,11406,33570
2024-11-01,133,Enterprise,25873,2156.08,26662,1454,3400,0,10175,6534
2024-11-01,134,Analytics,158277,13189.75,47804,15317,6276,0,28393,28013
2024-11-01,135,Analytics,113412,9451.0,7344,17693,2455,0,2840,21446
2024-11-01,136,Analytics,73813,6151.08,18350,11517,9158,0,20287,29613
2024-11-01,137,Enterprise,66485,5540.42,15938,16509,42,0,12458,32266
2024-11-01,138,Core Platform,134768,11230.67,42412,6445,7673,0,24248,36045
2024-11-01,139,Enterprise,13972,1164.33,16957,5268,9265,0,9624,7880
2024-11-01,140,AI Suite,74736,6228.0,36545,9361,7929,0,2546,33018
2024-11-01,141,AI Suite,2921,243.42,38697,4637,9815,0,12322,36696
2024-11-01,142,Analytics,70259,5854.92,27971,4373,4786,0,19025,28576
2024-11-01,143,Enterprise,66734,5561.17,36748,6874,5915,0,12514,38860
2024-11-01,144,Enterprise,28328,2360.67,27577,9906,5325,0,19082,14711
2024-11-01,145,Enterprise,139322,11610.17,34243,36,1478,0,1488,17696
2024-11-01,146,AI Suite,57936,4828.0,10178,11875,533,0,14873,18987
2024-11-01,147,Core Platform,48985,4082.08,15062,18874,6588,0,26432,6096
2024-11-01,148,Core Platform,45479,3789.92,27023,8551,7790,0,27366,5444
2024-11-01,149,Enterprise,102338,8528.17,16300,8065,6608,0,9635,23705
2024-11-01,150,Security,23910,1992.5,34140,5036,413,0,19289,23942
2024-11-01,151,AI Suite,16567,1380.58,40876,15955,7420,0,13625,20997
2024-11-01,152,Core Platform,25552,2129.33,15613,16516,5512,0,11473,1816
2024-11-01,153,Core Platform,133252,11104.33,31442,10661,7929,0,3505,20759
2024-11-01,154,AI Suite,137891,11490.92,14213,1437,8818,0,17266,24832
2024-11-01,155,Enterprise,87196,7266.33,20317,4792,568,0,25081,37999
2024-11-01,156,Security,101729,8477.42,42359,1899,5250,0,18173,20317
2024-11-01,157,Enterprise,107154,8929.5,30808,10692,1247,0,20206,19636
2024-11-01,158,Security,76846,6403.83,1924,13396,1182,0,28091,5217
2024-11-01,159,Enterprise,84800,7066.67,3097,12843,5098,0,2065,26677
2024-11-01,160,AI Suite,151747,12645.58,9674,19110,1604,0,3,34775
2024-11-01,161,Enterprise,90063,7505.25,8109,2465,5800,0,24840,16956
2024-11-01,162,Analytics,68744,5728.67,39016,14135,8948,0,17492,15711
2024-11-01,163,AI Suite,144773,12064.42,37396,17580,3020,0,11717,25353
2024-11-01,164,Core Platform,119108,9925.67,12853,11012,9469,0,25384,32738
2024-11-01,165,Security,156908,13075.67,10719,12696,4135,0,22413,36607
2024-11-01,166,Enterprise,91716,7643.0,29892,13204,7613,0,27447,27040
2024-11-01,167,Core Platform,59864,4988.67,10003,7119,9101,0,27986,9080
2024-11-01,168,Security,104894,8741.17,37217,12426,4059,0,6561,30224
2024-11-01,169,Core Platform,144708,12059.0,29846,587,3710,0,15017,34377
2024-11-01,170,Enterprise,63416,5284.67,7473,8888,7081,0,26563,18971
2024-11-01,171,Core Platform,8054,671.17,10386,6674,7074,0,12358,24502
2024-11-01,172,Analytics,83955,6996.25,1668,1177,534,0,5372,9790
2024-11-01,173,Enterprise,111498,9291.5,1735,19356,123,0,8473,7515
2024-11-01,174,Security,57567,4797.25,41781,11330,8033,0,15799,29806
2024-11-01,175,Core Platform,20296,1691.33,43548,17106,7776,0,13372,14436
2024-11-01,176,AI Suite,28826,2402.17,8751,6047,2343,0,4702,37943
2024-11-01,177,AI Suite,59234,4936.17,40766,371,876,0,1968,26479
2024-11-01,178,Analytics,166546,13878.83,31188,18952,627,0,3851,12566
2024-11-01,179,AI Suite,37199,3099.92,31236,4685,6887,0,17066,13565
2024-11-01,180,Enterprise,51420,4285.0,36840,4787,3265,0,367,6016
2024-11-01,181,AI Suite,31351,2612.58,40750,19701,9451,0,1190,21623
2024-11-01,182,AI Suite,118114,9842.83,20468,9232,6073,0,13470,25739
2024-11-01,183,Core Platform,157638,13136.5,36987,13247,4965,0,15057,14722
2024-11-01,184,Enterprise,74465,6205.42,13359,17977,199,0,18784,38313
2024-11-01,185,AI Suite,29185,2432.08,14066,15124,9296,0,5654,21549
2024-11-01,186,Core Platform,144631,12052.58,23967,18316,3448,0,29858,32478
2024-11-01,187,AI Suite,135425,11285.42,5353,9763,3448,0,29302,27317
2024-11-01,188,Enterprise,36232,3019.33,41628,90,2850,0,24768,22419
2024-11-01,189,AI Suite,109626,9135.5,45999,15915,4253,0,28075,12707
2024-11-01,190,Security,33310,2775.83,2975,3119,1040,0,9314,11412
2024-11-01,191,Core Platform,30767,2563.92,46628,15423,4594,0,1219,6232
2024-11-01,192,Enterprise,17317,1443.08,23083,17361,44,51234,20032,35342
2024-11-01,193,Analytics,106559,8879.92,16235,5683,1748,0,25875,14980
2024-11-01,194,Analytics,103847,8653.92,39893,4076,9724,0,2872,22120
2024-11-01,195,Enterprise,148155,12346.25,46922,14306,2735,0,23618,522
2024-11-01,196,AI Suite,95870,7989.17,21264,8951,2088,0,16740,23302
2024-11-01,197,Analytics,126255,10521.25,45074,4291,5191,0,21159,38064
2024-11-01,198,Security,67966,5663.83,8258,16294,7747,0,8186,25941
2024-11-01,199,Analytics,18988,1582.33,29134,13613,5195,0,13596,20141
2024-11-01,200,Core Platform,145268,12105.67,20116,13562,7721,0,4836,25209
2024-11-01,201,Security,49266,4105.5,35311,8758,6001,0,29424,20911
2024-11-01,202,AI Suite,146056,12171.33,7756,9924,9371,0,18403,23189
2024-11-01,203,Core Platform,48605,4050.42,33610,7153,7802,0,6176,7680
2024-11-01,204,Enterprise,103811,8650.92,4708,4894,1346,0,5138,28170
2024-11-01,205,Enterprise,16075,1339.58,7796,6869,4434,0,18374,37286
2024-11-01,206,AI Suite,139484,11623.67,35947,17315,3012,0,15851,29896
2024-11-01,207,AI Suite,151566,12630.5,44396,4835,2616,0,18182,31673
2024-11-01,208,AI Suite,105605,8800.42,42783,1951,7245,0,6322,15451
2024-11-01,209,Security,105808,8817.33,10824,10165,9666,0,15897,1694
2024-11-01,210,AI Suite,74007,6167.25,34099,3120,9268,0,23322,39256
2024-11-01,211,AI Suite,41489,3457.42,34224,15620,4515,0,14642,31379
2024-11-01,212,Security,137710,11475.83,31021,7473,9399,0,15010,22137
2024-11-01,213,AI Suite,90162,7513.5,23277,14444,7883,0,11723,19360
2024-11-01,214,Core Platform,20941,1745.08,6685,15656,4023,0,8533,15315
2024-11-01,215,Analytics,60345,5028.75,34185,909,2131,0,1459,27468
2024-11-01,216,Analytics,91525,7627.08,21609,13507,2082,0,27372,22323
2024-11-01,217,Analytics,42177,3514.75,39038,16621,3296,0,16435,27537
2024-11-01,218,Enterprise,37248,3104.0,7905,6093,5541,0,29244,5327
2024-11-01,219,Analytics,80557,6713.08,33625,15548,4595,0,20632,7707
2024-11-01,220,Core Platform,68113,5676.08,15722,8591,3714,0,19700,39192
2024-11-01,221,Core Platform,62441,5203.42,25693,5144,7615,0,380,9662
2024-11-01,222,Core Platform,17048,1420.67,36091,15758,6501,0,5474,35580
2024-11-01,223,Security,41523,3460.25,3235,8897,6659,0,19900,18292
2024-11-01,224,Analytics,47178,3931.5,46207,14345,9221,0,2583,39136
2024-11-01,225,Security,140287,11690.58,49947,724,2131,0,2097,6411
2024-11-01,226,Analytics,65918,5493.17,46479,14293,2896,0,21003,26596
2024-11-01,227,Enterprise,0,0.0,4907,5826,6986,10464,22921,19053
2024-11-01,228,Analytics,40946,3412.17,49917,19871,6202,0,29955,16720
2024-11-01,229,Enterprise,120842,10070.17,20769,1016,9995,0,15861,37013
2024-11-01,230,Analytics,159505,13292.08,8146,17774,2914,0,16675,2241
2024-11-01,231,Analytics,87609,7300.75,9804,12427,9721,0,13876,14878
2024-11-01,232,Analytics,134812,11234.33,17483,18130,298,0,23337,14846
2024-11-01,233,AI Suite,44276,3689.67,28939,12442,4862,0,10789,32192
2024-11-01,234,Core Platform,108172,9014.33,49929,5847,9411,0,17387,31457
2024-11-01,235,Security,12812,1067.67,20415,8080,7364,0,26126,9865
2024-11-01,236,AI Suite,31125,2593.75,47571,8058,6130,0,6641,2206
2024-11-01,237,Analytics,85470,7122.5,41039,11114,8983,0,22758,2825
2024-11-01,238,AI Suite,73396,6116.33,22463,15016,4247,0,21267,39421
2024-11-01,239,AI Suite,157512,13126.0,11812,18749,8602,0,12235,29291
2024-11-01,240,Analytics,0,0.0,34909,3466,5764,9420,27163,29166
2024-11-01,241,AI Suite,158498,13208.17,15222,15683,364,0,1532,5279
2024-11-01,242,Security,28480,2373.33,22188,8731,3985,0,2950,7798
2024-11-01,243,Enterprise,138133,11511.08,41757,14625,1978,0,14758,8211
2024-11-01,244,Core Platform,50556,4213.0,40067,8776,7645,0,3853,19230
2024-11-01,245,Enterprise,130981,10915.08,14795,7844,2002,0,14321,5021
2024-11-01,246,AI Suite,106262,8855.17,39283,9220,3884,0,20507,11397
2024-11-01,247,Enterprise,99762,8313.5,39991,16567,2552,0,5835,35540
2024-11-01,248,Core Platform,72260,6021.67,24124,11241,4378,0,14368,7009
2024-11-01,249,Security,25507,2125.58,21686,10771,7396,0,18865,8746
2024-11-01,250,Core Platform,36083,3006.92,20357,5065,6177,0,4205,32509
2024-11-01,251,Analytics,95901,7991.75,47186,15250,4487,0,7911,13904
2024-11-01,252,Security,99168,8264.0,10740,16035,4278,0,11871,33438
2024-11-01,253,AI Suite,149029,12419.08,25947,6509,1704,0,14805,23353
2024-11-01,254,Security,62624,5218.67,18319,9832,9667,0,12118,1817
2024-11-01,255,AI Suite,17815,1484.58,36965,6934,9135,0,26273,26100
2024-11-01,256,AI Suite,24961,2080.08,49860,9632,9135,0,12415,26268
2024-11-01,257,Core Platform,112052,9337.67,24934,17094,1365,0,6438,27503
2024-11-01,258,Security,58157,4846.42,18223,2532,4315,0,15757,3297
2024-11-01,259,Analytics,137986,11498.83,25232,18814,7103,0,19226,28413
2024-11-01,260,Security,76053,6337.75,21884,18850,6030,0,11681,24193
2024-11-01,261,Core Platform,96366,8030.5,9358,18449,3859,0,29416,1837
2024-11-01,262,Analytics,80299,6691.58,16060,12673,1628,0,10577,13881
2024-11-01,263,AI Suite,35022,2918.5,29039,11506,5946,0,10138,30209
2024-11-01,264,Analytics,112466,9372.17,28324,451,7343,0,24858,23200
2024-11-01,265,Enterprise,115092,9591.0,2924,4501,2882,0,19715,36214
2024-11-01,266,Analytics,160244,13353.67,8545,17467,6720,0,10028,11624
2024-11-01,267,Core Platform,81711,6809.25,32273,5841,3485,0,20853,39156
2024-11-01,268,AI Suite,36354,3029.5,17075,18215,7253,0,12004,39801
2024-11-01,269,Core Platform,107761,8980.08,38226,8435,9395,0,2400,6052
2024-11-01,270,AI Suite,160293,13357.75,27214,16395,3709,0,13716,8306
2024-11-01,271,Enterprise,116003,9666.92,15976,8165,9538,0,13812,25307
2024-11-01,272,Core Platform,37330,3110.83,39998,1397,4624,0,13589,38275
2024-11-01,273,Enterprise,76170,6347.5,3405,11,4610,0,26580,21773
2024-11-01,274,Analytics,123884,10323.67,21940,3342,4031,0,25972,21033
2024-11-01,275,AI Suite,133221,11101.75,16893,17186,7037,0,6952,9628
2024-11-01,276,Security,87178,7264.83,39528,8191,3235,0,3776,14354
2024-11-01,277,AI Suite,106246,8853.83,4585,4016,4669,0,11343,17379
2024-11-01,278,Core Platform,162108,13509.0,31810,15835,3091,0,1048,8496
2024-11-01,279,AI Suite,144187,12015.58,11009,11698,5519,0,8743,2243
2024-11-01,280,Analytics,96505,8042.08,31683,4832,8503,0,2586,12080
2024-11-01,281,AI Suite,72773,6064.42,34694,19090,8009,0,12783,35946
2024-11-01,282,Analytics,99589,8299.08,10543,1433,6204,0,18672,24341
2024-11-01,283,Core Platform,149778,12481.5,8290,6856,7032,0,22862,27359
2024-11-01,284,Security,45411,3784.25,15151,5763,3479,0,12976,37975
2024-11-01,285,Analytics,113145,9428.75,26769,19561,5108,0,1433,13883
2024-11-01,286,Core Platform,73666,6138.83,5120,19855,8574,0,29966,35623
2024-11-01,287,Security,115534,9627.83,6693,14269,4956,0,6479,19202
2024-11-01,288,Core Platform,77172,6431.0,9963,10398,976,0,2984,18862
2024-11-01,289,Enterprise,37261,3105.08,26180,6947,4329,0,21257,39761
2024-11-01,290,Security,16182,1348.5,30142,9591,7347,0,17539,32406
2024-11-01,291,Security,44576,3714.67,36043,4940,7564,0,18054,23393
2024-11-01,292,Analytics,85757,7146.42,44900,3673,4938,0,5324,809
2024-11-01,293,AI Suite,11281,940.08,35819,1545,7068,0,15763,32311
2024-11-01,294,Enterprise,84627,7052.25,33730,7202,6605,0,14176,13808
2024-11-01,295,Security,132525,11043.75,47034,3155,6789,0,7492,27522
2024-11-01,296,Core Platform,144739,12061.58,4793,5384,7533,0,1803,26717
2024-11-01,297,Core Platform,65697,5474.75,26611,919,1760,0,1866,30161
2024-11-01,298,Security,95544,7962.0,20529,18216,7603,0,24614,31930
2024-11-01,299,AI Suite,134631,11219.25,33297,6943,9137,0,12989,22991
2024-11-01,300,AI Suite,87385,7282.08,3891,8388,3067,0,25000,11004
2024-11-01,301,Analytics,23237,1936.42,25945,1893,2947,0,8000,575
2024-11-01,302,Analytics,53242,4436.83,16499,1902,4655,0,19291,23171
2024-11-01,303,Security,42785,3565.42,30216,14963,3763,0,27636,29401
2024-11-01,304,AI Suite,63678,5306.5,19865,2663,3179,0,14570,31343
2024-11-01,305,AI Suite,46845,3903.75,12411,2934,997,0,20612,19812
2024-11-01,306,Core Platform,80426,6702.17,38815,194,4405,0,5324,7103
2024-11-01,307,Enterprise,72062,6005.17,44222,4471,6274,0,19991,3314
2024-11-01,308,Enterprise,117932,9827.67,42306,16983,8819,0,12802,11417
2024-11-01,309,Analytics,141202,11766.83,29054,4929,7014,0,23994,13390
2024-11-01,310,Security,48319,4026.58,38895,8302,1349,0,19748,13186
2024-11-01,311,Enterprise,64551,5379.25,12107,15665,2716,0,15433,17664
2024-11-01,312,Analytics,108219,9018.25,48810,756,6607,0,22246,1273
2024-11-01,313,Security,138896,11574.67,37569,3809,5496,0,25931,4391
2024-11-01,314,Security,99526,8293.83,27732,8126,1954,0,7620,24662
2024-11-01,315,Analytics,35583,2965.25,15475,17784,9607,0,11533,3969
2024-11-01,316,AI Suite,155870,12989.17,48253,14244,7853,0,8995,6578
2024-11-01,317,Analytics,120307,10025.58,16039,3756,6112,0,22725,4905
2024-11-01,318,AI Suite,88806,7400.5,2400,5276,8438,0,25138,138
2024-11-01,319,Enterprise,102183,8515.25,36286,14799,5459,0,2299,29205
2024-11-01,320,Analytics,50220,4185.0,14805,4053,5560,0,9440,5972
2024-11-01,321,Core Platform,9012,751.0,9715,14769,5757,55043,11812,34596
2024-11-01,322,AI Suite,44601,3716.75,2168,10059,594,0,7971,21022
2024-11-01,323,Analytics,27353,2279.42,28946,7691,5788,0,21160,6127
2024-11-01,324,AI Suite,112580,9381.67,48963,10220,94,0,9207,15122
2024-11-01,325,AI Suite,56495,4707.92,3698,13811,1113,0,5125,8454
2024-11-01,326,Analytics,80803,6733.58,49176,12855,5208,0,12584,29259
2024-11-01,327,Security,152253,12687.75,33276,17892,1992,0,27556,11157
2024-11-01,328,Analytics,36348,3029.0,25661,3095,9221,0,22128,33370
2024-11-01,329,Enterprise,51344,4278.67,6486,4500,3944,0,24253,23836
2024-11-01,330,Core Platform,62696,5224.67,8096,1256,679,0,18319,1344
2024-11-01,331,Analytics,100220,8351.67,42830,7483,3837,0,5835,22030
2024-11-01,332,Core Platform,4943,411.92,49149,2428,7733,0,23006,26109
2024-11-01,333,Security,154034,12836.17,18270,13438,1563,0,4842,11214
2024-11-01,334,Core Platform,76564,6380.33,42650,5989,1814,0,9405,2227
2024-11-01,335,Analytics,28671,2389.25,42212,12576,394,0,26933,28866
2024-11-01,336,AI Suite,82901,6908.42,15770,581,9213,0,2323,29631
2024-11-01,337,AI Suite,130857,10904.75,43806,18023,7011,0,8369,5904
2024-11-01,338,AI Suite,44011,3667.58,41587,14708,7476,0,5171,10674
2024-11-01,339,AI Suite,80486,6707.17,18773,18969,4449,0,2247,30869
2024-11-01,340,AI Suite,8714,726.17,7778,8793,9319,0,307,1265
2024-11-01,341,Security,37769,3147.42,13602,11457,7816,0,14475,35705
2024-11-01,342,Core Platform,47029,3919.08,8397,4572,3029,0,27973,11724
2024-11-01,343,Analytics,8506,708.83,37364,16908,8402,70652,22001,30864
2024-11-01,344,Core Platform,45592,3799.33,30409,7145,8995,0,10407,7479
2024-11-01,345,AI Suite,152415,12701.25,10490,8036,5366,0,3444,8651
2024-11-01,346,Core Platform,41934,3494.5,29571,3601,1701,0,19974,31136
2024-11-01,347,Enterprise,20475,1706.25,29160,17962,9397,0,726,31173
2024-11-01,348,AI Suite,144783,12065.25,37169,18561,4347,0,15704,1831
2024-11-01,349,Core Platform,36530,3044.17,17943,68,9768,0,16596,30320
2024-11-01,350,Enterprise,117252,9771.0,21292,567,3734,0,14751,4842
2024-11-01,351,Analytics,2782,231.83,44728,2467,9853,0,13455,13265
2024-11-01,352,AI Suite,72268,6022.33,21351,3643,4326,0,19187,14549
2024-11-01,353,Enterprise,131558,10963.17,9047,12794,5183,0,11928,1413
2024-11-01,354,Enterprise,116326,9693.83,6360,18982,1508,0,4659,20950
2024-11-01,355,Enterprise,106218,8851.5,9969,14882,6985,0,4813,36075
2024-11-01,356,Core Platform,70298,5858.17,43358,15407,3409,0,22189,19651
2024-11-01,357,Core Platform,85947,7162.25,1887,3241,805,0,16717,11741
2024-11-01,358,Core Platform,23577,1964.75,33032,13688,1893,0,29201,20089
2024-11-01,359,Analytics,94756,7896.33,43256,1495,8969,0,4809,35345
2024-11-01,360,Security,150266,12522.17,31097,5091,299,0,22696,6095
2024-11-01,361,Enterprise,44097,3674.75,42224,17077,2554,0,20124,2117
2024-11-01,362,Core Platform,125690,10474.17,6896,7305,1351,0,5967,30683
2024-11-01,363,Security,135208,11267.33,14281,19066,4171,0,9957,25615
2024-11-01,364,Core Platform,7135,594.58,41845,367,9430,0,20039,27368
2024-11-01,365,Enterprise,120462,10038.5,43922,450,5009,0,1803,15020
2024-11-01,366,Security,84045,7003.75,45054,16478,1409,0,6346,20020
2024-11-01,367,Core Platform,11053,921.08,20734,5368,6476,0,8421,32907
2024-11-01,368,Security,110653,9221.08,7985,18188,1646,0,16033,28050
2024-11-01,369,Analytics,75655,6304.58,40266,6818,1079,0,16771,24502
2024-11-01,370,Analytics,73383,6115.25,25810,14596,2835,0,4901,1068
2024-11-01,371,Analytics,7391,615.92,9364,12217,4826,65355,15320,21821
2024-11-01,372,Core Platform,146637,12219.75,31355,17383,3110,0,17857,7743
2024-11-01,373,Security,122651,10220.92,11781,5121,4762,0,28883,18264
2024-11-01,374,Security,84980,7081.67,28845,11337,8483,0,8651,30690
2024-11-01,375,Enterprise,99613,8301.08,24574,10899,6418,0,1939,2662
2024-11-01,376,Security,103347,8612.25,8021,7665,5013,0,16294,5647
2024-11-01,377,Enterprise,70016,5834.67,35624,1379,1729,0,11684,10944
2024-11-01,378,Security,129390,10782.5,35280,13540,4119,0,17081,38259
2024-11-01,379,Enterprise,28518,2376.5,35652,13491,9311,0,13348,32707
2024-11-01,380,Security,142622,11885.17,49281,17242,7365,0,6007,1969
2024-11-01,381,Analytics,20598,1716.5,35760,15977,6495,0,8187,20221
2024-11-01,382,AI Suite,61885,5157.08,7526,13426,898,0,2498,34961
2024-11-01,383,Analytics,103499,8624.92,31735,828,5967,0,14055,18877
2024-11-01,384,Analytics,120642,10053.5,43334,14232,9064,0,18348,17898
2024-11-01,385,Security,77105,6425.42,35811,6322,2120,0,19124,14349
2024-11-01,386,Security,53755,4479.58,42352,90,1916,0,12158,21084
2024-11-01,387,Core Platform,4563,380.25,45635,3497,6857,0,6124,4704
2024-11-01,388,Security,135491,11290.92,12218,4907,2239,0,2762,30854
2024-11-01,389,Core Platform,91153,7596.08,14885,11363,7681,0,10793,23797
2024-11-01,390,Analytics,102587,8548.92,31622,7161,1001,0,2694,8811
2024-11-01,391,Analytics,109421,9118.42,18952,8264,2469,0,10605,24654
2024-11-01,392,Core Platform,64156,5346.33,19383,14902,9977,0,2255,37272
2024-11-01,393,Core Platform,123625,10302.08,6183,14701,2858,0,13955,14184
2024-11-01,394,AI Suite,4227,352.25,14249,5794,1567,137958,3205,7534
2024-11-01,395,AI Suite,124460,10371.67,42361,3097,4016,0,3900,29035
2024-11-01,396,Core Platform,157680,13140.0,32109,16121,8384,0,6696,15695
2024-11-01,397,Analytics,96980,8081.67,25893,17750,2319,0,23702,30333
2024-11-01,398,Enterprise,121741,10145.08,33191,15138,5362,0,27097,18714
2024-11-01,399,Analytics,0,0.0,8482,418,1233,11110,21321,16991
2024-11-01,400,AI Suite,91430,7619.17,1041,15338,518,0,22650,7619
2024-11-01,401,Analytics,41847,3487.25,45449,10598,741,0,25260,37991
2024-11-01,402,Security,58739,4894.92,14307,839,5929,0,20756,34210
2024-11-01,403,Enterprise,105126,8760.5,20990,2475,2449,0,27168,2646
2024-11-01,404,AI Suite,33530,2794.17,10574,7917,641,0,19694,25221
2024-11-01,405,Core Platform,40564,3380.33,26235,16230,8550,0,28665,33978
2024-11-01,406,Core Platform,34225,2852.08,18406,1458,5352,0,22878,17952
2024-11-01,407,Analytics,130623,10885.25,9565,1309,3740,0,19786,901
2024-11-01,408,Core Platform,99933,8327.75,30897,2875,4684,0,13049,36093
2024-11-01,409,AI Suite,152033,12669.42,42974,9396,4814,0,15566,8042
2024-11-01,410,Enterprise,69494,5791.17,13117,3906,3381,0,18133,1556
2024-11-01,411,Analytics,80854,6737.83,15681,3218,900,0,23762,32532
2024-11-01,412,Analytics,132114,11009.5,17370,12889,361,0,10376,15454
2024-11-01,413,AI Suite,33566,2797.17,36996,14252,9926,0,26362,23565
2024-11-01,414,Enterprise,77087,6423.92,14328,15084,5688,0,9643,19933
2024-11-01,415,AI Suite,142537,11878.08,43733,8896,3521,0,14801,27629
2024-11-01,416,Security,132352,11029.33,7559,10149,8486,0,25743,26845
2024-11-01,417,AI Suite,102429,8535.75,23285,2856,7515,0,9434,25564
2024-11-01,418,Enterprise,108948,9079.0,17552,6302,2992,0,27783,35753
2024-11-01,419,AI Suite,111777,9314.75,45764,6725,5901,0,26098,25700
2024-11-01,420,AI Suite,68545,5712.08,33233,987,7390,0,3297,2389
2024-11-01,421,Enterprise,119829,9985.75,32522,9644,9952,0,18628,8671
2024-11-01,422,Security,136647,11387.25,35263,11435,4859,0,7314,31538
2024-11-01,423,AI Suite,91309,7609.08,34408,3462,8599,0,10129,13938
2024-11-01,424,AI Suite,29579,2464.92,24884,2656,7954,0,23041,17118
2024-11-01,425,Analytics,137957,11496.42,36560,10712,2694,0,25806,22590
2024-11-01,426,Core Platform,114904,9575.33,23177,6470,7489,0,29302,27205
2024-11-01,427,Enterprise,19904,1658.67,27628,12676,1958,0,25346,23165
2024-11-01,428,Analytics,40212,3351.0,17726,10577,6704,0,17824,24676
2024-11-01,429,AI Suite,100872,8406.0,16069,15308,8435,0,11898,450
2024-11-01,430,Security,47254,3937.83,18925,15255,8058,0,19509,3527
2024-11-01,431,Analytics,96787,8065.58,10514,19789,7842,0,28520,22776
2024-11-01,432,AI Suite,90244,7520.33,30818,5375,2649,0,23415,22032
2024-11-01,433,Enterprise,55687,4640.58,25887,14935,7848,0,18246,24800
2024-11-01,434,AI Suite,115526,9627.17,3516,3751,9417,0,7848,15836
2024-11-01,435,Analytics,24325,2027.08,26988,16287,42,0,22986,37362
2024-11-01,436,Enterprise,146139,12178.25,3548,825,834,0,13354,1116
2024-11-01,437,Security,72570,6047.5,25262,2322,213,0,6450,39646
2024-11-01,438,AI Suite,102299,8524.92,18605,7802,7387,0,29353,1255
2024-11-01,439,Analytics,61449,5120.75,1834,425,4602,0,4786,36319
2024-11-01,440,AI Suite,54670,4555.83,14461,16631,1674,0,18629,25323
2024-11-01,441,Core Platform,47283,3940.25,42049,10234,6040,0,17835,3915
2024-11-01,442,Core Platform,164676,13723.0,2473,19504,3728,0,27739,4363
2024-11-01,443,Analytics,47193,3932.75,28264,16258,4630,0,28165,8423
2024-11-01,444,Security,29158,2429.83,16393,1363,9779,0,17346,33394
2024-11-01,445,Core Platform,54734,4561.17,3838,12605,5784,0,3460,18054
2024-11-01,446,Analytics,134685,11223.75,24375,14852,4929,0,9242,28141
2024-11-01,447,Security,33200,2766.67,28430,1270,2907,0,5437,26838
2024-11-01,448,AI Suite,48291,4024.25,49713,11640,8411,0,5113,13326
2024-11-01,449,Security,136364,11363.67,35070,12755,751,0,24734,15929
2024-11-01,450,AI Suite,109715,9142.92,30502,13426,1191,0,16692,30657
2024-11-01,451,AI Suite,69512,5792.67,46537,17699,1600,0,12097,34578
2024-11-01,452,Security,92924,7743.67,27272,1174,210,0,29996,39782
2024-11-01,453,Enterprise,107293,8941.08,1584,2342,6567,0,20794,25459
2024-11-01,454,AI Suite,137430,11452.5,28254,13461,2119,0,15194,19062
2024-11-01,455,Analytics,139481,11623.42,43756,17806,1253,0,4392,20741
2024-11-01,456,Core Platform,82317,6859.75,23542,15931,6168,0,11438,7207
2024-11-01,457,Analytics,86936,7244.67,25816,11000,7164,0,12042,32805
2024-11-01,458,Security,135593,11299.42,26230,13432,4584,0,22776,17639
2024-11-01,459,Core Platform,100888,8407.33,44534,516,1696,0,24276,16419
2024-11-01,460,Core Platform,128580,10715.0,19496,10233,7190,0,26394,22678
2024-11-01,461,Security,53494,4457.83,46761,1671,1358,0,24146,12134
2024-11-01,462,Enterprise,81598,6799.83,13185,1187,4916,0,8780,4967
2024-11-01,463,Analytics,119952,9996.0,28600,9270,6094,0,24524,23550
2024-11-01,464,Enterprise,133830,11152.5,22591,12996,2412,0,14354,23402
2024-11-01,465,Enterprise,113131,9427.58,49821,2326,2220,0,28122,37246
2024-11-01,466,Core Platform,18438,1536.5,31283,1757,6427,0,22341,2170
2024-11-01,467,Core Platform,140837,11736.42,6135,11578,2509,0,26299,23940
2024-11-01,468,Enterprise,110513,9209.42,48714,2620,5576,0,28808,38804
2024-11-01,469,Security,24420,2035.0,2457,17565,9549,0,975,3059
2024-11-01,470,Enterprise,41699,3474.92,49893,5282,3242,0,10034,29694
2024-11-01,471,Core Platform,151588,12632.33,19292,2198,589,0,2293,24731
2024-11-01,472,Core Platform,96042,8003.5,9123,11842,2503,0,1083,36854
2024-11-01,473,Enterprise,136300,11358.33,33931,18208,794,0,15307,10887
2024-11-01,474,Security,69594,5799.5,39908,6245,7570,0,2024,32469
2024-11-01,475,Enterprise,142855,11904.58,37207,8290,7090,0,28113,9828
2024-11-01,476,Enterprise,60089,5007.42,41463,9964,6522,0,9398,37749
2024-11-01,477,Enterprise,48053,4004.42,37754,9769,7509,0,8940,338
2024-11-01,478,AI Suite,140191,11682.58,44135,1455,796,0,23780,9403
2024-11-01,479,Security,33113,2759.42,5843,17817,8485,0,11641,16039
2024-11-01,480,AI Suite,57022,4751.83,33547,6197,5841,0,27826,9504
2024-11-01,481,Analytics,11900,991.67,6563,4188,4131,0,29467,3135
2024-11-01,482,Enterprise,103670,8639.17,45862,4378,8653,0,17476,10310
2024-11-01,483,Core Platform,105456,8788.0,15715,13550,6088,0,14725,26264
2024-11-01,484,Analytics,90993,7582.75,39984,13308,5262,0,9807,16166
2024-11-01,485,Security,38845,3237.08,12766,17253,7380,0,1131,38397
2024-11-01,486,Core Platform,91225,7602.08,9830,14445,93,0,5287,20688
2024-11-01,487,Security,47083,3923.58,13996,13555,7996,0,3763,31777
2024-11-01,488,Security,146674,12222.83,47661,1028,711,0,12014,25360
2024-11-01,489,Security,86509,7209.08,4438,5829,1971,0,13664,16445
2024-11-01,490,Security,76996,6416.33,37141,15955,6802,0,19644,7436
2024-11-01,491,Core Platform,122344,10195.33,35868,16498,6410,0,22414,27222
2024-11-01,492,AI Suite,10589,882.42,38124,15865,5276,39457,6876,39792
2024-11-01,493,Core Platform,117341,9778.42,8222,18673,3835,0,11719,8522
2024-11-01,494,Enterprise,89710,7475.83,24430,15118,9455,0,19304,32061
2024-11-01,495,Enterprise,64452,5371.0,8856,17679,2103,0,10174,1018
2024-11-01,496,Security,14200,1183.33,41143,10028,7881,0,2233,2381
2024-11-01,497,Analytics,89532,7461.0,9092,8698,762,0,25779,23770
2024-11-01,498,Analytics,137458,11454.83,16479,13230,4140,0,5968,25073
2024-11-01,499,AI Suite,85779,7148.25,35609,1023,1354,0,7972,29709
2024-11-01,500,Analytics,32290,2690.83,20061,13691,5094,0,28041,18057
2024-12-01,1,Security,86943,7245.25,29046,10317,6008,0,24820,14117
2024-12-01,2,Security,13895,1157.92,49886,11269,4004,0,9127,27961
2024-12-01,3,Security,148773,12397.75,21220,17083,5424,0,4379,7787
2024-12-01,4,Enterprise,91062,7588.5,38320,11887,2662,0,18407,30223
2024-12-01,5,Enterprise,43252,3604.33,22444,2255,4745,0,22855,9173
2024-12-01,6,Security,49642,4136.83,28107,1540,8586,0,9555,11899
2024-12-01,7,Security,68938,5744.83,18730,5340,4369,0,12944,2065
2024-12-01,8,Analytics,29606,2467.17,8457,12845,4587,0,10794,8286
2024-12-01,9,AI Suite,69415,5784.58,2943,8737,25,0,14302,10812
2024-12-01,10,Analytics,160780,13398.33,29611,19633,2004,0,15436,19106
2024-12-01,11,Security,47655,3971.25,22141,9574,7202,0,20415,30638
2024-12-01,12,Analytics,47323,3943.58,19730,12509,9317,0,18747,27786
2024-12-01,13,Analytics,124132,10344.33,24650,18903,4507,0,19115,36526
2024-12-01,14,Analytics,22204,1850.33,10269,4542,2597,0,1786,21187
2024-12-01,15,Security,134707,11225.58,26260,12503,6689,0,26230,8041
2024-12-01,16,Core Platform,142445,11870.42,35026,19396,6461,0,14434,14352
2024-12-01,17,Security,63867,5322.25,41768,6489,5776,0,15627,4174
2024-12-01,18,Security,119901,9991.75,46718,18242,9234,0,28805,3385
2024-12-01,19,Analytics,67530,5627.5,27333,3110,4971,0,26144,14364
2024-12-01,20,Core Platform,135905,11325.42,20244,10903,4106,0,13901,16891
2024-12-01,21,AI Suite,124951,10412.58,16016,12720,9701,0,18883,4505
2024-12-01,22,Security,82323,6860.25,43298,17726,3533,0,18073,28665
2024-12-01,23,AI Suite,18854,1571.17,32178,10844,5819,0,19070,18683
2024-12-01,24,AI Suite,27358,2279.83,21552,5675,9930,0,15093,21422
2024-12-01,25,Analytics,37882,3156.83,42035,9350,7916,0,3198,37248
2024-12-01,26,AI Suite,66746,5562.17,17270,8205,5511,0,29955,27525
2024-12-01,27,AI Suite,122700,10225.0,30168,4106,8561,0,3948,12260
2024-12-01,28,Enterprise,0,0.0,10964,4274,7495,21738,21031,26867
2024-12-01,29,Security,124986,10415.5,36546,12957,3919,0,6527,30057
2024-12-01,30,Security,102721,8560.08,16325,1334,5227,0,29691,3902
2024-12-01,31,Security,47757,3979.75,1080,14178,2295,0,12337,23306
2024-12-01,32,Enterprise,37088,3090.67,14616,13883,1014,0,26168,24068
2024-12-01,33,AI Suite,70284,5857.0,7265,4670,5441,0,17480,12057
2024-12-01,34,Enterprise,66573,5547.75,16528,7906,8362,0,15309,24196
2024-12-01,35,Security,82995,6916.25,6501,14890,5787,0,952,19405
2024-12-01,36,Security,72047,6003.92,40752,17962,5675,0,19838,9850
2024-12-01,37,Analytics,27796,2316.33,35864,7730,8149,0,16465,13681
2024-12-01,38,Analytics,64386,5365.5,25882,4080,4740,0,2061,32002
2024-12-01,39,Security,16961,1413.42,10411,11749,245,0,8463,27918
2024-12-01,40,Enterprise,35509,2959.08,28070,7596,9960,0,1729,8444
2024-12-01,41,Security,77227,6435.58,13734,4825,216,0,23180,10532
2024-12-01,42,Enterprise,66423,5535.25,46276,1440,4797,0,16779,33165
2024-12-01,43,Analytics,91940,7661.67,37410,15524,3878,0,13863,5532
2024-12-01,44,Analytics,49836,4153.0,6214,19826,1137,0,22598,7350
2024-12-01,45,Enterprise,69783,5815.25,6844,15140,8238,0,16741,4282
2024-12-01,46,Enterprise,77856,6488.0,26978,7265,9485,0,4359,29658
2024-12-01,47,Analytics,42236,3519.67,41287,19536,9723,0,27701,3183
2024-12-01,48,AI Suite,99720,8310.0,7719,8130,4201,0,22236,17361
2024-12-01,49,Enterprise,84861,7071.75,49201,9304,9576,0,4162,15727
2024-12-01,50,Security,121671,10139.25,28510,7443,6893,0,25634,7817
2024-12-01,51,Analytics,90100,7508.33,44193,14295,6332,0,23661,33357
2024-12-01,52,Analytics,143277,11939.75,2329,11638,8071,0,27775,13261
2024-12-01,53,Core Platform,81913,6826.08,7413,10974,7158,0,122,1311
2024-12-01,54,Security,122443,10203.58,17860,12514,9553,0,21575,22647
2024-12-01,55,Analytics,73303,6108.58,9005,15875,3408,0,18800,665
2024-12-01,56,Analytics,60865,5072.08,29174,10157,6777,0,21908,7130
2024-12-01,57,AI Suite,92666,7722.17,29019,6601,2236,0,11488,8910
2024-12-01,58,AI Suite,128468,10705.67,26139,10415,5104,0,850,39607
2024-12-01,59,Analytics,101914,8492.83,46006,562,5594,0,9066,7075
2024-12-01,60,AI Suite,68855,5737.92,14969,12382,2961,0,7139,7844
2024-12-01,61,Analytics,27755,2312.92,12905,19714,9079,0,26775,27371
2024-12-01,62,Enterprise,153803,12816.92,9174,10341,2197,0,8601,31936
2024-12-01,63,Security,17452,1454.33,19779,12923,1007,0,16148,8488
2024-12-01,64,Security,89287,7440.58,5063,16039,3341,0,7186,2846
2024-12-01,65,AI Suite,35402,2950.17,16479,3650,971,0,14601,35536
2024-12-01,66,Core Platform,101958,8496.5,28858,10315,3535,0,12700,3658
2024-12-01,67,AI Suite,3570,297.5,24441,2071,6981,0,16410,18119
2024-12-01,68,AI Suite,35784,2982.0,49045,14574,4923,0,24621,21495
2024-12-01,69,Analytics,123562,10296.83,23513,8583,2060,0,14963,21242
2024-12-01,70,AI Suite,20239,1686.58,29152,12102,1457,0,28611,37038
2024-12-01,71,Core Platform,48860,4071.67,41700,1278,1779,0,26142,13885
2024-12-01,72,Core Platform,123983,10331.92,29239,2157,6290,0,24999,4165
2024-12-01,73,Enterprise,84584,7048.67,37689,18614,4352,0,27504,7599
2024-12-01,74,AI Suite,49860,4155.0,44520,13134,8539,0,176,18352
2024-12-01,75,Core Platform,72843,6070.25,33585,11147,8222,0,17345,15228
2024-12-01,76,Core Platform,88323,7360.25,21976,11736,3742,0,20187,38822
2024-12-01,77,Analytics,118093,9841.08,13231,11866,3994,0,21202,28316
2024-12-01,78,Enterprise,150958,12579.83,28693,2254,438,0,22506,4015
2024-12-01,79,Security,61768,5147.33,23983,18406,1606,0,5760,24005
2024-12-01,80,Analytics,136489,11374.08,17670,19285,6185,0,26706,20292
2024-12-01,81,Enterprise,147312,12276.0,13364,10619,9628,0,10373,11486
2024-12-01,82,Analytics,56876,4739.67,5679,1226,594,0,4597,11898
2024-12-01,83,Analytics,105446,8787.17,40277,4103,4420,0,20509,21708
2024-12-01,84,Analytics,34170,2847.5,12210,9342,7043,0,26152,22025
2024-12-01,85,Core Platform,98400,8200.0,13372,9915,6923,0,18334,11428
2024-12-01,86,Analytics,37634,3136.17,19848,18709,3456,0,20662,13669
2024-12-01,87,Security,2406,200.5,37134,11208,8802,133076,18834,24319
2024-12-01,88,AI Suite,52619,4384.92,19373,14278,28,0,21974,10414
2024-12-01,89,Core Platform,108355,9029.58,13117,19973,2473,0,24926,9380
2024-12-01,90,Enterprise,122998,10249.83,7078,6043,1118,0,26393,28043
2024-12-01,91,Analytics,27305,2275.42,18224,19496,6013,0,5268,38197
2024-12-01,92,Core Platform,98416,8201.33,2262,879,2919,0,28508,33557
2024-12-01,93,Enterprise,68189,5682.42,34785,14743,6773,0,5931,27225
2024-12-01,94,AI Suite,157094,13091.17,43284,13817,529,0,15740,34346
2024-12-01,95,AI Suite,130004,10833.67,1476,5096,5251,0,29758,6363
2024-12-01,96,AI Suite,53217,4434.75,15953,9573,3584,0,2058,12199
2024-12-01,97,Analytics,62213,5184.42,6666,19816,4429,0,11766,2102
2024-12-01,98,Core Platform,73626,6135.5,45586,14606,6114,0,22695,458
2024-12-01,99,Analytics,42787,3565.58,17343,2795,3597,0,28711,38019
2024-12-01,100,Core Platform,82357,6863.08,48889,401,362,0,370,33569
2024-12-01,101,AI Suite,34683,2890.25,43208,15370,4646,0,7709,34498
2024-12-01,102,Security,20567,1713.92,16701,7168,7350,0,28601,32882
2024-12-01,103,AI Suite,119311,9942.58,41303,17006,459,0,17916,18152
2024-12-01,104,Analytics,25182,2098.5,19185,11115,4966,0,27257,38384
2024-12-01,105,Enterprise,137774,11481.17,9859,16371,7424,0,8207,4955
2024-12-01,106,Enterprise,0,0.0,34199,1569,9960,0,128,8804
2024-12-01,107,Analytics,137781,11481.75,24474,18713,233,0,6995,15866
2024-12-01,108,AI Suite,111329,9277.42,13481,18788,7309,0,17139,15526
2024-12-01,109,Analytics,102767,8563.92,38806,16221,9372,0,12248,26944
2024-12-01,110,AI Suite,50147,4178.92,22522,9330,7661,0,23604,28889
2024-12-01,111,Analytics,119426,9952.17,9553,2430,8361,0,22439,1325
2024-12-01,112,Core Platform,115222,9601.83,49129,11773,281,0,10279,3715
2024-12-01,113,Analytics,120709,10059.08,25140,1031,7410,0,9990,19357
2024-12-01,114,Analytics,65645,5470.42,14729,1586,8786,0,11441,12789
2024-12-01,115,Core Platform,47408,3950.67,18519,5791,5328,0,18472,17457
2024-12-01,116,Core Platform,130009,10834.08,21605,1998,7128,0,788,1598
2024-12-01,117,Analytics,40855,3404.58,20515,17114,640,0,4409,29004
2024-12-01,118,Enterprise,37816,3151.33,43122,13589,3988,0,774,18816
2024-12-01,119,Security,51631,4302.58,16839,1113,9605,0,16492,27345
2024-12-01,120,Analytics,50988,4249.0,10559,14866,5915,0,24145,33286
2024-12-01,121,Analytics,54022,4501.83,29497,17174,2405,0,25195,8918
2024-12-01,122,AI Suite,123203,10266.92,34000,2785,6966,0,14365,35571
2024-12-01,123,AI Suite,132757,11063.08,11461,648,4932,0,22461,8375
2024-12-01,124,Core Platform,13203,1100.25,33905,2956,4339,0,4010,12647
2024-12-01,125,AI Suite,135052,11254.33,23527,4954,5814,0,14017,16076
2024-12-01,126,Core Platform,18537,1544.75,19860,7777,4273,0,14802,6414
2024-12-01,127,Analytics,33510,2792.5,8340,13198,9498,0,4361,4981
2024-12-01,128,Analytics,79652,6637.67,45407,10479,5835,0,2393,23603
2024-12-01,129,Analytics,40967,3413.92,15626,10267,901,0,28481,12467
2024-12-01,130,Enterprise,96924,8077.0,3989,12468,8842,0,1578,26379
2024-12-01,131,Analytics,51568,4297.33,18377,10023,5881,0,4527,16572
2024-12-01,132,Security,27090,2257.5,18296,5671,5367,0,8739,6839
2024-12-01,133,Analytics,65858,5488.17,10801,18794,1240,0,3163,11667
2024-12-01,134,Core Platform,22523,1876.92,34765,6381,866,0,9092,25472
2024-12-01,135,Analytics,112428,9369.0,3078,523,122,0,19676,16062
2024-12-01,136,Security,16587,1382.25,48071,6831,4446,0,1783,26240
2024-12-01,137,Analytics,83960,6996.67,44145,19713,9434,0,27489,20183
2024-12-01,138,Enterprise,127078,10589.83,49575,12209,2915,0,18681,14277
2024-12-01,139,AI Suite,110379,9198.25,2598,3429,876,0,24483,28595
2024-12-01,140,Security,146825,12235.42,22212,19614,3153,0,17683,15031
2024-12-01,141,Security,107114,8926.17,12081,3623,6537,0,256,12458
2024-12-01,142,Enterprise,75087,6257.25,34044,13950,761,0,8799,23944
2024-12-01,143,AI Suite,131190,10932.5,11016,1201,6861,0,14224,917
2024-12-01,144,Core Platform,115024,9585.33,25563,1236,9673,0,16674,7053
2024-12-01,145,Analytics,39112,3259.33,27070,18965,9614,0,28938,23907
2024-12-01,146,Analytics,102490,8540.83,48034,9352,4604,0,14357,19470
2024-12-01,147,AI Suite,49703,4141.92,24309,10629,4735,0,928,19460
2024-12-01,148,AI Suite,103630,8635.83,37237,19826,5607,0,144,20161
2024-12-01,149,Enterprise,61291,5107.58,37623,7954,4534,0,28954,5817
2024-12-01,150,Security,122563,10213.58,44310,3255,9274,0,15860,29056
2024-12-01,151,AI Suite,109963,9163.58,14387,683,9407,0,26871,37826
2024-12-01,152,Enterprise,137599,11466.58,30853,6215,1600,0,2993,21579
2024-12-01,153,Security,56662,4721.83,18543,4469,2563,0,602,8694
2024-12-01,154,Security,38337,3194.75,34934,12597,2809,0,1802,12431
2024-12-01,155,Analytics,25737,2144.75,43681,19754,5866,0,12070,31665
2024-12-01,156,Analytics,51480,4290.0,45351,7441,5535,0,10089,34061
2024-12-01,157,Core Platform,41141,3428.42,44179,12409,451,0,3302,39753
2024-12-01,158,Analytics,11747,978.92,33019,1235,4070,0,26192,38511
2024-12-01,159,Analytics,86343,7195.25,32730,18311,4164,0,24694,14477
2024-12-01,160,Analytics,42959,3579.92,26839,15820,9161,0,23197,19873
2024-12-01,161,Core Platform,67421,5618.42,39850,7583,4928,0,4649,26550
2024-12-01,162,Core Platform,113353,9446.08,49976,11371,9001,0,12962,27740
2024-12-01,163,Core Platform,118516,9876.33,13051,16732,5791,0,6451,22081
2024-12-01,164,Core Platform,25616,2134.67,48013,16598,9751,0,10168,6104
2024-12-01,165,Analytics,42458,3538.17,49583,14322,6225,0,23076,28170
2024-12-01,166,Core Platform,148061,12338.42,49857,13311,2543,0,19467,23941
2024-12-01,167,Analytics,98813,8234.42,38383,3606,9822,0,24767,26658
2024-12-01,168,Enterprise,135324,11277.0,19091,5076,8193,0,23221,35866
2024-12-01,169,Security,139792,11649.33,45755,8385,4241,0,1653,35953
2024-12-01,170,Core Platform,113551,9462.58,8548,11532,1348,0,17251,39182
2024-12-01,171,Security,22774,1897.83,6538,13425,3705,0,20207,33329
2024-12-01,172,Security,134393,11199.42,17576,15869,3718,0,5783,8025
2024-12-01,173,Core Platform,120954,10079.5,19543,18617,7092,0,29607,30518
2024-12-01,174,AI Suite,146715,12226.25,24461,12122,8826,0,4532,8276
2024-12-01,175,AI Suite,37309,3109.08,42170,19402,5807,0,20280,28019
2024-12-01,176,AI Suite,53660,4471.67,23033,14851,9394,0,3521,35703
2024-12-01,177,Analytics,132964,11080.33,3299,8466,3157,0,10580,19013
2024-12-01,178,Analytics,92721,7726.75,32492,992,9690,0,4795,11789
2024-12-01,179,Security,127470,10622.5,13338,6476,2543,0,23545,8975
2024-12-01,180,AI Suite,51000,4250.0,38782,8426,1067,0,10680,26318
2024-12-01,181,Security,142595,11882.92,37778,6774,7905,0,3748,4608
2024-12-01,182,Enterprise,85164,7097.0,48195,6397,7337,0,27089,15780
2024-12-01,183,Security,119470,9955.83,19607,18534,9476,0,21513,32602
2024-12-01,184,Core Platform,145682,12140.17,38121,16476,3892,0,16378,23987
2024-12-01,185,Security,3299,274.92,31668,1394,6254,0,28534,10832
2024-12-01,186,Enterprise,22447,1870.58,31637,6533,3759,0,23127,25467
2024-12-01,187,Analytics,111490,9290.83,38222,6240,6158,0,6716,12168
2024-12-01,188,Enterprise,32716,2726.33,11945,4776,2358,0,25215,33191
2024-12-01,189,AI Suite,144706,12058.83,26090,7046,2919,0,11495,38179
2024-12-01,190,Enterprise,124020,10335.0,13094,15682,3381,0,17870,21607
2024-12-01,191,AI Suite,108792,9066.0,8197,13595,2656,0,27478,12981
2024-12-01,192,AI Suite,121834,10152.83,33012,9988,3617,0,26306,21898
2024-12-01,193,AI Suite,37441,3120.08,46948,4333,6554,0,19121,34524
2024-12-01,194,Enterprise,98920,8243.33,43102,19496,4147,0,3511,14424
2024-12-01,195,Enterprise,9135,761.25,41296,2127,599,0,20829,15513
2024-12-01,196,Enterprise,129728,10810.67,15685,4399,9957,0,18470,19569
2024-12-01,197,Enterprise,84289,7024.08,47565,2738,4986,0,6215,19232
2024-12-01,198,Security,27122,2260.17,14584,349,3251,0,27371,302
2024-12-01,199,AI Suite,81268,6772.33,12935,3881,8701,0,25670,5310
2024-12-01,200,AI Suite,136473,11372.75,31518,7629,6710,0,10291,19513
2024-12-01,201,AI Suite,140370,11697.5,6710,5714,7065,0,20959,16249
2024-12-01,202,Core Platform,30442,2536.83,12037,10843,3172,0,13840,6665
2024-12-01,203,Core Platform,125085,10423.75,27011,167,6020,0,3950,16027
2024-12-01,204,Security,144477,12039.75,46668,12559,5356,0,4593,36828
2024-12-01,205,Core Platform,69323,5776.92,45316,431,9784,0,18036,26354
2024-12-01,206,AI Suite,113918,9493.17,42363,19212,5654,0,5422,32746
2024-12-01,207,AI Suite,62363,5196.92,11779,7114,9054,0,16500,18360
2024-12-01,208,Analytics,118133,9844.42,44450,12720,5236,0,15852,29939
2024-12-01,209,Security,49633,4136.08,25553,1304,5059,0,1303,18045
2024-12-01,210,AI Suite,104879,8739.92,23235,16681,106,0,18155,2649
2024-12-01,211,Security,152596,12716.33,11264,15609,267,0,8122,11504
2024-12-01,212,Enterprise,89416,7451.33,21328,18351,579,0,11326,15315
2024-12-01,213,Security,56301,4691.75,30633,2258,471,0,18998,36906
2024-12-01,214,Enterprise,97657,8138.08,15358,18937,2841,0,11116,17607
2024-12-01,215,AI Suite,69644,5803.67,23777,506,1743,0,24700,33081
2024-12-01,216,Security,10235,852.92,3082,3723,5917,0,7740,39087
2024-12-01,217,Enterprise,52314,4359.5,27144,1044,2687,0,22993,10679
2024-12-01,218,Analytics,64137,5344.75,35060,4771,3903,0,17988,11819
2024-12-01,219,AI Suite,48237,4019.75,46410,17871,5589,0,27076,15075
2024-12-01,220,AI Suite,66018,5501.5,49095,16270,7709,0,831,13613
2024-12-01,221,AI Suite,158415,13201.25,6801,11227,2454,0,16373,30922
2024-12-01,222,Analytics,70471,5872.58,29347,7697,8737,0,11574,8236
2024-12-01,223,Core Platform,150179,12514.92,13050,11439,4577,0,4757,16405
2024-12-01,224,Core Platform,32501,2708.42,45785,16904,8563,0,12274,17651
2024-12-01,225,Core Platform,156464,13038.67,9010,19954,9191,0,19707,3356
2024-12-01,226,Core Platform,20077,1673.08,10160,8319,5812,0,13209,24084
2024-12-01,227,Security,96355,8029.58,14056,19246,420,0,523,27592
2024-12-01,228,Enterprise,58964,4913.67,12784,10180,8070,0,6929,34661
2024-12-01,229,Security,78803,6566.92,44093,7975,40,0,15216,21504
2024-12-01,230,Enterprise,52381,4365.08,23808,13104,4151,0,22325,19515
2024-12-01,231,Security,139432,11619.33,14295,9850,829,0,3339,1543
2024-12-01,232,Security,16713,1392.75,49673,14906,4197,0,21063,21551
2024-12-01,233,Enterprise,54095,4507.92,35054,18178,7474,0,3945,32239
2024-12-01,234,Core Platform,93376,7781.33,28934,16213,9957,0,16121,28889
2024-12-01,235,AI Suite,36080,3006.67,39099,3154,7161,0,7957,20084
2024-12-01,236,AI Suite,37809,3150.75,26589,3750,7993,0,25219,28209
2024-12-01,237,Analytics,132560,11046.67,39000,3406,5192,0,15842,19646
2024-12-01,238,AI Suite,140611,11717.58,48689,15406,2224,0,25151,12844
2024-12-01,239,Core Platform,22340,1861.67,36859,1106,2363,0,4544,13118
2024-12-01,240,Core Platform,44138,3678.17,14584,17272,8570,0,20561,34845
2024-12-01,241,AI Suite,123204,10267.0,17667,14953,4961,0,15585,2738
2024-12-01,242,AI Suite,46075,3839.58,49565,18778,9914,0,150,3200
2024-12-01,243,Security,11349,945.75,3154,8910,3915,0,4393,2001
2024-12-01,244,AI Suite,149696,12474.67,24695,19782,3149,0,27831,8607
2024-12-01,245,Core Platform,80090,6674.17,18612,6113,9589,0,13194,30230
2024-12-01,246,Enterprise,149830,12485.83,49730,16422,5173,0,25893,12720
2024-12-01,247,Core Platform,23752,1979.33,46059,13813,4834,0,13651,8354
2024-12-01,248,Security,29201,2433.42,13163,7372,8222,0,17219,38976
2024-12-01,249,AI Suite,57636,4803.0,4134,9300,4470,0,18118,21878
2024-12-01,250,Core Platform,127185,10598.75,23694,11211,6623,0,11825,25987
2024-12-01,251,Enterprise,98767,8230.58,22340,5109,2694,0,22191,223
2024-12-01,252,Analytics,68374,5697.83,42200,6631,5149,0,1498,22564
2024-12-01,253,Core Platform,139944,11662.0,1102,6753,8064,0,23088,2805
2024-12-01,254,Enterprise,15407,1283.92,44505,775,5496,0,2341,15297
2024-12-01,255,Core Platform,83266,6938.83,41541,18441,4830,0,461,13176
2024-12-01,256,Analytics,73784,6148.67,29228,2983,4734,0,4264,11137
2024-12-01,257,Security,137050,11420.83,9729,15277,8694,0,7697,2430
2024-12-01,258,AI Suite,71509,5959.08,20014,14243,7711,0,28274,911
2024-12-01,259,AI Suite,129398,10783.17,27114,17302,1324,0,26386,29531
2024-12-01,260,Enterprise,123546,10295.5,12984,6051,7701,0,22968,37724
2024-12-01,261,Analytics,61675,5139.58,37590,12584,2147,0,11649,33296
2024-12-01,262,Enterprise,78446,6537.17,24927,2620,3246,0,26644,9992
2024-12-01,263,Analytics,85814,7151.17,5808,18531,8588,0,12218,7955
2024-12-01,264,Enterprise,130288,10857.33,26456,14206,5779,0,22872,14842
2024-12-01,265,Core Platform,112213,9351.08,38436,19740,9679,0,11835,18915
2024-12-01,266,Analytics,80368,6697.33,39589,12681,8470,0,3022,9869
2024-12-01,267,Security,140072,11672.67,34189,14996,2761,0,1579,30977
2024-12-01,268,Core Platform,140930,11744.17,27499,16032,5415,0,15361,22846
2024-12-01,269,Security,62626,5218.83,29343,13490,9768,0,26488,24059
2024-12-01,270,Analytics,40761,3396.75,1870,5929,152,0,19461,4916
2024-12-01,271,AI Suite,100338,8361.5,41252,914,2780,0,26798,27545
2024-12-01,272,AI Suite,76052,6337.67,38695,4180,4366,0,24857,39524
2024-12-01,273,Core Platform,0,0.0,45938,5493,6557,105099,16682,7517
2024-12-01,274,AI Suite,32112,2676.0,43678,15760,1726,0,9354,18293
2024-12-01,275,Analytics,65387,5448.92,40891,16414,4136,0,600,27505
2024-12-01,276,Analytics,110093,9174.42,48647,10169,7619,0,14907,6046
2024-12-01,277,Security,56519,4709.92,41839,545,8286,0,7395,9483
2024-12-01,278,AI Suite,106791,8899.25,16596,16564,3531,0,15656,3736
2024-12-01,279,Analytics,115450,9620.83,7847,11706,8690,0,14851,35300
2024-12-01,280,Analytics,121138,10094.83,14908,18692,5483,0,22963,23135
2024-12-01,281,Core Platform,23460,1955.0,14694,8207,8042,0,23581,10240
2024-12-01,282,Security,152513,12709.42,16002,12290,2870,0,12433,39083
2024-12-01,283,AI Suite,156108,13009.0,10278,19083,8375,0,15122,32160
2024-12-01,284,Enterprise,33690,2807.5,6577,15073,7020,0,26593,37046
2024-12-01,285,Analytics,120809,10067.42,33890,17259,4949,0,17707,2099
2024-12-01,286,Security,24459,2038.25,13062,16642,5779,0,21683,37424
2024-12-01,287,AI Suite,29327,2443.92,14865,5749,758,0,3722,23993
2024-12-01,288,Security,148604,12383.67,45529,2203,1506,0,26015,32358
2024-12-01,289,Enterprise,117080,9756.67,32493,19166,7826,0,17031,34793
2024-12-01,290,AI Suite,37371,3114.25,36401,8944,1557,0,8561,9673
2024-12-01,291,Security,33202,2766.83,8020,16503,5892,0,28679,39452
2024-12-01,292,AI Suite,124887,10407.25,31761,8221,7915,0,19458,6238
2024-12-01,293,Security,96928,8077.33,18194,5073,9774,0,2057,25416
2024-12-01,294,Enterprise,116746,9728.83,25921,17380,3249,0,2272,14498
2024-12-01,295,Analytics,18153,1512.75,45736,18060,8856,0,1611,14425
2024-12-01,296,Analytics,60053,5004.42,7952,6918,8273,0,25878,8729
2024-12-01,297,Analytics,138817,11568.08,8996,10046,4924,0,20274,18690
2024-12-01,298,AI Suite,73078,6089.83,4060,5204,2760,0,12622,1737
2024-12-01,299,Security,58962,4913.5,16367,3487,7948,0,7451,3962
2024-12-01,300,Security,51230,4269.17,20980,12738,1635,0,26002,21129
2024-12-01,301,Core Platform,59843,4986.92,12551,13428,2190,0,20437,6695
2024-12-01,302,Core Platform,3458,288.17,33762,7436,8979,0,22147,20908
2024-12-01,303,Analytics,8513,709.42,25190,16486,7973,74554,12386,1106
2024-12-01,304,Security,140348,11695.67,11713,15054,2690,0,4513,38923
2024-12-01,305,AI Suite,60712,5059.33,40508,18350,8232,0,14849,9382
2024-12-01,306,Analytics,140220,11685.0,19819,17099,5406,0,15725,28591
2024-12-01,307,Analytics,83842,6986.83,8024,11436,209,0,19006,28307
2024-12-01,308,Enterprise,100516,8376.33,5627,7559,1140,0,16565,38399
2024-12-01,309,Core Platform,69421,5785.08,5571,2579,2248,0,23976,22015
2024-12-01,310,Security,122894,10241.17,33005,15740,3080,0,13612,16432
2024-12-01,311,Core Platform,58487,4873.92,40218,16693,6480,0,24113,213
2024-12-01,312,Enterprise,40588,3382.33,2869,9618,6266,0,29784,19131
2024-12-01,313,AI Suite,116064,9672.0,8692,13188,9512,0,4845,18149
2024-12-01,314,Security,91695,7641.25,5625,12878,4968,0,28403,34423
2024-12-01,315,Core Platform,65588,5465.67,34160,15088,3382,0,4389,10314
2024-12-01,316,AI Suite,26706,2225.5,47350,16027,3636,0,8431,9190
2024-12-01,317,Enterprise,109221,9101.75,18159,15601,9936,0,7193,39040
2024-12-01,318,Core Platform,90794,7566.17,30608,17326,6074,0,23391,35345
2024-12-01,319,Enterprise,149886,12490.5,47051,14503,3614,0,18383,33627
2024-12-01,320,Analytics,40708,3392.33,28896,15317,150,0,16141,14838
2024-12-01,321,Security,26241,2186.75,13965,2638,2908,0,2831,2494
2024-12-01,322,Analytics,108285,9023.75,7473,11745,9488,0,18986,18844
2024-12-01,323,Security,33213,2767.75,27003,448,4073,0,6569,8405
2024-12-01,324,AI Suite,13968,1164.0,21206,6173,5274,0,937,22910
2024-12-01,325,Analytics,123308,10275.67,12181,8328,5971,0,16980,24146
2024-12-01,326,Core Platform,119381,9948.42,49067,6186,5677,0,23249,19709
2024-12-01,327,Enterprise,70435,5869.58,49087,5819,1330,0,12434,39805
2024-12-01,328,Analytics,88667,7388.92,44564,2952,9465,0,25925,38837
2024-12-01,329,Security,88591,7382.58,45771,4489,7015,0,26192,8005
2024-12-01,330,Security,90390,7532.5,17416,3653,7226,0,29417,27107
2024-12-01,331,Analytics,58302,4858.5,12826,16391,6678,0,8744,10383
2024-12-01,332,Security,118981,9915.08,19537,5212,4572,0,12083,31370
2024-12-01,333,Core Platform,18734,1561.17,48041,19295,9482,0,24006,17875
2024-12-01,334,Enterprise,25422,2118.5,40900,6931,4691,0,27601,13779
2024-12-01,335,Enterprise,58720,4893.33,33312,526,6768,0,27473,35875
2024-12-01,336,Enterprise,113124,9427.0,42666,12135,7218,0,9667,33906
2024-12-01,337,AI Suite,136820,11401.67,3353,8823,9691,0,18898,21469
2024-12-01,338,Security,138365,11530.42,26170,2165,4973,0,12567,31510
2024-12-01,339,Core Platform,54254,4521.17,29144,1598,1662,0,14326,12125
2024-12-01,340,AI Suite,83446,6953.83,36074,17962,4818,0,10029,28849
2024-12-01,341,Enterprise,25471,2122.58,30591,5925,8233,0,249,35441
2024-12-01,342,AI Suite,97775,8147.92,12236,10628,3096,0,17436,34472
2024-12-01,343,Core Platform,44373,3697.75,22203,18521,4040,0,8459,6289
2024-12-01,344,Core Platform,91735,7644.58,24076,8341,1275,0,4427,25301
2024-12-01,345,Security,8067,672.25,32106,6548,9633,0,12102,22936
2024-12-01,346,AI Suite,117598,9799.83,45165,8980,9676,0,28150,2671
2024-12-01,347,Security,122999,10249.92,28191,7206,6917,0,6047,32532
2024-12-01,348,Enterprise,40433,3369.42,23749,19901,8427,0,29137,5300
2024-12-01,349,Core Platform,136931,11410.92,49915,5531,7315,0,5149,15523
2024-12-01,350,Core Platform,61812,5151.0,17206,4440,6936,0,15210,8710
2024-12-01,351,Core Platform,120949,10079.08,10070,18263,5052,0,13595,25523
2024-12-01,352,Analytics,34182,2848.5,39081,3454,3584,0,2837,30402
2024-12-01,353,AI Suite,5029,419.08,45992,1174,3402,0,13887,27821
2024-12-01,354,AI Suite,50543,4211.92,41041,18150,7299,0,25941,13835
2024-12-01,355,Security,32039,2669.92,45363,5814,1358,0,12121,31805
2024-12-01,356,Analytics,112211,9350.92,33817,898,7762,0,13534,7202
2024-12-01,357,Enterprise,72768,6064.0,4100,254,3243,0,7104,7950
2024-12-01,358,Enterprise,136734,11394.5,37449,9141,9984,0,8957,5866
2024-12-01,359,Security,68134,5677.83,2719,11668,854,0,9051,38561
2024-12-01,360,Enterprise,18045,1503.75,49401,3877,8500,0,28241,24213
2024-12-01,361,Security,78605,6550.42,34321,13667,666,0,15222,27022
2024-12-01,362,Core Platform,86358,7196.5,16963,8436,1315,0,17379,810
2024-12-01,363,AI Suite,131412,10951.0,42682,9771,2246,0,18032,13535
2024-12-01,364,Analytics,69294,5774.5,11680,2213,7160,0,21064,12165
2024-12-01,365,Enterprise,154789,12899.08,6868,18869,5183,0,21655,33771
2024-12-01,366,Enterprise,72096,6008.0,47644,19177,5131,0,22966,8476
2024-12-01,367,Security,91265,7605.42,41086,16581,3067,0,29504,15269
2024-12-01,368,Core Platform,68852,5737.67,48440,19445,3316,0,15331,13080
2024-12-01,369,Core Platform,54124,4510.33,30086,8082,4532,0,22258,22320
2024-12-01,370,AI Suite,26899,2241.58,37203,19166,1229,0,25610,21489
2024-12-01,371,AI Suite,44135,3677.92,4727,17798,682,0,22715,34209
2024-12-01,372,AI Suite,50025,4168.75,35050,12013,4502,0,26625,5217
2024-12-01,373,Security,2607,217.25,31444,1783,8410,0,12191,8240
2024-12-01,374,Core Platform,123023,10251.92,8385,9648,9076,0,26333,39220
2024-12-01,375,Enterprise,150679,12556.58,10375,8971,1836,0,27023,33242
2024-12-01,376,Security,27460,2288.33,11117,11045,3554,0,11534,1248
2024-12-01,377,Security,110104,9175.33,1932,2434,7936,0,25193,33024
2024-12-01,378,Core Platform,142054,11837.83,43013,17911,4136,0,29546,7311
2024-12-01,379,Enterprise,92906,7742.17,39793,15590,7165,0,15623,37401
2024-12-01,380,Security,101711,8475.92,35911,3031,5442,0,26494,16739
2024-12-01,381,Enterprise,137597,11466.42,32207,16295,7322,0,5976,38140
2024-12-01,382,Core Platform,145990,12165.83,44582,16470,9410,0,8172,2645
2024-12-01,383,AI Suite,125509,10459.08,23732,11316,4887,0,9729,2122
2024-12-01,384,Security,25278,2106.5,24197,12680,5940,0,11807,33516
2024-12-01,385,Core Platform,133017,11084.75,4773,18333,7098,0,26798,31530
2024-12-01,386,AI Suite,100431,8369.25,4553,3886,8696,0,7240,15787
2024-12-01,387,Core Platform,105063,8755.25,8405,6000,2202,0,24779,18775
2024-12-01,388,Enterprise,14647,1220.58,26042,6234,8013,0,18695,14661
2024-12-01,389,Enterprise,74292,6191.0,16597,8819,4591,0,15360,15336
2024-12-01,390,Core Platform,119605,9967.08,13303,16445,9706,0,3004,25070
2024-12-01,391,Core Platform,121318,10109.83,16024,17829,3012,0,4481,35014
2024-12-01,392,Security,93502,7791.83,6928,19046,1134,0,348,23569
2024-12-01,393,Analytics,91862,7655.17,34653,8521,9155,0,13251,4757
2024-12-01,394,Analytics,139088,11590.67,14606,16449,2781,0,22237,3413
2024-12-01,395,Analytics,4064,338.67,10438,4958,9264,0,17236,38684
2024-12-01,396,AI Suite,131519,10959.92,7902,7696,1976,0,20782,27360
2024-12-01,397,Core Platform,134913,11242.75,12844,5358,1013,0,24783,2419
2024-12-01,398,AI Suite,142714,11892.83,18802,2138,6582,0,15213,14092
2024-12-01,399,Security,36237,3019.75,19989,2595,4581,0,13276,14670
2024-12-01,400,Analytics,72068,6005.67,32326,16190,7988,0,11315,16604
2024-12-01,401,Analytics,116841,9736.75,32659,17993,9812,0,4689,22694
2024-12-01,402,Analytics,54649,4554.08,30968,16678,5042,0,19969,1660
2024-12-01,403,AI Suite,154715,12892.92,44235,17494,2787,0,12437,23143
2024-12-01,404,Enterprise,90601,7550.08,42595,15118,7516,0,12832,30427
2024-12-01,405,Security,70248,5854.0,49847,9628,5211,0,14088,8018
2024-12-01,406,Core Platform,143905,11992.08,16151,19752,4936,0,25743,13678
2024-12-01,407,Security,44547,3712.25,26698,11838,7859,0,27124,18532
2024-12-01,408,AI Suite,102804,8567.0,26592,14913,7569,0,24690,11260
2024-12-01,409,Core Platform,94102,7841.83,5047,18802,6351,0,17789,18316
2024-12-01,410,Core Platform,16776,1398.0,15935,8996,4311,0,11462,1080
2024-12-01,411,AI Suite,152593,12716.08,20444,8108,1460,0,28875,25456
2024-12-01,412,Core Platform,93347,7778.92,41780,6150,5418,0,26834,20672
2024-12-01,413,AI Suite,59441,4953.42,29727,14980,11,0,23929,29271
2024-12-01,414,Analytics,100509,8375.75,13350,2942,1260,0,25134,2661
2024-12-01,415,Enterprise,138392,11532.67,21638,12090,9566,0,26437,14872
2024-12-01,416,Analytics,70536,5878.0,40083,841,9021,0,17217,6864
2024-12-01,417,Analytics,17805,1483.75,19123,7120,3463,0,11873,31135
2024-12-01,418,Security,40567,3380.58,40507,14931,8911,0,23525,39318
2024-12-01,419,Enterprise,55058,4588.17,6419,15450,9988,0,8755,1305
2024-12-01,420,Analytics,58958,4913.17,9011,9672,8607,0,22525,20121
2024-12-01,421,Enterprise,51902,4325.17,28206,10182,4636,0,27098,3150
2024-12-01,422,Analytics,44350,3695.83,7754,15814,3095,0,14464,31380
2024-12-01,423,Security,80583,6715.25,18857,16919,5952,0,13118,11998
2024-12-01,424,Enterprise,49844,4153.67,42316,16680,5275,0,29191,28234
2024-12-01,425,Enterprise,11793,982.75,20932,13118,1325,135697,28735,22155
2024-12-01,426,Analytics,57547,4795.58,1153,6571,1366,0,29296,1570
2024-12-01,427,Analytics,21299,1774.92,17115,13493,4795,0,66,7482
2024-12-01,428,Analytics,124814,10401.17,1608,3385,8899,0,8662,28107
2024-12-01,429,Core Platform,55739,4644.92,27936,8776,4584,0,8497,22926
2024-12-01,430,AI Suite,85286,7107.17,3530,7374,8790,0,4024,39428
2024-12-01,431,AI Suite,81691,6807.58,15397,5894,9387,0,22612,38084
2024-12-01,432,Core Platform,114761,9563.42,40435,416,1400,0,24278,38735
2024-12-01,433,Security,127610,10634.17,8895,19388,1601,0,25748,16710
2024-12-01,434,Analytics,51708,4309.0,39591,19671,6260,0,19661,11244
2024-12-01,435,AI Suite,75127,6260.58,1250,18127,5834,0,9046,25680
2024-12-01,436,Analytics,141869,11822.42,47311,10806,4510,0,19992,24606
2024-12-01,437,Enterprise,36457,3038.08,27512,14682,1244,0,27588,31695
2024-12-01,438,Security,127918,10659.83,49794,4252,7974,0,1809,32337
2024-12-01,439,Core Platform,21229,1769.08,47783,13571,5936,0,7666,22574
2024-12-01,440,AI Suite,127700,10641.67,45422,17894,4162,0,13308,35835
2024-12-01,441,Core Platform,74341,6195.08,12636,7372,9849,0,15574,25767
2024-12-01,442,AI Suite,101714,8476.17,21077,1051,9273,0,28709,23023
2024-12-01,443,Security,104773,8731.08,35267,15894,749,0,7862,16020
2024-12-01,444,AI Suite,146364,12197.0,18250,16635,1732,0,20191,29900
2024-12-01,445,Enterprise,148196,12349.67,48246,17203,8383,0,18396,16624
2024-12-01,446,Security,114617,9551.42,35651,14,6934,0,14023,26291
2024-12-01,447,Security,53780,4481.67,27197,16355,6335,0,15025,13792
2024-12-01,448,Analytics,86674,7222.83,43553,17802,1830,0,7069,20635
2024-12-01,449,Core Platform,101896,8491.33,34871,2339,3924,0,756,39911
2024-12-01,450,AI Suite,73530,6127.5,38846,17167,7355,0,26575,361
2024-12-01,451,Core Platform,120094,10007.83,40467,14165,120,0,194,32376
2024-12-01,452,AI Suite,92452,7704.33,30357,12916,1412,0,12820,38491
2024-12-01,453,AI Suite,56108,4675.67,11794,1134,6626,0,15900,10010
2024-12-01,454,Security,137831,11485.92,4002,1212,9871,0,2216,21485
2024-12-01,455,Analytics,107838,8986.5,17057,585,748,0,23758,11366
2024-12-01,456,Core Platform,59579,4964.92,36711,1412,9223,0,19616,735
2024-12-01,457,Analytics,89332,7444.33,14776,18825,8474,0,2297,17053
2024-12-01,458,AI Suite,150718,12559.83,34997,8709,1072,0,3310,10072
2024-12-01,459,Analytics,85851,7154.25,13165,15365,9963,0,2791,20181
2024-12-01,460,Security,91931,7660.92,32736,5233,5833,0,7104,9163
2024-12-01,461,Core Platform,85545,7128.75,11168,18624,6036,0,6958,14728
2024-12-01,462,Security,63171,5264.25,15897,5251,980,0,5278,28109
2024-12-01,463,AI Suite,93008,7750.67,22194,1488,4261,0,16288,433
2024-12-01,464,Core Platform,21527,1793.92,26257,424,9038,0,23962,13937
2024-12-01,465,AI Suite,119329,9944.08,45642,5466,5327,0,16337,38573
2024-12-01,466,Enterprise,34496,2874.67,7218,1538,5140,0,14655,35613
2024-12-01,467,Enterprise,76423,6368.58,3591,15048,8898,0,16700,20330
2024-12-01,468,AI Suite,117052,9754.33,39914,8062,5302,0,4273,3285
2024-12-01,469,AI Suite,7929,660.75,12563,8969,6343,0,27051,17717
2024-12-01,470,AI Suite,64503,5375.25,24153,17759,2301,0,13276,29083
2024-12-01,471,Analytics,142010,11834.17,1093,12489,9367,0,9489,32164
2024-12-01,472,Core Platform,126762,10563.5,21299,1301,2580,0,17344,35048
2024-12-01,473,Core Platform,18302,1525.17,38630,14251,3726,0,27287,9151
2024-12-01,474,Enterprise,106778,8898.17,7918,19743,9177,0,16104,2015
2024-12-01,475,Enterprise,4395,366.25,28952,7359,9657,0,14268,967
2024-12-01,476,AI Suite,44529,3710.75,6872,14550,6794,0,6808,8772
2024-12-01,477,Enterprise,35673,2972.75,28158,14484,3804,0,13003,17466
2024-12-01,478,AI Suite,91715,7642.92,14541,954,499,0,21959,30762
2024-12-01,479,Security,136155,11346.25,26097,8074,8323,0,2518,9639
2024-12-01,480,AI Suite,58946,4912.17,12287,11113,313,0,28457,21170
2024-12-01,481,AI Suite,134369,11197.42,24482,12100,8032,0,14293,33021
2024-12-01,482,Core Platform,106864,8905.33,30724,4478,4270,0,5816,12662
2024-12-01,483,AI Suite,30590,2549.17,13994,9231,7539,0,21028,12852
2024-12-01,484,Enterprise,154912,12909.33,2640,13032,7974,0,3005,26010
2024-12-01,485,Core Platform,84801,7066.75,28168,11033,7919,0,27572,37753
2024-12-01,486,Core Platform,10800,900.0,27013,5832,4824,0,9314,3226
2024-12-01,487,AI Suite,88970,7414.17,40702,7575,4310,0,10472,4163
2024-12-01,488,Security,132653,11054.42,7940,16657,8464,0,1455,19865
2024-12-01,489,Analytics,98020,8168.33,38184,7154,2177,0,15513,9204
2024-12-01,490,Enterprise,49096,4091.33,27365,17444,1621,0,9140,25101
2024-12-01,491,Analytics,15824,1318.67,38078,1032,6950,0,21496,8915
2024-12-01,492,Analytics,34783,2898.58,44991,18908,9722,0,7943,37838
2024-12-01,493,AI Suite,43307,3608.92,34106,1172,2882,0,21771,35986
2024-12-01,494,Core Platform,11987,998.92,40813,2486,5454,0,21474,16349
2024-12-01,495,AI Suite,59515,4959.58,37693,15703,6301,0,22201,37459
2024-12-01,496,Core Platform,49057,4088.08,16204,19490,1522,0,18143,30950
2024-12-01,497,AI Suite,60435,5036.25,20510,12866,863,0,4494,7021
2024-12-01,498,AI Suite,115894,9657.83,42963,11339,3911,0,8867,24399
2024-12-01,499,Enterprise,3860,321.67,45232,4472,612,98499,27115,19772
2024-12-01,500,Security,26381,2198.42,47388,18215,4541,0,15329,21042
